seed,event_rate,resource_scale,method,completed,total_tasks,urgent_satisfaction,mean_response,p1_response,weighted_response,started_tasks,unmet,lateness,travel,reassignments,withdrawals,violations,solve_seconds,solver_calls,fallback_calls,region_gini,unserved_regions,region_waits,lex_complete_calls,lex_proven_p1_calls
1,low,0.5,greedy,10,12,1.0,28.3,20.8,1057,10,5,23,252,0,1,0,0.006716600008076057,14,14,0.29739776951672864,1,"[{""node"":""N3"",""tasks"":1,""started"":1,""wait"":10.0,""unstarted"":0},{""node"":""N4"",""tasks"":3,""started"":3,""wait"":24.0,""unstarted"":0},{""node"":""N5"",""tasks"":3,""started"":2,""wait"":16.0,""unstarted"":1},{""node"":""N6"",""tasks"":1,""started"":0,""wait"":null,""unstarted"":1},{""node"":""N7"",""tasks"":2,""started"":2,""wait"":33.0,""unstarted"":0},{""node"":""N8"",""tasks"":2,""started"":2,""wait"":51.5,""unstarted"":0}]",,
1,low,0.5,static,4,12,0.4,17.5,17.5,280,4,20,0,135,0,0,0,0.012073199992300943,1,0,0.16428571428571428,2,"[{""node"":""N3"",""tasks"":1,""started"":1,""wait"":10.0,""unstarted"":0},{""node"":""N4"",""tasks"":3,""started"":1,""wait"":17.0,""unstarted"":2},{""node"":""N5"",""tasks"":3,""started"":1,""wait"":18.0,""unstarted"":2},{""node"":""N6"",""tasks"":1,""started"":0,""wait"":null,""unstarted"":1},{""node"":""N7"",""tasks"":2,""started"":1,""wait"":25.0,""unstarted"":1},{""node"":""N8"",""tasks"":2,""started"":0,""wait"":null,""unstarted"":2}]",,
1,low,0.5,rolling,10,12,1.0,24.3,24.8,977,10,5,7,245,0,0,0,0.09130060001916718,14,0,0.1433628318584071,1,"[{""node"":""N3"",""tasks"":1,""started"":1,""wait"":10.0,""unstarted"":0},{""node"":""N4"",""tasks"":3,""started"":3,""wait"":27.0,""unstarted"":0},{""node"":""N5"",""tasks"":3,""started"":2,""wait"":21.5,""unstarted"":1},{""node"":""N6"",""tasks"":1,""started"":0,""wait"":null,""unstarted"":1},{""node"":""N7"",""tasks"":2,""started"":2,""wait"":27.5,""unstarted"":0},{""node"":""N8"",""tasks"":2,""started"":2,""wait"":27.0,""unstarted"":0}]",,
1,low,0.5,lexicographic,9,12,1.0,28.1,24.8,1091,10,7,30,245,0,0,0,0.2367349000123795,14,0,0.23787878787878788,1,"[{""node"":""N3"",""tasks"":1,""started"":1,""wait"":10.0,""unstarted"":0},{""node"":""N4"",""tasks"":3,""started"":3,""wait"":27.0,""unstarted"":0},{""node"":""N5"",""tasks"":3,""started"":2,""wait"":21.5,""unstarted"":1},{""node"":""N6"",""tasks"":1,""started"":0,""wait"":null,""unstarted"":1},{""node"":""N7"",""tasks"":2,""started"":2,""wait"":46.5,""unstarted"":0},{""node"":""N8"",""tasks"":2,""started"":2,""wait"":27.0,""unstarted"":0}]",14,14
1,low,0.5,rolling_forecast,10,12,1.0,24.3,24.8,977,10,5,7,245,0,0,0,0.088875299989013,14,0,0.1433628318584071,1,"[{""node"":""N3"",""tasks"":1,""started"":1,""wait"":10.0,""unstarted"":0},{""node"":""N4"",""tasks"":3,""started"":3,""wait"":27.0,""unstarted"":0},{""node"":""N5"",""tasks"":3,""started"":2,""wait"":21.5,""unstarted"":1},{""node"":""N6"",""tasks"":1,""started"":0,""wait"":null,""unstarted"":1},{""node"":""N7"",""tasks"":2,""started"":2,""wait"":27.5,""unstarted"":0},{""node"":""N8"",""tasks"":2,""started"":2,""wait"":27.0,""unstarted"":0}]",,
1,medium,0.5,greedy,13,24,1.0,29.0625,16.125,1653,16,25,130,305,7,8,0,0.013266700014355592,18,18,0.30118662351672065,1,"[{""node"":""N3"",""tasks"":5,""started"":4,""wait"":18.0,""unstarted"":1},{""node"":""N4"",""tasks"":6,""started"":5,""wait"":28.6,""unstarted"":1},{""node"":""N5"",""tasks"":7,""started"":5,""wait"":27.8,""unstarted"":2},{""node"":""N6"",""tasks"":1,""started"":0,""wait"":null,""unstarted"":1},{""node"":""N7"",""tasks"":2,""started"":1,""wait"":25.0,""unstarted"":1},{""node"":""N8"",""tasks"":3,""started"":1,""wait"":86.0,""unstarted"":2}]",,
1,medium,0.5,static,4,24,0.25,17.5,17.5,280,4,45,0,135,0,0,0,0.009858000004896894,1,0,0.16428571428571428,2,"[{""node"":""N3"",""tasks"":5,""started"":1,""wait"":10.0,""unstarted"":4},{""node"":""N4"",""tasks"":6,""started"":1,""wait"":17.0,""unstarted"":5},{""node"":""N5"",""tasks"":7,""started"":1,""wait"":18.0,""unstarted"":6},{""node"":""N6"",""tasks"":1,""started"":0,""wait"":null,""unstarted"":1},{""node"":""N7"",""tasks"":2,""started"":1,""wait"":25.0,""unstarted"":1},{""node"":""N8"",""tasks"":3,""started"":0,""wait"":null,""unstarted"":3}]",,
1,medium,0.5,rolling,15,24,1.0,20.3125,16.125,1233,16,21,12,265,2,9,0,0.9040636000427185,18,0,0.29532710280373836,1,"[{""node"":""N3"",""tasks"":5,""started"":3,""wait"":9.0,""unstarted"":2},{""node"":""N4"",""tasks"":6,""started"":5,""wait"":18.2,""unstarted"":1},{""node"":""N5"",""tasks"":7,""started"":5,""wait"":16.2,""unstarted"":2},{""node"":""N6"",""tasks"":1,""started"":0,""wait"":null,""unstarted"":1},{""node"":""N7"",""tasks"":2,""started"":2,""wait"":41.0,""unstarted"":0},{""node"":""N8"",""tasks"":3,""started"":1,""wait"":44.0,""unstarted"":2}]",,
1,medium,0.5,lexicographic,15,24,1.0,27.647058823529413,16.125,1668,17,21,99,293,5,3,0,1.5403545000153827,18,0,0.29126096159661324,1,"[{""node"":""N3"",""tasks"":5,""started"":4,""wait"":22.25,""unstarted"":1},{""node"":""N4"",""tasks"":6,""started"":5,""wait"":21.6,""unstarted"":1},{""node"":""N5"",""tasks"":7,""started"":4,""wait"":15.0,""unstarted"":3},{""node"":""N6"",""tasks"":1,""started"":0,""wait"":null,""unstarted"":1},{""node"":""N7"",""tasks"":2,""started"":2,""wait"":41.0,""unstarted"":0},{""node"":""N8"",""tasks"":3,""started"":2,""wait"":65.5,""unstarted"":1}]",17,18
1,medium,0.5,rolling_forecast,15,24,1.0,20.3125,16.125,1233,16,21,12,265,2,9,0,0.9583576000295579,18,0,0.29532710280373836,1,"[{""node"":""N3"",""tasks"":5,""started"":3,""wait"":9.0,""unstarted"":2},{""node"":""N4"",""tasks"":6,""started"":5,""wait"":18.2,""unstarted"":1},{""node"":""N5"",""tasks"":7,""started"":5,""wait"":16.2,""unstarted"":2},{""node"":""N6"",""tasks"":1,""started"":0,""wait"":null,""unstarted"":1},{""node"":""N7"",""tasks"":2,""started"":2,""wait"":41.0,""unstarted"":0},{""node"":""N8"",""tasks"":3,""started"":1,""wait"":44.0,""unstarted"":2}]",,
1,high,0.5,greedy,14,36,0.5454545454545454,37.05263157894737,39.35294117647059,3450,19,45,190,359,18,22,0,0.05055870006617624,31,31,0.1378161441768893,0,"[{""node"":""N3"",""tasks"":7,""started"":3,""wait"":25.0,""unstarted"":4},{""node"":""N4"",""tasks"":7,""started"":4,""wait"":28.75,""unstarted"":3},{""node"":""N5"",""tasks"":9,""started"":5,""wait"":51.6,""unstarted"":4},{""node"":""N6"",""tasks"":4,""started"":2,""wait"":43.0,""unstarted"":2},{""node"":""N7"",""tasks"":5,""started"":4,""wait"":32.75,""unstarted"":1},{""node"":""N8"",""tasks"":4,""started"":1,""wait"":39.0,""unstarted"":3}]",,
1,high,0.5,static,4,36,0.09090909090909091,17.5,17.5,280,4,66,0,135,0,0,0,0.010039200002211146,1,0,0.16428571428571428,2,"[{""node"":""N3"",""tasks"":7,""started"":1,""wait"":10.0,""unstarted"":6},{""node"":""N4"",""tasks"":7,""started"":1,""wait"":17.0,""unstarted"":6},{""node"":""N5"",""tasks"":9,""started"":1,""wait"":18.0,""unstarted"":8},{""node"":""N6"",""tasks"":4,""started"":0,""wait"":null,""unstarted"":4},{""node"":""N7"",""tasks"":5,""started"":1,""wait"":25.0,""unstarted"":4},{""node"":""N8"",""tasks"":4,""started"":0,""wait"":null,""unstarted"":4}]",,
1,high,0.5,rolling,19,36,0.5909090909090909,27.954545454545453,26.125,2681,22,35,157,337,17,23,0,3.145511200011242,31,0,0.3378519172838667,0,"[{""node"":""N3"",""tasks"":7,""started"":5,""wait"":25.6,""unstarted"":2},{""node"":""N4"",""tasks"":7,""started"":3,""wait"":19.0,""unstarted"":4},{""node"":""N5"",""tasks"":9,""started"":7,""wait"":14.142857142857142,""unstarted"":2},{""node"":""N6"",""tasks"":4,""started"":2,""wait"":33.0,""unstarted"":2},{""node"":""N7"",""tasks"":5,""started"":3,""wait"":28.0,""unstarted"":2},{""node"":""N8"",""tasks"":4,""started"":2,""wait"":90.5,""unstarted"":2}]",,
1,high,0.5,lexicographic,18,36,0.6818181818181818,29.42105263157895,29.0,2605,19,38,159,350,18,67,0,3.127951700022095,31,2,0.29370529327610867,0,"[{""node"":""N3"",""tasks"":7,""started"":3,""wait"":21.666666666666668,""unstarted"":4},{""node"":""N4"",""tasks"":7,""started"":3,""wait"":18.666666666666668,""unstarted"":4},{""node"":""N5"",""tasks"":9,""started"":6,""wait"":14.833333333333334,""unstarted"":3},{""node"":""N6"",""tasks"":4,""started"":1,""wait"":26.0,""unstarted"":3},{""node"":""N7"",""tasks"":5,""started"":4,""wait"":48.5,""unstarted"":1},{""node"":""N8"",""tasks"":4,""started"":2,""wait"":64.5,""unstarted"":2}]",22,23
1,high,0.5,rolling_forecast,19,36,0.6363636363636364,25.045454545454547,25.705882352941178,2527,22,35,104,319,17,17,0,3.010232500048005,31,0,0.262835209295088,1,"[{""node"":""N3"",""tasks"":7,""started"":4,""wait"":16.25,""unstarted"":3},{""node"":""N4"",""tasks"":7,""started"":4,""wait"":16.0,""unstarted"":3},{""node"":""N5"",""tasks"":9,""started"":7,""wait"":14.857142857142858,""unstarted"":2},{""node"":""N6"",""tasks"":4,""started"":2,""wait"":45.0,""unstarted"":2},{""node"":""N7"",""tasks"":5,""started"":5,""wait"":45.6,""unstarted"":0},{""node"":""N8"",""tasks"":4,""started"":0,""wait"":null,""unstarted"":4}]",,
5,low,0.5,greedy,10,12,1.0,24.0,17.0,890,10,5,6,241,0,1,0,0.007841100014047697,14,14,0.2878612716763006,1,"[{""node"":""N3"",""tasks"":1,""started"":1,""wait"":9.0,""unstarted"":0},{""node"":""N4"",""tasks"":3,""started"":3,""wait"":18.333333333333332,""unstarted"":0},{""node"":""N5"",""tasks"":3,""started"":2,""wait"":15.0,""unstarted"":1},{""node"":""N6"",""tasks"":1,""started"":0,""wait"":null,""unstarted"":1},{""node"":""N7"",""tasks"":2,""started"":2,""wait"":30.0,""unstarted"":0},{""node"":""N8"",""tasks"":2,""started"":2,""wait"":43.0,""unstarted"":0}]",,
5,low,0.5,static,4,12,0.4,17.5,18.0,282,4,20,0,141,0,0,0,0.01568579999729991,1,0,0.19285714285714287,2,"[{""node"":""N3"",""tasks"":1,""started"":1,""wait"":9.0,""unstarted"":0},{""node"":""N4"",""tasks"":3,""started"":1,""wait"":15.0,""unstarted"":2},{""node"":""N5"",""tasks"":3,""started"":1,""wait"":21.0,""unstarted"":2},{""node"":""N6"",""tasks"":1,""started"":0,""wait"":null,""unstarted"":1},{""node"":""N7"",""tasks"":2,""started"":1,""wait"":25.0,""unstarted"":1},{""node"":""N8"",""tasks"":2,""started"":0,""wait"":null,""unstarted"":2}]",,
5,low,0.5,rolling,10,12,1.0,21.5,20.4,849,10,5,0,233,0,0,0,0.09572250000201166,14,0,0.16596434359805512,1,"[{""node"":""N3"",""tasks"":1,""started"":1,""wait"":9.0,""unstarted"":0},{""node"":""N4"",""tasks"":3,""started"":3,""wait"":18.333333333333332,""unstarted"":0},{""node"":""N5"",""tasks"":3,""started"":2,""wait"":23.5,""unstarted"":1},{""node"":""N6"",""tasks"":1,""started"":0,""wait"":null,""unstarted"":1},{""node"":""N7"",""tasks"":2,""started"":2,""wait"":27.0,""unstarted"":0},{""node"":""N8"",""tasks"":2,""started"":2,""wait"":25.0,""unstarted"":0}]",,
5,low,0.5,lexicographic,10,12,1.0,22.0,20.4,864,10,5,0,233,0,0,0,0.18380279996199533,14,0,0.1810126582278481,1,"[{""node"":""N3"",""tasks"":1,""started"":1,""wait"":9.0,""unstarted"":0},{""node"":""N4"",""tasks"":3,""started"":3,""wait"":18.333333333333332,""unstarted"":0},{""node"":""N5"",""tasks"":3,""started"":2,""wait"":23.5,""unstarted"":1},{""node"":""N6"",""tasks"":1,""started"":0,""wait"":null,""unstarted"":1},{""node"":""N7"",""tasks"":2,""started"":2,""wait"":29.5,""unstarted"":0},{""node"":""N8"",""tasks"":2,""started"":2,""wait"":25.0,""unstarted"":0}]",14,14
5,low,0.5,rolling_forecast,10,12,1.0,21.5,20.4,849,10,5,0,233,0,0,0,0.08421360004285816,14,0,0.16596434359805512,1,"[{""node"":""N3"",""tasks"":1,""started"":1,""wait"":9.0,""unstarted"":0},{""node"":""N4"",""tasks"":3,""started"":3,""wait"":18.333333333333332,""unstarted"":0},{""node"":""N5"",""tasks"":3,""started"":2,""wait"":23.5,""unstarted"":1},{""node"":""N6"",""tasks"":1,""started"":0,""wait"":null,""unstarted"":1},{""node"":""N7"",""tasks"":2,""started"":2,""wait"":27.0,""unstarted"":0},{""node"":""N8"",""tasks"":2,""started"":2,""wait"":25.0,""unstarted"":0}]",,
5,medium,0.5,greedy,14,24,1.0,22.733333333333334,20.272727272727273,1469,15,24,49,329,13,10,0,0.01997339999070391,21,21,0.13617634940255463,0,"[{""node"":""N3"",""tasks"":4,""started"":3,""wait"":14.0,""unstarted"":1},{""node"":""N4"",""tasks"":5,""started"":3,""wait"":28.333333333333332,""unstarted"":2},{""node"":""N5"",""tasks"":3,""started"":2,""wait"":14.5,""unstarted"":1},{""node"":""N6"",""tasks"":3,""started"":2,""wait"":26.0,""unstarted"":1},{""node"":""N7"",""tasks"":5,""started"":4,""wait"":27.0,""unstarted"":1},{""node"":""N8"",""tasks"":4,""started"":1,""wait"":25.0,""unstarted"":3}]",,
5,medium,0.5,static,4,24,0.18181818181818182,17.5,18.0,282,4,47,0,141,0,0,0,0.013699200004339218,1,0,0.19285714285714287,2,"[{""node"":""N3"",""tasks"":4,""started"":1,""wait"":9.0,""unstarted"":3},{""node"":""N4"",""tasks"":5,""started"":1,""wait"":15.0,""unstarted"":4},{""node"":""N5"",""tasks"":3,""started"":1,""wait"":21.0,""unstarted"":2},{""node"":""N6"",""tasks"":3,""started"":0,""wait"":null,""unstarted"":3},{""node"":""N7"",""tasks"":5,""started"":1,""wait"":25.0,""unstarted"":4},{""node"":""N8"",""tasks"":4,""started"":0,""wait"":null,""unstarted"":4}]",,
5,medium,0.5,rolling,16,24,1.0,24.294117647058822,20.545454545454547,1691,17,19,55,318,3,8,0,0.726735899981577,21,0,0.1497584541062802,0,"[{""node"":""N3"",""tasks"":4,""started"":3,""wait"":14.0,""unstarted"":1},{""node"":""N4"",""tasks"":5,""started"":4,""wait"":26.0,""unstarted"":1},{""node"":""N5"",""tasks"":3,""started"":2,""wait"":15.0,""unstarted"":1},{""node"":""N6"",""tasks"":3,""started"":2,""wait"":26.0,""unstarted"":1},{""node"":""N7"",""tasks"":5,""started"":5,""wait"":32.0,""unstarted"":0},{""node"":""N8"",""tasks"":4,""started"":1,""wait"":25.0,""unstarted"":3}]",,
5,medium,0.5,lexicographic,16,24,1.0,24.294117647058822,20.545454545454547,1691,17,19,55,342,3,4,0,1.295954100016388,21,0,0.1497584541062802,0,"[{""node"":""N3"",""tasks"":4,""started"":3,""wait"":14.0,""unstarted"":1},{""node"":""N4"",""tasks"":5,""started"":4,""wait"":26.0,""unstarted"":1},{""node"":""N5"",""tasks"":3,""started"":2,""wait"":15.0,""unstarted"":1},{""node"":""N6"",""tasks"":3,""started"":2,""wait"":26.0,""unstarted"":1},{""node"":""N7"",""tasks"":5,""started"":5,""wait"":32.0,""unstarted"":0},{""node"":""N8"",""tasks"":4,""started"":1,""wait"":25.0,""unstarted"":3}]",21,21
5,medium,0.5,rolling_forecast,16,24,1.0,24.294117647058822,20.545454545454547,1691,17,19,55,318,3,8,0,0.7355953999940539,21,0,0.1497584541062802,0,"[{""node"":""N3"",""tasks"":4,""started"":3,""wait"":14.0,""unstarted"":1},{""node"":""N4"",""tasks"":5,""started"":4,""wait"":26.0,""unstarted"":1},{""node"":""N5"",""tasks"":3,""started"":2,""wait"":15.0,""unstarted"":1},{""node"":""N6"",""tasks"":3,""started"":2,""wait"":26.0,""unstarted"":1},{""node"":""N7"",""tasks"":5,""started"":5,""wait"":32.0,""unstarted"":0},{""node"":""N8"",""tasks"":4,""started"":1,""wait"":25.0,""unstarted"":3}]",,
5,high,0.5,greedy,15,36,0.5909090909090909,31.27777777777778,33.0625,2747,18,49,134,374,16,19,0,0.04893640003865585,30,30,0.13977806231327358,0,"[{""node"":""N3"",""tasks"":7,""started"":4,""wait"":30.75,""unstarted"":3},{""node"":""N4"",""tasks"":6,""started"":4,""wait"":39.0,""unstarted"":2},{""node"":""N5"",""tasks"":5,""started"":2,""wait"":39.5,""unstarted"":3},{""node"":""N6"",""tasks"":5,""started"":4,""wait"":16.5,""unstarted"":1},{""node"":""N7"",""tasks"":7,""started"":2,""wait"":28.5,""unstarted"":5},{""node"":""N8"",""tasks"":6,""started"":2,""wait"":41.0,""unstarted"":4}]",,
5,high,0.5,static,4,36,0.09090909090909091,17.5,18.0,282,4,72,0,141,0,0,0,0.014034299994818866,1,0,0.19285714285714287,2,"[{""node"":""N3"",""tasks"":7,""started"":1,""wait"":9.0,""unstarted"":6},{""node"":""N4"",""tasks"":6,""started"":1,""wait"":15.0,""unstarted"":5},{""node"":""N5"",""tasks"":5,""started"":1,""wait"":21.0,""unstarted"":4},{""node"":""N6"",""tasks"":5,""started"":0,""wait"":null,""unstarted"":5},{""node"":""N7"",""tasks"":7,""started"":1,""wait"":25.0,""unstarted"":6},{""node"":""N8"",""tasks"":6,""started"":0,""wait"":null,""unstarted"":6}]",,
5,high,0.5,rolling,17,36,0.5909090909090909,23.761904761904763,25.529411764705884,2365,21,44,54,361,20,21,0,2.7439240000239806,30,0,0.1996774805539745,0,"[{""node"":""N3"",""tasks"":7,""started"":6,""wait"":20.5,""unstarted"":1},{""node"":""N4"",""tasks"":6,""started"":3,""wait"":21.666666666666668,""unstarted"":3},{""node"":""N5"",""tasks"":5,""started"":3,""wait"":36.333333333333336,""unstarted"":2},{""node"":""N6"",""tasks"":5,""started"":3,""wait"":8.666666666666666,""unstarted"":2},{""node"":""N7"",""tasks"":7,""started"":4,""wait"":28.75,""unstarted"":3},{""node"":""N8"",""tasks"":6,""started"":2,""wait"":30.5,""unstarted"":4}]",,
5,high,0.5,lexicographic,16,36,0.5909090909090909,32.26315789473684,35.0625,2961,19,46,159,364,17,41,0,3.1228930999786826,30,3,0.14886128364389234,0,"[{""node"":""N3"",""tasks"":7,""started"":4,""wait"":32.75,""unstarted"":3},{""node"":""N4"",""tasks"":6,""started"":5,""wait"":37.0,""unstarted"":1},{""node"":""N5"",""tasks"":5,""started"":2,""wait"":40.0,""unstarted"":3},{""node"":""N6"",""tasks"":5,""started"":4,""wait"":17.0,""unstarted"":1},{""node"":""N7"",""tasks"":7,""started"":2,""wait"":29.0,""unstarted"":5},{""node"":""N8"",""tasks"":6,""started"":2,""wait"":45.5,""unstarted"":4}]",22,23
5,high,0.5,rolling_forecast,17,36,0.5909090909090909,24.38095238095238,26.294117647058822,2430,21,44,68,370,21,21,0,2.4395763999345945,30,0,0.22660007399186088,0,"[{""node"":""N3"",""tasks"":7,""started"":6,""wait"":20.5,""unstarted"":1},{""node"":""N4"",""tasks"":6,""started"":3,""wait"":21.666666666666668,""unstarted"":3},{""node"":""N5"",""tasks"":5,""started"":3,""wait"":36.333333333333336,""unstarted"":2},{""node"":""N6"",""tasks"":5,""started"":3,""wait"":8.666666666666666,""unstarted"":2},{""node"":""N7"",""tasks"":7,""started"":3,""wait"":23.333333333333332,""unstarted"":4},{""node"":""N8"",""tasks"":6,""started"":3,""wait"":39.666666666666664,""unstarted"":3}]",,
4,low,0.5,greedy,9,12,1.0,26.5,18.6,981,10,7,27,230,2,2,0,0.007472899989807047,14,14,0.3462765957446809,1,"[{""node"":""N3"",""tasks"":1,""started"":1,""wait"":6.0,""unstarted"":0},{""node"":""N4"",""tasks"":3,""started"":3,""wait"":20.333333333333332,""unstarted"":0},{""node"":""N5"",""tasks"":3,""started"":2,""wait"":16.0,""unstarted"":1},{""node"":""N6"",""tasks"":1,""started"":0,""wait"":null,""unstarted"":1},{""node"":""N7"",""tasks"":2,""started"":2,""wait"":29.5,""unstarted"":0},{""node"":""N8"",""tasks"":2,""started"":2,""wait"":53.5,""unstarted"":0}]",,
4,low,0.5,static,4,12,0.4,14.25,15.5,233,4,20,0,124,0,0,0,0.01440119999460876,1,0,0.20614035087719298,2,"[{""node"":""N3"",""tasks"":1,""started"":1,""wait"":6.0,""unstarted"":0},{""node"":""N4"",""tasks"":3,""started"":1,""wait"":13.0,""unstarted"":2},{""node"":""N5"",""tasks"":3,""started"":1,""wait"":18.0,""unstarted"":2},{""node"":""N6"",""tasks"":1,""started"":0,""wait"":null,""unstarted"":1},{""node"":""N7"",""tasks"":2,""started"":1,""wait"":20.0,""unstarted"":1},{""node"":""N8"",""tasks"":2,""started"":0,""wait"":null,""unstarted"":2}]",,
4,low,0.5,rolling,10,12,1.0,22.6,22.8,906,10,5,3,224,0,0,0,0.10559240003931336,14,0,0.1799043062200957,1,"[{""node"":""N3"",""tasks"":1,""started"":1,""wait"":6.0,""unstarted"":0},{""node"":""N4"",""tasks"":3,""started"":3,""wait"":23.0,""unstarted"":0},{""node"":""N5"",""tasks"":3,""started"":2,""wait"":22.5,""unstarted"":1},{""node"":""N6"",""tasks"":1,""started"":0,""wait"":null,""unstarted"":1},{""node"":""N7"",""tasks"":2,""started"":2,""wait"":24.5,""unstarted"":0},{""node"":""N8"",""tasks"":2,""started"":2,""wait"":28.5,""unstarted"":0}]",,
4,low,0.5,lexicographic,9,12,1.0,27.0,22.8,1038,10,7,31,224,0,0,0,0.3423812000110047,14,0,0.27509881422924903,1,"[{""node"":""N3"",""tasks"":1,""started"":1,""wait"":6.0,""unstarted"":0},{""node"":""N4"",""tasks"":3,""started"":3,""wait"":23.0,""unstarted"":0},{""node"":""N5"",""tasks"":3,""started"":2,""wait"":22.5,""unstarted"":1},{""node"":""N6"",""tasks"":1,""started"":0,""wait"":null,""unstarted"":1},{""node"":""N7"",""tasks"":2,""started"":2,""wait"":46.5,""unstarted"":0},{""node"":""N8"",""tasks"":2,""started"":2,""wait"":28.5,""unstarted"":0}]",14,14
4,low,0.5,rolling_forecast,10,12,1.0,22.6,22.8,906,10,5,3,224,0,0,0,0.12375140002404805,14,0,0.1799043062200957,1,"[{""node"":""N3"",""tasks"":1,""started"":1,""wait"":6.0,""unstarted"":0},{""node"":""N4"",""tasks"":3,""started"":3,""wait"":23.0,""unstarted"":0},{""node"":""N5"",""tasks"":3,""started"":2,""wait"":22.5,""unstarted"":1},{""node"":""N6"",""tasks"":1,""started"":0,""wait"":null,""unstarted"":1},{""node"":""N7"",""tasks"":2,""started"":2,""wait"":24.5,""unstarted"":0},{""node"":""N8"",""tasks"":2,""started"":2,""wait"":28.5,""unstarted"":0}]",,
4,medium,0.5,greedy,13,24,0.75,27.428571428571427,30.7,1766,14,29,96,286,2,6,0,0.020150799959083088,20,20,0.16824742268041237,1,"[{""node"":""N3"",""tasks"":4,""started"":4,""wait"":29.5,""unstarted"":0},{""node"":""N4"",""tasks"":5,""started"":4,""wait"":30.75,""unstarted"":1},{""node"":""N5"",""tasks"":4,""started"":3,""wait"":29.0,""unstarted"":1},{""node"":""N6"",""tasks"":2,""started"":1,""wait"":8.0,""unstarted"":1},{""node"":""N7"",""tasks"":6,""started"":2,""wait"":24.0,""unstarted"":4},{""node"":""N8"",""tasks"":3,""started"":0,""wait"":null,""unstarted"":3}]",,
4,medium,0.5,static,4,24,0.16666666666666666,14.25,15.5,233,4,48,0,124,0,0,0,0.01640729999053292,1,0,0.20614035087719298,2,"[{""node"":""N3"",""tasks"":4,""started"":1,""wait"":6.0,""unstarted"":3},{""node"":""N4"",""tasks"":5,""started"":1,""wait"":13.0,""unstarted"":4},{""node"":""N5"",""tasks"":4,""started"":1,""wait"":18.0,""unstarted"":3},{""node"":""N6"",""tasks"":2,""started"":0,""wait"":null,""unstarted"":2},{""node"":""N7"",""tasks"":6,""started"":1,""wait"":20.0,""unstarted"":5},{""node"":""N8"",""tasks"":3,""started"":0,""wait"":null,""unstarted"":3}]",,
4,medium,0.5,rolling,14,24,0.8333333333333334,18.6,18.363636363636363,1241,15,26,32,289,9,5,0,0.9763477000233252,20,0,0.17522658610271905,1,"[{""node"":""N3"",""tasks"":4,""started"":4,""wait"":16.75,""unstarted"":0},{""node"":""N4"",""tasks"":5,""started"":4,""wait"":22.25,""unstarted"":1},{""node"":""N5"",""tasks"":4,""started"":2,""wait"":14.0,""unstarted"":2},{""node"":""N6"",""tasks"":2,""started"":1,""wait"":8.0,""unstarted"":1},{""node"":""N7"",""tasks"":6,""started"":4,""wait"":21.75,""unstarted"":2},{""node"":""N8"",""tasks"":3,""started"":0,""wait"":null,""unstarted"":3}]",,
4,medium,0.5,lexicographic,14,24,0.8333333333333334,19.466666666666665,19.545454545454547,1306,15,26,35,289,8,9,0,1.1472905999689829,20,0,0.19651162790697674,1,"[{""node"":""N3"",""tasks"":4,""started"":4,""wait"":16.75,""unstarted"":0},{""node"":""N4"",""tasks"":5,""started"":4,""wait"":22.25,""unstarted"":1},{""node"":""N5"",""tasks"":4,""started"":2,""wait"":14.0,""unstarted"":2},{""node"":""N6"",""tasks"":2,""started"":1,""wait"":8.0,""unstarted"":1},{""node"":""N7"",""tasks"":6,""started"":4,""wait"":25.0,""unstarted"":2},{""node"":""N8"",""tasks"":3,""started"":0,""wait"":null,""unstarted"":3}]",19,19
4,medium,0.5,rolling_forecast,14,24,0.8333333333333334,18.6,18.363636363636363,1241,15,26,32,289,9,5,0,0.9611373000079766,20,0,0.17522658610271905,1,"[{""node"":""N3"",""tasks"":4,""started"":4,""wait"":16.75,""unstarted"":0},{""node"":""N4"",""tasks"":5,""started"":4,""wait"":22.25,""unstarted"":1},{""node"":""N5"",""tasks"":4,""started"":2,""wait"":14.0,""unstarted"":2},{""node"":""N6"",""tasks"":2,""started"":1,""wait"":8.0,""unstarted"":1},{""node"":""N7"",""tasks"":6,""started"":4,""wait"":21.75,""unstarted"":2},{""node"":""N8"",""tasks"":3,""started"":0,""wait"":null,""unstarted"":3}]",,
4,high,0.5,greedy,15,36,0.5217391304347826,32.333333333333336,35.93333333333333,2824,18,51,174,345,11,10,0,0.05956530002004001,30,30,0.1490299823633157,0,"[{""node"":""N3"",""tasks"":5,""started"":4,""wait"":22.0,""unstarted"":1},{""node"":""N4"",""tasks"":8,""started"":6,""wait"":40.0,""unstarted"":2},{""node"":""N5"",""tasks"":6,""started"":2,""wait"":37.0,""unstarted"":4},{""node"":""N6"",""tasks"":4,""started"":2,""wait"":23.0,""unstarted"":2},{""node"":""N7"",""tasks"":8,""started"":2,""wait"":24.0,""unstarted"":6},{""node"":""N8"",""tasks"":5,""started"":2,""wait"":43.0,""unstarted"":3}]",,
4,high,0.5,static,4,36,0.08695652173913043,14.25,15.5,233,4,73,0,124,0,0,0,0.01573479999206029,1,0,0.20614035087719298,2,"[{""node"":""N3"",""tasks"":5,""started"":1,""wait"":6.0,""unstarted"":4},{""node"":""N4"",""tasks"":8,""started"":1,""wait"":13.0,""unstarted"":7},{""node"":""N5"",""tasks"":6,""started"":1,""wait"":18.0,""unstarted"":5},{""node"":""N6"",""tasks"":4,""started"":0,""wait"":null,""unstarted"":4},{""node"":""N7"",""tasks"":8,""started"":1,""wait"":20.0,""unstarted"":7},{""node"":""N8"",""tasks"":5,""started"":0,""wait"":null,""unstarted"":5}]",,
4,high,0.5,rolling,16,36,0.5652173913043478,22.736842105263158,19.466666666666665,1880,19,49,95,343,16,25,0,2.8152165000210516,30,0,0.34597701149425286,0,"[{""node"":""N3"",""tasks"":5,""started"":5,""wait"":11.0,""unstarted"":0},{""node"":""N4"",""tasks"":8,""started"":5,""wait"":16.0,""unstarted"":3},{""node"":""N5"",""tasks"":6,""started"":2,""wait"":10.0,""unstarted"":4},{""node"":""N6"",""tasks"":4,""started"":2,""wait"":23.0,""unstarted"":2},{""node"":""N7"",""tasks"":8,""started"":2,""wait"":24.0,""unstarted"":6},{""node"":""N8"",""tasks"":5,""started"":3,""wait"":61.0,""unstarted"":2}]",,
4,high,0.5,lexicographic,16,36,0.5652173913043478,29.529411764705884,32.785714285714285,2424,17,49,155,324,8,30,0,2.727802000110387,30,6,0.2847283406754772,0,"[{""node"":""N3"",""tasks"":5,""started"":4,""wait"":29.0,""unstarted"":1},{""node"":""N4"",""tasks"":8,""started"":6,""wait"":18.333333333333332,""unstarted"":2},{""node"":""N5"",""tasks"":6,""started"":3,""wait"":52.333333333333336,""unstarted"":3},{""node"":""N6"",""tasks"":4,""started"":1,""wait"":8.0,""unstarted"":3},{""node"":""N7"",""tasks"":8,""started"":2,""wait"":29.5,""unstarted"":6},{""node"":""N8"",""tasks"":5,""started"":1,""wait"":52.0,""unstarted"":4}]",19,19
4,high,0.5,rolling_forecast,16,36,0.5652173913043478,22.736842105263158,19.466666666666665,1880,19,49,95,343,17,27,0,2.5176663000456756,30,0,0.34597701149425286,0,"[{""node"":""N3"",""tasks"":5,""started"":5,""wait"":11.0,""unstarted"":0},{""node"":""N4"",""tasks"":8,""started"":5,""wait"":16.0,""unstarted"":3},{""node"":""N5"",""tasks"":6,""started"":2,""wait"":10.0,""unstarted"":4},{""node"":""N6"",""tasks"":4,""started"":2,""wait"":23.0,""unstarted"":2},{""node"":""N7"",""tasks"":8,""started"":2,""wait"":24.0,""unstarted"":6},{""node"":""N8"",""tasks"":5,""started"":3,""wait"":61.0,""unstarted"":2}]",,
0,low,0.5,greedy,9,12,1.0,29.5,21.6,1101,10,7,30,249,2,3,0,0.007608899992192164,14,14,0.303202846975089,1,"[{""node"":""N3"",""tasks"":1,""started"":1,""wait"":9.0,""unstarted"":0},{""node"":""N4"",""tasks"":3,""started"":3,""wait"":23.0,""unstarted"":0},{""node"":""N5"",""tasks"":3,""started"":2,""wait"":19.5,""unstarted"":1},{""node"":""N6"",""tasks"":1,""started"":0,""wait"":null,""unstarted"":1},{""node"":""N7"",""tasks"":2,""started"":2,""wait"":34.0,""unstarted"":0},{""node"":""N8"",""tasks"":2,""started"":2,""wait"":55.0,""unstarted"":0}]",,
0,low,0.5,static,4,12,0.4,16.5,17.0,266,4,20,0,133,0,0,0,0.012413699994795024,1,0,0.17424242424242425,2,"[{""node"":""N3"",""tasks"":1,""started"":1,""wait"":9.0,""unstarted"":0},{""node"":""N4"",""tasks"":3,""started"":1,""wait"":15.0,""unstarted"":2},{""node"":""N5"",""tasks"":3,""started"":1,""wait"":19.0,""unstarted"":2},{""node"":""N6"",""tasks"":1,""started"":0,""wait"":null,""unstarted"":1},{""node"":""N7"",""tasks"":2,""started"":1,""wait"":23.0,""unstarted"":1},{""node"":""N8"",""tasks"":2,""started"":0,""wait"":null,""unstarted"":2}]",,
0,low,0.5,rolling,10,12,1.0,27.3,26.8,1087,10,5,8,249,0,0,0,0.10343490004015621,14,0,0.17898832684824903,1,"[{""node"":""N3"",""tasks"":1,""started"":1,""wait"":9.0,""unstarted"":0},{""node"":""N4"",""tasks"":3,""started"":3,""wait"":25.0,""unstarted"":0},{""node"":""N5"",""tasks"":3,""started"":2,""wait"":29.5,""unstarted"":1},{""node"":""N6"",""tasks"":1,""started"":0,""wait"":null,""unstarted"":1},{""node"":""N7"",""tasks"":2,""started"":2,""wait"":29.5,""unstarted"":0},{""node"":""N8"",""tasks"":2,""started"":2,""wait"":35.5,""unstarted"":0}]",,
0,low,0.5,lexicographic,8,12,1.0,32.7,23.4,1215,10,9,58,256,0,1,0,0.2781732000003103,14,0,0.3009646302250804,1,"[{""node"":""N3"",""tasks"":1,""started"":1,""wait"":9.0,""unstarted"":0},{""node"":""N4"",""tasks"":3,""started"":3,""wait"":25.0,""unstarted"":0},{""node"":""N5"",""tasks"":3,""started"":2,""wait"":21.0,""unstarted"":1},{""node"":""N6"",""tasks"":1,""started"":0,""wait"":null,""unstarted"":1},{""node"":""N7"",""tasks"":2,""started"":2,""wait"":45.0,""unstarted"":0},{""node"":""N8"",""tasks"":2,""started"":2,""wait"":55.5,""unstarted"":0}]",14,14
0,low,0.5,rolling_forecast,10,12,1.0,27.3,26.8,1087,10,5,8,249,0,0,0,0.10304140001244377,14,0,0.17898832684824903,1,"[{""node"":""N3"",""tasks"":1,""started"":1,""wait"":9.0,""unstarted"":0},{""node"":""N4"",""tasks"":3,""started"":3,""wait"":25.0,""unstarted"":0},{""node"":""N5"",""tasks"":3,""started"":2,""wait"":29.5,""unstarted"":1},{""node"":""N6"",""tasks"":1,""started"":0,""wait"":null,""unstarted"":1},{""node"":""N7"",""tasks"":2,""started"":2,""wait"":29.5,""unstarted"":0},{""node"":""N8"",""tasks"":2,""started"":2,""wait"":35.5,""unstarted"":0}]",,
0,medium,0.5,greedy,11,24,0.6666666666666666,36.5,40.18181818181818,2417,14,29,128,292,9,10,0,0.021798499976284802,21,21,0.06666666666666667,1,"[{""node"":""N3"",""tasks"":4,""started"":3,""wait"":33.0,""unstarted"":1},{""node"":""N4"",""tasks"":3,""started"":3,""wait"":33.0,""unstarted"":0},{""node"":""N5"",""tasks"":4,""started"":3,""wait"":32.0,""unstarted"":1},{""node"":""N6"",""tasks"":4,""started"":1,""wait"":37.0,""unstarted"":3},{""node"":""N7"",""tasks"":5,""started"":4,""wait"":45.0,""unstarted"":1},{""node"":""N8"",""tasks"":4,""started"":0,""wait"":null,""unstarted"":4}]",,
0,medium,0.5,static,4,24,0.16666666666666666,16.5,17.0,266,4,46,0,133,0,0,0,0.010113700001966208,1,0,0.17424242424242425,2,"[{""node"":""N3"",""tasks"":4,""started"":1,""wait"":9.0,""unstarted"":3},{""node"":""N4"",""tasks"":3,""started"":1,""wait"":15.0,""unstarted"":2},{""node"":""N5"",""tasks"":4,""started"":1,""wait"":19.0,""unstarted"":3},{""node"":""N6"",""tasks"":4,""started"":0,""wait"":null,""unstarted"":4},{""node"":""N7"",""tasks"":5,""started"":1,""wait"":23.0,""unstarted"":4},{""node"":""N8"",""tasks"":4,""started"":0,""wait"":null,""unstarted"":4}]",,
0,medium,0.5,rolling,14,24,0.8333333333333334,28.428571428571427,29.4,1782,14,23,66,325,12,11,0,1.029305000032764,21,0,0.21400359066427294,1,"[{""node"":""N3"",""tasks"":4,""started"":3,""wait"":9.0,""unstarted"":1},{""node"":""N4"",""tasks"":3,""started"":2,""wait"":30.0,""unstarted"":1},{""node"":""N5"",""tasks"":4,""started"":3,""wait"":44.333333333333336,""unstarted"":1},{""node"":""N6"",""tasks"":4,""started"":1,""wait"":37.0,""unstarted"":3},{""node"":""N7"",""tasks"":5,""started"":5,""wait"":28.2,""unstarted"":0},{""node"":""N8"",""tasks"":4,""started"":0,""wait"":null,""unstarted"":4}]",,
0,medium,0.5,lexicographic,13,24,0.8333333333333334,23.285714285714285,23.363636363636363,1492,14,26,64,348,8,13,0,1.2798949999705656,21,0,0.30362694300518134,1,"[{""node"":""N3"",""tasks"":4,""started"":3,""wait"":9.0,""unstarted"":1},{""node"":""N4"",""tasks"":3,""started"":2,""wait"":52.0,""unstarted"":1},{""node"":""N5"",""tasks"":4,""started"":3,""wait"":27.666666666666668,""unstarted"":1},{""node"":""N6"",""tasks"":4,""started"":2,""wait"":24.0,""unstarted"":2},{""node"":""N7"",""tasks"":5,""started"":4,""wait"":16.0,""unstarted"":1},{""node"":""N8"",""tasks"":4,""started"":0,""wait"":null,""unstarted"":4}]",21,21
0,medium,0.5,rolling_forecast,14,24,0.8333333333333334,28.428571428571427,29.4,1782,14,23,66,325,12,11,0,1.041574099974241,21,0,0.21400359066427294,1,"[{""node"":""N3"",""tasks"":4,""started"":3,""wait"":9.0,""unstarted"":1},{""node"":""N4"",""tasks"":3,""started"":2,""wait"":30.0,""unstarted"":1},{""node"":""N5"",""tasks"":4,""started"":3,""wait"":44.333333333333336,""unstarted"":1},{""node"":""N6"",""tasks"":4,""started"":1,""wait"":37.0,""unstarted"":3},{""node"":""N7"",""tasks"":5,""started"":5,""wait"":28.2,""unstarted"":0},{""node"":""N8"",""tasks"":4,""started"":0,""wait"":null,""unstarted"":4}]",,
0,high,0.5,greedy,11,36,0.36,37.8,41.15384615384615,2771,15,56,192,303,19,15,0,0.07366730002104305,34,34,0.14812138728323698,1,"[{""node"":""N3"",""tasks"":7,""started"":3,""wait"":41.333333333333336,""unstarted"":4},{""node"":""N4"",""tasks"":5,""started"":3,""wait"":33.0,""unstarted"":2},{""node"":""N5"",""tasks"":5,""started"":2,""wait"":19.5,""unstarted"":3},{""node"":""N6"",""tasks"":7,""started"":2,""wait"":49.5,""unstarted"":5},{""node"":""N7"",""tasks"":7,""started"":5,""wait"":41.2,""unstarted"":2},{""node"":""N8"",""tasks"":5,""started"":0,""wait"":null,""unstarted"":5}]",,
0,high,0.5,static,4,36,0.08,16.5,17.0,266,4,71,0,133,0,0,0,0.010650800002622418,1,0,0.17424242424242425,2,"[{""node"":""N3"",""tasks"":7,""started"":1,""wait"":9.0,""unstarted"":6},{""node"":""N4"",""tasks"":5,""started"":1,""wait"":15.0,""unstarted"":4},{""node"":""N5"",""tasks"":5,""started"":1,""wait"":19.0,""unstarted"":4},{""node"":""N6"",""tasks"":7,""started"":0,""wait"":null,""unstarted"":7},{""node"":""N7"",""tasks"":7,""started"":1,""wait"":23.0,""unstarted"":6},{""node"":""N8"",""tasks"":5,""started"":0,""wait"":null,""unstarted"":5}]",,
0,high,0.5,rolling,12,36,0.36,29.6,26.0,1904,15,53,128,313,26,45,0,5.861025199992582,34,0,0.39782307789102805,0,"[{""node"":""N3"",""tasks"":7,""started"":3,""wait"":13.0,""unstarted"":4},{""node"":""N4"",""tasks"":5,""started"":4,""wait"":35.75,""unstarted"":1},{""node"":""N5"",""tasks"":5,""started"":1,""wait"":19.0,""unstarted"":4},{""node"":""N6"",""tasks"":7,""started"":3,""wait"":23.333333333333332,""unstarted"":4},{""node"":""N7"",""tasks"":7,""started"":3,""wait"":21.666666666666668,""unstarted"":4},{""node"":""N8"",""tasks"":5,""started"":1,""wait"":108.0,""unstarted"":4}]",,
0,high,0.5,lexicographic,12,36,0.4,34.266666666666666,37.07692307692308,2506,15,53,157,327,8,69,0,3.078317200008314,34,8,0.3294436906377205,1,"[{""node"":""N3"",""tasks"":7,""started"":3,""wait"":20.0,""unstarted"":4},{""node"":""N4"",""tasks"":5,""started"":4,""wait"":44.25,""unstarted"":1},{""node"":""N5"",""tasks"":5,""started"":2,""wait"":19.5,""unstarted"":3},{""node"":""N6"",""tasks"":7,""started"":2,""wait"":82.0,""unstarted"":5},{""node"":""N7"",""tasks"":7,""started"":4,""wait"":18.5,""unstarted"":3},{""node"":""N8"",""tasks"":5,""started"":0,""wait"":null,""unstarted"":5}]",17,17
0,high,0.5,rolling_forecast,16,36,0.44,28.352941176470587,25.916666666666668,2068,17,46,101,309,25,52,0,4.144936500000767,34,0,0.33258928571428575,0,"[{""node"":""N3"",""tasks"":7,""started"":3,""wait"":13.0,""unstarted"":4},{""node"":""N4"",""tasks"":5,""started"":4,""wait"":18.0,""unstarted"":1},{""node"":""N5"",""tasks"":5,""started"":1,""wait"":19.0,""unstarted"":4},{""node"":""N6"",""tasks"":7,""started"":2,""wait"":22.0,""unstarted"":5},{""node"":""N7"",""tasks"":7,""started"":5,""wait"":31.2,""unstarted"":2},{""node"":""N8"",""tasks"":5,""started"":2,""wait"":76.0,""unstarted"":3}]",,
2,low,0.5,greedy,9,12,1.0,28.9,21.0,1077,10,7,27,254,2,3,0,0.007480300002498552,14,14,0.29529553679131476,1,"[{""node"":""N3"",""tasks"":1,""started"":1,""wait"":10.0,""unstarted"":0},{""node"":""N4"",""tasks"":3,""started"":3,""wait"":22.666666666666668,""unstarted"":0},{""node"":""N5"",""tasks"":3,""started"":2,""wait"":18.5,""unstarted"":1},{""node"":""N6"",""tasks"":1,""started"":0,""wait"":null,""unstarted"":1},{""node"":""N7"",""tasks"":2,""started"":2,""wait"":33.5,""unstarted"":0},{""node"":""N8"",""tasks"":2,""started"":2,""wait"":53.5,""unstarted"":0}]",,
2,low,0.5,static,4,12,0.4,18.0,18.5,290,4,20,0,145,0,0,0,0.018165399989811704,1,0,0.1736111111111111,2,"[{""node"":""N3"",""tasks"":1,""started"":1,""wait"":10.0,""unstarted"":0},{""node"":""N4"",""tasks"":3,""started"":1,""wait"":16.0,""unstarted"":2},{""node"":""N5"",""tasks"":3,""started"":1,""wait"":21.0,""unstarted"":2},{""node"":""N6"",""tasks"":1,""started"":0,""wait"":null,""unstarted"":1},{""node"":""N7"",""tasks"":2,""started"":1,""wait"":25.0,""unstarted"":1},{""node"":""N8"",""tasks"":2,""started"":0,""wait"":null,""unstarted"":2}]",,
2,low,0.5,rolling,10,12,1.0,25.6,26.0,1028,10,5,8,249,0,0,0,0.11885770001390483,14,0,0.13666666666666666,1,"[{""node"":""N3"",""tasks"":1,""started"":1,""wait"":10.0,""unstarted"":0},{""node"":""N4"",""tasks"":3,""started"":3,""wait"":26.0,""unstarted"":0},{""node"":""N5"",""tasks"":3,""started"":2,""wait"":26.0,""unstarted"":1},{""node"":""N6"",""tasks"":1,""started"":0,""wait"":null,""unstarted"":1},{""node"":""N7"",""tasks"":2,""started"":2,""wait"":29.0,""unstarted"":0},{""node"":""N8"",""tasks"":2,""started"":2,""wait"":29.0,""unstarted"":0}]",,
2,low,0.5,lexicographic,9,12,1.0,34.0,19.2,1212,10,7,84,221,2,1,0,0.41002710002067033,14,0,0.3934826883910386,1,"[{""node"":""N3"",""tasks"":1,""started"":1,""wait"":10.0,""unstarted"":0},{""node"":""N4"",""tasks"":3,""started"":3,""wait"":22.666666666666668,""unstarted"":0},{""node"":""N5"",""tasks"":3,""started"":2,""wait"":14.0,""unstarted"":1},{""node"":""N6"",""tasks"":1,""started"":0,""wait"":null,""unstarted"":1},{""node"":""N7"",""tasks"":2,""started"":2,""wait"":39.0,""unstarted"":0},{""node"":""N8"",""tasks"":2,""started"":2,""wait"":78.0,""unstarted"":0}]",14,14
2,low,0.5,rolling_forecast,10,12,1.0,25.6,26.0,1028,10,5,8,249,0,0,0,0.11568230003467761,14,0,0.13666666666666666,1,"[{""node"":""N3"",""tasks"":1,""started"":1,""wait"":10.0,""unstarted"":0},{""node"":""N4"",""tasks"":3,""started"":3,""wait"":26.0,""unstarted"":0},{""node"":""N5"",""tasks"":3,""started"":2,""wait"":26.0,""unstarted"":1},{""node"":""N6"",""tasks"":1,""started"":0,""wait"":null,""unstarted"":1},{""node"":""N7"",""tasks"":2,""started"":2,""wait"":29.0,""unstarted"":0},{""node"":""N8"",""tasks"":2,""started"":2,""wait"":29.0,""unstarted"":0}]",,
2,medium,0.5,greedy,13,24,0.8333333333333334,26.357142857142858,29.6,1699,14,24,50,292,8,7,0,0.01782610001100693,21,21,0.15631469979296067,0,"[{""node"":""N3"",""tasks"":5,""started"":4,""wait"":19.0,""unstarted"":1},{""node"":""N4"",""tasks"":5,""started"":4,""wait"":27.0,""unstarted"":1},{""node"":""N5"",""tasks"":3,""started"":1,""wait"":21.0,""unstarted"":2},{""node"":""N6"",""tasks"":3,""started"":1,""wait"":24.0,""unstarted"":2},{""node"":""N7"",""tasks"":4,""started"":2,""wait"":45.5,""unstarted"":2},{""node"":""N8"",""tasks"":4,""started"":2,""wait"":24.5,""unstarted"":2}]",,
2,medium,0.5,static,4,24,0.16666666666666666,18.0,18.5,290,4,43,0,145,0,0,0,0.010243199998512864,1,0,0.1736111111111111,2,"[{""node"":""N3"",""tasks"":5,""started"":1,""wait"":10.0,""unstarted"":4},{""node"":""N4"",""tasks"":5,""started"":1,""wait"":16.0,""unstarted"":4},{""node"":""N5"",""tasks"":3,""started"":1,""wait"":21.0,""unstarted"":2},{""node"":""N6"",""tasks"":3,""started"":0,""wait"":null,""unstarted"":3},{""node"":""N7"",""tasks"":4,""started"":1,""wait"":25.0,""unstarted"":3},{""node"":""N8"",""tasks"":4,""started"":0,""wait"":null,""unstarted"":4}]",,
2,medium,0.5,rolling,13,24,0.8333333333333334,23.857142857142858,26.1,1524,14,24,79,300,11,13,0,0.9242268000089098,21,0,0.16666666666666666,0,"[{""node"":""N3"",""tasks"":5,""started"":4,""wait"":25.0,""unstarted"":1},{""node"":""N4"",""tasks"":5,""started"":4,""wait"":32.5,""unstarted"":1},{""node"":""N5"",""tasks"":3,""started"":2,""wait"":15.0,""unstarted"":1},{""node"":""N6"",""tasks"":3,""started"":1,""wait"":24.0,""unstarted"":2},{""node"":""N7"",""tasks"":4,""started"":2,""wait"":18.0,""unstarted"":2},{""node"":""N8"",""tasks"":4,""started"":1,""wait"":14.0,""unstarted"":3}]",,
2,medium,0.5,lexicographic,13,24,0.8333333333333334,23.857142857142858,26.1,1524,14,24,79,300,12,10,0,1.5573087000084342,21,0,0.16666666666666666,0,"[{""node"":""N3"",""tasks"":5,""started"":4,""wait"":25.0,""unstarted"":1},{""node"":""N4"",""tasks"":5,""started"":4,""wait"":32.5,""unstarted"":1},{""node"":""N5"",""tasks"":3,""started"":2,""wait"":15.0,""unstarted"":1},{""node"":""N6"",""tasks"":3,""started"":1,""wait"":24.0,""unstarted"":2},{""node"":""N7"",""tasks"":4,""started"":2,""wait"":18.0,""unstarted"":2},{""node"":""N8"",""tasks"":4,""started"":1,""wait"":14.0,""unstarted"":3}]",21,21
2,medium,0.5,rolling_forecast,13,24,0.8333333333333334,23.857142857142858,26.1,1524,14,24,79,300,11,13,0,0.9311859000299592,21,0,0.16666666666666666,0,"[{""node"":""N3"",""tasks"":5,""started"":4,""wait"":25.0,""unstarted"":1},{""node"":""N4"",""tasks"":5,""started"":4,""wait"":32.5,""unstarted"":1},{""node"":""N5"",""tasks"":3,""started"":2,""wait"":15.0,""unstarted"":1},{""node"":""N6"",""tasks"":3,""started"":1,""wait"":24.0,""unstarted"":2},{""node"":""N7"",""tasks"":4,""started"":2,""wait"":18.0,""unstarted"":2},{""node"":""N8"",""tasks"":4,""started"":1,""wait"":14.0,""unstarted"":3}]",,
2,high,0.5,greedy,16,36,0.6,35.1578947368421,36.357142857142854,3022,19,42,196,343,21,11,0,0.047749199977261014,28,28,0.1944208439535542,0,"[{""node"":""N3"",""tasks"":7,""started"":5,""wait"":28.4,""unstarted"":2},{""node"":""N4"",""tasks"":6,""started"":5,""wait"":36.4,""unstarted"":1},{""node"":""N5"",""tasks"":6,""started"":2,""wait"":39.0,""unstarted"":4},{""node"":""N6"",""tasks"":6,""started"":1,""wait"":73.0,""unstarted"":5},{""node"":""N7"",""tasks"":4,""started"":1,""wait"":25.0,""unstarted"":3},{""node"":""N8"",""tasks"":7,""started"":5,""wait"":33.6,""unstarted"":2}]",,
2,high,0.5,static,4,36,0.1,18.0,18.5,290,4,65,0,145,0,0,0,0.014180199999827892,1,0,0.1736111111111111,2,"[{""node"":""N3"",""tasks"":7,""started"":1,""wait"":10.0,""unstarted"":6},{""node"":""N4"",""tasks"":6,""started"":1,""wait"":16.0,""unstarted"":5},{""node"":""N5"",""tasks"":6,""started"":1,""wait"":21.0,""unstarted"":5},{""node"":""N6"",""tasks"":6,""started"":0,""wait"":null,""unstarted"":6},{""node"":""N7"",""tasks"":4,""started"":1,""wait"":25.0,""unstarted"":3},{""node"":""N8"",""tasks"":7,""started"":0,""wait"":null,""unstarted"":7}]",,
2,high,0.5,rolling,16,36,0.5,33.2,33.0,2850,20,42,196,314,28,37,0,4.310416399981477,28,0,0.11773351382711274,1,"[{""node"":""N3"",""tasks"":7,""started"":5,""wait"":34.6,""unstarted"":2},{""node"":""N4"",""tasks"":6,""started"":5,""wait"":26.4,""unstarted"":1},{""node"":""N5"",""tasks"":6,""started"":3,""wait"":27.666666666666668,""unstarted"":3},{""node"":""N6"",""tasks"":6,""started"":0,""wait"":null,""unstarted"":6},{""node"":""N7"",""tasks"":4,""started"":2,""wait"":47.5,""unstarted"":2},{""node"":""N8"",""tasks"":7,""started"":5,""wait"":36.2,""unstarted"":2}]",,
2,high,0.5,lexicographic,17,36,0.65,32.421052631578945,33.142857142857146,2776,19,39,171,306,17,40,0,2.1600984000542667,28,9,0.061712846347607056,1,"[{""node"":""N3"",""tasks"":7,""started"":5,""wait"":32.8,""unstarted"":2},{""node"":""N4"",""tasks"":6,""started"":6,""wait"":31.5,""unstarted"":0},{""node"":""N5"",""tasks"":6,""started"":2,""wait"":36.5,""unstarted"":4},{""node"":""N6"",""tasks"":6,""started"":0,""wait"":null,""unstarted"":6},{""node"":""N7"",""tasks"":4,""started"":1,""wait"":25.0,""unstarted"":3},{""node"":""N8"",""tasks"":7,""started"":5,""wait"":33.0,""unstarted"":2}]",13,13
2,high,0.5,rolling_forecast,15,36,0.5,33.125,35.0,2360,16,45,179,297,26,43,0,3.7951411999965785,28,0,0.12208835341365461,1,"[{""node"":""N3"",""tasks"":7,""started"":5,""wait"":39.8,""unstarted"":2},{""node"":""N4"",""tasks"":6,""started"":4,""wait"":33.0,""unstarted"":2},{""node"":""N5"",""tasks"":6,""started"":1,""wait"":21.0,""unstarted"":5},{""node"":""N6"",""tasks"":6,""started"":0,""wait"":null,""unstarted"":6},{""node"":""N7"",""tasks"":4,""started"":1,""wait"":25.0,""unstarted"":3},{""node"":""N8"",""tasks"":7,""started"":5,""wait"":30.6,""unstarted"":2}]",,
3,low,0.5,greedy,9,12,1.0,29.6,20.4,1092,10,7,38,252,0,2,0,0.00765850002062507,14,14,0.3333333333333333,1,"[{""node"":""N3"",""tasks"":1,""started"":1,""wait"":8.0,""unstarted"":0},{""node"":""N4"",""tasks"":3,""started"":3,""wait"":22.0,""unstarted"":0},{""node"":""N5"",""tasks"":3,""started"":2,""wait"":18.0,""unstarted"":1},{""node"":""N6"",""tasks"":1,""started"":0,""wait"":null,""unstarted"":1},{""node"":""N7"",""tasks"":2,""started"":2,""wait"":34.5,""unstarted"":0},{""node"":""N8"",""tasks"":2,""started"":2,""wait"":58.5,""unstarted"":0}]",,
3,low,0.5,static,4,12,0.4,15.75,16.0,253,4,20,0,128,0,0,0,0.015578499995172024,1,0,0.1865079365079365,2,"[{""node"":""N3"",""tasks"":1,""started"":1,""wait"":8.0,""unstarted"":0},{""node"":""N4"",""tasks"":3,""started"":1,""wait"":15.0,""unstarted"":2},{""node"":""N5"",""tasks"":3,""started"":1,""wait"":17.0,""unstarted"":2},{""node"":""N6"",""tasks"":1,""started"":0,""wait"":null,""unstarted"":1},{""node"":""N7"",""tasks"":2,""started"":1,""wait"":23.0,""unstarted"":1},{""node"":""N8"",""tasks"":2,""started"":0,""wait"":null,""unstarted"":2}]",,
3,low,0.5,rolling,10,12,1.0,26.5,25.8,1053,10,5,6,250,0,0,0,0.12514840000949334,14,0,0.18387096774193548,1,"[{""node"":""N3"",""tasks"":1,""started"":1,""wait"":8.0,""unstarted"":0},{""node"":""N4"",""tasks"":3,""started"":3,""wait"":25.0,""unstarted"":0},{""node"":""N5"",""tasks"":3,""started"":2,""wait"":27.0,""unstarted"":1},{""node"":""N6"",""tasks"":1,""started"":0,""wait"":null,""unstarted"":1},{""node"":""N7"",""tasks"":2,""started"":2,""wait"":30.0,""unstarted"":0},{""node"":""N8"",""tasks"":2,""started"":2,""wait"":34.0,""unstarted"":0}]",,
3,low,0.5,lexicographic,8,12,1.0,31.7,22.0,1171,10,9,56,255,0,1,0,0.3211274999921443,14,0,0.32,1,"[{""node"":""N3"",""tasks"":1,""started"":1,""wait"":8.0,""unstarted"":0},{""node"":""N4"",""tasks"":3,""started"":3,""wait"":25.0,""unstarted"":0},{""node"":""N5"",""tasks"":3,""started"":2,""wait"":17.5,""unstarted"":1},{""node"":""N6"",""tasks"":1,""started"":0,""wait"":null,""unstarted"":1},{""node"":""N7"",""tasks"":2,""started"":2,""wait"":45.5,""unstarted"":0},{""node"":""N8"",""tasks"":2,""started"":2,""wait"":54.0,""unstarted"":0}]",14,14
3,low,0.5,rolling_forecast,10,12,1.0,26.5,25.8,1053,10,5,6,250,0,0,0,0.12441220000619069,14,0,0.18387096774193548,1,"[{""node"":""N3"",""tasks"":1,""started"":1,""wait"":8.0,""unstarted"":0},{""node"":""N4"",""tasks"":3,""started"":3,""wait"":25.0,""unstarted"":0},{""node"":""N5"",""tasks"":3,""started"":2,""wait"":27.0,""unstarted"":1},{""node"":""N6"",""tasks"":1,""started"":0,""wait"":null,""unstarted"":1},{""node"":""N7"",""tasks"":2,""started"":2,""wait"":30.0,""unstarted"":0},{""node"":""N8"",""tasks"":2,""started"":2,""wait"":34.0,""unstarted"":0}]",,
3,medium,0.5,greedy,10,24,0.5384615384615384,31.4,30.285714285714285,1366,10,33,116,281,7,17,0,0.02923409997310955,20,20,0.3403361344537815,0,"[{""node"":""N3"",""tasks"":3,""started"":2,""wait"":10.5,""unstarted"":1},{""node"":""N4"",""tasks"":4,""started"":4,""wait"":31.75,""unstarted"":0},{""node"":""N5"",""tasks"":4,""started"":1,""wait"":17.0,""unstarted"":3},{""node"":""N6"",""tasks"":3,""started"":1,""wait"":71.0,""unstarted"":2},{""node"":""N7"",""tasks"":4,""started"":1,""wait"":23.0,""unstarted"":3},{""node"":""N8"",""tasks"":6,""started"":1,""wait"":55.0,""unstarted"":5}]",,
3,medium,0.5,static,4,24,0.15384615384615385,15.75,16.0,253,4,48,0,128,0,0,0,0.015213199993013404,1,0,0.1865079365079365,2,"[{""node"":""N3"",""tasks"":3,""started"":1,""wait"":8.0,""unstarted"":2},{""node"":""N4"",""tasks"":4,""started"":1,""wait"":15.0,""unstarted"":3},{""node"":""N5"",""tasks"":4,""started"":1,""wait"":17.0,""unstarted"":3},{""node"":""N6"",""tasks"":3,""started"":0,""wait"":null,""unstarted"":3},{""node"":""N7"",""tasks"":4,""started"":1,""wait"":23.0,""unstarted"":3},{""node"":""N8"",""tasks"":6,""started"":0,""wait"":null,""unstarted"":6}]",,
3,medium,0.5,rolling,12,24,0.5384615384615384,24.846153846153847,25.0,1369,13,30,40,252,4,10,0,1.2963707000162685,20,0,0.2706552706552706,1,"[{""node"":""N3"",""tasks"":3,""started"":2,""wait"":10.5,""unstarted"":1},{""node"":""N4"",""tasks"":4,""started"":4,""wait"":16.5,""unstarted"":0},{""node"":""N5"",""tasks"":4,""started"":1,""wait"":17.0,""unstarted"":3},{""node"":""N6"",""tasks"":3,""started"":0,""wait"":null,""unstarted"":3},{""node"":""N7"",""tasks"":4,""started"":3,""wait"":43.666666666666664,""unstarted"":1},{""node"":""N8"",""tasks"":6,""started"":3,""wait"":29.333333333333332,""unstarted"":3}]",,
3,medium,0.5,lexicographic,11,24,0.5384615384615384,27.333333333333332,23.625,1362,12,30,84,275,4,28,0,1.516354900013539,20,3,0.35803293279928794,0,"[{""node"":""N3"",""tasks"":3,""started"":2,""wait"":10.5,""unstarted"":1},{""node"":""N4"",""tasks"":4,""started"":4,""wait"":23.75,""unstarted"":0},{""node"":""N5"",""tasks"":4,""started"":2,""wait"":13.0,""unstarted"":2},{""node"":""N6"",""tasks"":3,""started"":1,""wait"":71.0,""unstarted"":2},{""node"":""N7"",""tasks"":4,""started"":1,""wait"":23.0,""unstarted"":3},{""node"":""N8"",""tasks"":6,""started"":2,""wait"":46.0,""unstarted"":4}]",13,13
3,medium,0.5,rolling_forecast,12,24,0.5384615384615384,22.76923076923077,21.625,1234,13,30,0,267,4,12,0,1.1768404000467854,20,0,0.22654320987654328,1,"[{""node"":""N3"",""tasks"":3,""started"":2,""wait"":10.5,""unstarted"":1},{""node"":""N4"",""tasks"":4,""started"":4,""wait"":16.5,""unstarted"":0},{""node"":""N5"",""tasks"":4,""started"":1,""wait"":17.0,""unstarted"":3},{""node"":""N6"",""tasks"":3,""started"":0,""wait"":null,""unstarted"":3},{""node"":""N7"",""tasks"":4,""started"":3,""wait"":34.666666666666664,""unstarted"":1},{""node"":""N8"",""tasks"":6,""started"":3,""wait"":29.333333333333332,""unstarted"":3}]",,
3,high,0.5,greedy,12,36,0.43478260869565216,36.53333333333333,39.76923076923077,2678,15,57,217,363,14,21,0,0.0702078000176698,29,29,0.22172808132147395,0,"[{""node"":""N3"",""tasks"":6,""started"":4,""wait"":46.0,""unstarted"":2},{""node"":""N4"",""tasks"":7,""started"":4,""wait"":47.75,""unstarted"":3},{""node"":""N5"",""tasks"":5,""started"":2,""wait"":12.0,""unstarted"":3},{""node"":""N6"",""tasks"":4,""started"":2,""wait"":38.0,""unstarted"":2},{""node"":""N7"",""tasks"":6,""started"":2,""wait"":20.0,""unstarted"":4},{""node"":""N8"",""tasks"":8,""started"":1,""wait"":33.0,""unstarted"":7}]",,
3,high,0.5,static,4,36,0.08695652173913043,15.75,16.0,253,4,75,0,128,0,0,0,0.01693189999787137,1,0,0.1865079365079365,2,"[{""node"":""N3"",""tasks"":6,""started"":1,""wait"":8.0,""unstarted"":5},{""node"":""N4"",""tasks"":7,""started"":1,""wait"":15.0,""unstarted"":6},{""node"":""N5"",""tasks"":5,""started"":1,""wait"":17.0,""unstarted"":4},{""node"":""N6"",""tasks"":4,""started"":0,""wait"":null,""unstarted"":4},{""node"":""N7"",""tasks"":6,""started"":1,""wait"":23.0,""unstarted"":5},{""node"":""N8"",""tasks"":8,""started"":0,""wait"":null,""unstarted"":8}]",,
3,high,0.5,rolling,16,36,0.43478260869565216,30.27777777777778,24.272727272727273,2169,18,50,126,404,7,30,0,4.42657420001342,29,0,0.21741778319123023,0,"[{""node"":""N3"",""tasks"":6,""started"":5,""wait"":22.2,""unstarted"":1},{""node"":""N4"",""tasks"":7,""started"":2,""wait"":21.0,""unstarted"":5},{""node"":""N5"",""tasks"":5,""started"":2,""wait"":17.0,""unstarted"":3},{""node"":""N6"",""tasks"":4,""started"":2,""wait"":35.0,""unstarted"":2},{""node"":""N7"",""tasks"":6,""started"":2,""wait"":19.0,""unstarted"":4},{""node"":""N8"",""tasks"":8,""started"":5,""wait"":50.0,""unstarted"":3}]",,
3,high,0.5,lexicographic,14,36,0.5217391304347826,27.125,28.785714285714285,2108,16,52,95,396,14,62,0,3.03847520002455,29,7,0.15334186120882637,0,"[{""node"":""N3"",""tasks"":6,""started"":4,""wait"":32.75,""unstarted"":2},{""node"":""N4"",""tasks"":7,""started"":5,""wait"":29.6,""unstarted"":2},{""node"":""N5"",""tasks"":5,""started"":2,""wait"":12.0,""unstarted"":3},{""node"":""N6"",""tasks"":4,""started"":2,""wait"":29.0,""unstarted"":2},{""node"":""N7"",""tasks"":6,""started"":2,""wait"":20.0,""unstarted"":4},{""node"":""N8"",""tasks"":8,""started"":1,""wait"":33.0,""unstarted"":7}]",18,18
3,high,0.5,rolling_forecast,17,36,0.5217391304347826,28.055555555555557,27.846153846153847,2239,18,47,133,452,9,37,0,3.4115771000506356,29,1,0.25243111831442466,0,"[{""node"":""N3"",""tasks"":6,""started"":5,""wait"":22.2,""unstarted"":1},{""node"":""N4"",""tasks"":7,""started"":3,""wait"":20.0,""unstarted"":4},{""node"":""N5"",""tasks"":5,""started"":2,""wait"":14.0,""unstarted"":3},{""node"":""N6"",""tasks"":4,""started"":3,""wait"":53.0,""unstarted"":1},{""node"":""N7"",""tasks"":6,""started"":2,""wait"":19.0,""unstarted"":4},{""node"":""N8"",""tasks"":8,""started"":3,""wait"":36.333333333333336,""unstarted"":5}]",,
10,low,0.5,greedy,9,12,1.0,25.6,15.4,922,10,7,23,225,0,1,0,0.004612600037944503,14,14,0.3405622489959839,1,"[{""node"":""N3"",""tasks"":1,""started"":1,""wait"":8.0,""unstarted"":0},{""node"":""N4"",""tasks"":3,""started"":3,""wait"":15.0,""unstarted"":0},{""node"":""N5"",""tasks"":3,""started"":2,""wait"":16.0,""unstarted"":1},{""node"":""N6"",""tasks"":1,""started"":0,""wait"":null,""unstarted"":1},{""node"":""N7"",""tasks"":2,""started"":2,""wait"":34.0,""unstarted"":0},{""node"":""N8"",""tasks"":2,""started"":2,""wait"":51.5,""unstarted"":0}]",,
10,low,0.5,static,4,12,0.4,15.75,15.0,249,4,20,0,129,0,0,0,0.017127599989180453,1,0,0.21825396825396826,2,"[{""node"":""N3"",""tasks"":1,""started"":1,""wait"":8.0,""unstarted"":0},{""node"":""N4"",""tasks"":3,""started"":1,""wait"":13.0,""unstarted"":2},{""node"":""N5"",""tasks"":3,""started"":1,""wait"":17.0,""unstarted"":2},{""node"":""N6"",""tasks"":1,""started"":0,""wait"":null,""unstarted"":1},{""node"":""N7"",""tasks"":2,""started"":1,""wait"":25.0,""unstarted"":1},{""node"":""N8"",""tasks"":2,""started"":0,""wait"":null,""unstarted"":2}]",,
10,low,0.5,rolling,10,12,1.0,20.8,19.0,814,10,5,0,214,0,0,0,0.10286830003315117,14,0,0.19098497495826378,1,"[{""node"":""N3"",""tasks"":1,""started"":1,""wait"":8.0,""unstarted"":0},{""node"":""N4"",""tasks"":3,""started"":3,""wait"":16.333333333333332,""unstarted"":0},{""node"":""N5"",""tasks"":3,""started"":2,""wait"":23.0,""unstarted"":1},{""node"":""N6"",""tasks"":1,""started"":0,""wait"":null,""unstarted"":1},{""node"":""N7"",""tasks"":2,""started"":2,""wait"":27.5,""unstarted"":0},{""node"":""N8"",""tasks"":2,""started"":2,""wait"":25.0,""unstarted"":0}]",,
10,low,0.5,lexicographic,8,12,1.0,28.0,13.2,888,9,9,73,179,2,1,0,0.43212949998269323,14,0,0.4488888888888889,1,"[{""node"":""N3"",""tasks"":1,""started"":1,""wait"":8.0,""unstarted"":0},{""node"":""N4"",""tasks"":3,""started"":3,""wait"":15.0,""unstarted"":0},{""node"":""N5"",""tasks"":3,""started"":2,""wait"":10.5,""unstarted"":1},{""node"":""N6"",""tasks"":1,""started"":0,""wait"":null,""unstarted"":1},{""node"":""N7"",""tasks"":2,""started"":1,""wait"":25.0,""unstarted"":1},{""node"":""N8"",""tasks"":2,""started"":2,""wait"":76.5,""unstarted"":0}]",14,14
10,low,0.5,rolling_forecast,10,12,1.0,20.8,19.0,814,10,5,0,214,0,0,0,0.0996824000030756,14,0,0.19098497495826378,1,"[{""node"":""N3"",""tasks"":1,""started"":1,""wait"":8.0,""unstarted"":0},{""node"":""N4"",""tasks"":3,""started"":3,""wait"":16.333333333333332,""unstarted"":0},{""node"":""N5"",""tasks"":3,""started"":2,""wait"":23.0,""unstarted"":1},{""node"":""N6"",""tasks"":1,""started"":0,""wait"":null,""unstarted"":1},{""node"":""N7"",""tasks"":2,""started"":2,""wait"":27.5,""unstarted"":0},{""node"":""N8"",""tasks"":2,""started"":2,""wait"":25.0,""unstarted"":0}]",,
10,medium,0.5,greedy,14,24,0.8,31.625,25.77777777777778,1982,16,23,158,340,4,7,0,0.014460300008067861,19,19,0.29738815619343156,0,"[{""node"":""N3"",""tasks"":4,""started"":3,""wait"":11.333333333333334,""unstarted"":1},{""node"":""N4"",""tasks"":4,""started"":4,""wait"":24.75,""unstarted"":0},{""node"":""N5"",""tasks"":4,""started"":2,""wait"":31.0,""unstarted"":2},{""node"":""N6"",""tasks"":3,""started"":1,""wait"":75.0,""unstarted"":2},{""node"":""N7"",""tasks"":4,""started"":2,""wait"":27.5,""unstarted"":2},{""node"":""N8"",""tasks"":5,""started"":4,""wait"":45.25,""unstarted"":1}]",,
10,medium,0.5,static,4,24,0.2,15.75,15.0,249,4,43,0,129,0,0,0,0.013037199998507276,1,0,0.21825396825396826,2,"[{""node"":""N3"",""tasks"":4,""started"":1,""wait"":8.0,""unstarted"":3},{""node"":""N4"",""tasks"":4,""started"":1,""wait"":13.0,""unstarted"":3},{""node"":""N5"",""tasks"":4,""started"":1,""wait"":17.0,""unstarted"":3},{""node"":""N6"",""tasks"":3,""started"":0,""wait"":null,""unstarted"":3},{""node"":""N7"",""tasks"":4,""started"":1,""wait"":25.0,""unstarted"":3},{""node"":""N8"",""tasks"":5,""started"":0,""wait"":null,""unstarted"":5}]",,
10,medium,0.5,rolling,14,24,0.8,25.1875,27.7,1763,16,22,48,309,0,7,0,0.42291179997846484,19,0,0.22210095497953616,1,"[{""node"":""N3"",""tasks"":4,""started"":3,""wait"":10.0,""unstarted"":1},{""node"":""N4"",""tasks"":4,""started"":4,""wait"":23.5,""unstarted"":0},{""node"":""N5"",""tasks"":4,""started"":3,""wait"":20.666666666666668,""unstarted"":1},{""node"":""N6"",""tasks"":3,""started"":0,""wait"":null,""unstarted"":3},{""node"":""N7"",""tasks"":4,""started"":2,""wait"":27.5,""unstarted"":2},{""node"":""N8"",""tasks"":5,""started"":4,""wait"":40.5,""unstarted"":1}]",,
10,medium,0.5,lexicographic,16,24,1.0,29.529411764705884,17.7,1860,17,17,166,311,1,1,0,0.9809422999969684,19,0,0.3592259471245571,0,"[{""node"":""N3"",""tasks"":4,""started"":3,""wait"":11.333333333333334,""unstarted"":1},{""node"":""N4"",""tasks"":4,""started"":4,""wait"":14.75,""unstarted"":0},{""node"":""N5"",""tasks"":4,""started"":3,""wait"":22.0,""unstarted"":1},{""node"":""N6"",""tasks"":3,""started"":1,""wait"":75.0,""unstarted"":2},{""node"":""N7"",""tasks"":4,""started"":2,""wait"":27.5,""unstarted"":2},{""node"":""N8"",""tasks"":5,""started"":4,""wait"":53.25,""unstarted"":1}]",19,19
10,medium,0.5,rolling_forecast,14,24,0.8,25.1875,27.7,1763,16,22,48,309,0,7,0,0.4456318999873474,19,0,0.22210095497953616,1,"[{""node"":""N3"",""tasks"":4,""started"":3,""wait"":10.0,""unstarted"":1},{""node"":""N4"",""tasks"":4,""started"":4,""wait"":23.5,""unstarted"":0},{""node"":""N5"",""tasks"":4,""started"":3,""wait"":20.666666666666668,""unstarted"":1},{""node"":""N6"",""tasks"":3,""started"":0,""wait"":null,""unstarted"":3},{""node"":""N7"",""tasks"":4,""started"":2,""wait"":27.5,""unstarted"":2},{""node"":""N8"",""tasks"":5,""started"":4,""wait"":40.5,""unstarted"":1}]",,
10,high,0.5,greedy,15,36,0.5,44.411764705882355,45.69230769230769,3453,17,44,335,398,14,13,0,0.043789599993033335,27,27,0.10235588077815459,0,"[{""node"":""N3"",""tasks"":5,""started"":2,""wait"":44.5,""unstarted"":3},{""node"":""N4"",""tasks"":6,""started"":4,""wait"":36.75,""unstarted"":2},{""node"":""N5"",""tasks"":5,""started"":2,""wait"":51.0,""unstarted"":3},{""node"":""N6"",""tasks"":6,""started"":2,""wait"":64.5,""unstarted"":4},{""node"":""N7"",""tasks"":8,""started"":5,""wait"":40.4,""unstarted"":3},{""node"":""N8"",""tasks"":6,""started"":2,""wait"":43.0,""unstarted"":4}]",,
10,high,0.5,static,4,36,0.09090909090909091,15.75,15.0,249,4,66,0,129,0,0,0,0.015340799989644438,1,0,0.21825396825396826,2,"[{""node"":""N3"",""tasks"":5,""started"":1,""wait"":8.0,""unstarted"":4},{""node"":""N4"",""tasks"":6,""started"":1,""wait"":13.0,""unstarted"":5},{""node"":""N5"",""tasks"":5,""started"":1,""wait"":17.0,""unstarted"":4},{""node"":""N6"",""tasks"":6,""started"":0,""wait"":null,""unstarted"":6},{""node"":""N7"",""tasks"":8,""started"":1,""wait"":25.0,""unstarted"":7},{""node"":""N8"",""tasks"":6,""started"":0,""wait"":null,""unstarted"":6}]",,
10,high,0.5,rolling,18,36,0.6363636363636364,29.38095238095238,31.9375,2873,21,38,126,333,9,22,0,2.127937299956102,27,0,0.3217304441370831,0,"[{""node"":""N3"",""tasks"":5,""started"":2,""wait"":18.5,""unstarted"":3},{""node"":""N4"",""tasks"":6,""started"":5,""wait"":24.6,""unstarted"":1},{""node"":""N5"",""tasks"":5,""started"":4,""wait"":22.0,""unstarted"":1},{""node"":""N6"",""tasks"":6,""started"":1,""wait"":86.0,""unstarted"":5},{""node"":""N7"",""tasks"":8,""started"":5,""wait"":19.8,""unstarted"":3},{""node"":""N8"",""tasks"":6,""started"":4,""wait"":46.0,""unstarted"":2}]",,
10,high,0.5,lexicographic,18,36,0.6363636363636364,40.9,40.5,3750,20,38,343,358,28,30,0,3.2283889000245836,27,2,0.26108486554405136,0,"[{""node"":""N3"",""tasks"":5,""started"":3,""wait"":17.333333333333332,""unstarted"":2},{""node"":""N4"",""tasks"":6,""started"":5,""wait"":34.6,""unstarted"":1},{""node"":""N5"",""tasks"":5,""started"":2,""wait"":51.5,""unstarted"":3},{""node"":""N6"",""tasks"":6,""started"":1,""wait"":61.0,""unstarted"":5},{""node"":""N7"",""tasks"":8,""started"":7,""wait"":35.857142857142854,""unstarted"":1},{""node"":""N8"",""tasks"":6,""started"":2,""wait"":89.0,""unstarted"":4}]",20,23
10,high,0.5,rolling_forecast,18,36,0.6363636363636364,29.38095238095238,31.9375,2873,21,38,126,333,9,22,0,2.1160938999673817,27,0,0.3217304441370831,0,"[{""node"":""N3"",""tasks"":5,""started"":2,""wait"":18.5,""unstarted"":3},{""node"":""N4"",""tasks"":6,""started"":5,""wait"":24.6,""unstarted"":1},{""node"":""N5"",""tasks"":5,""started"":4,""wait"":22.0,""unstarted"":1},{""node"":""N6"",""tasks"":6,""started"":1,""wait"":86.0,""unstarted"":5},{""node"":""N7"",""tasks"":8,""started"":5,""wait"":19.8,""unstarted"":3},{""node"":""N8"",""tasks"":6,""started"":4,""wait"":46.0,""unstarted"":2}]",,
6,low,0.5,greedy,9,12,1.0,31.6,22.2,1170,10,7,46,251,0,2,0,0.005190100011532195,14,14,0.3072527472527472,1,"[{""node"":""N3"",""tasks"":1,""started"":1,""wait"":10.0,""unstarted"":0},{""node"":""N4"",""tasks"":3,""started"":3,""wait"":22.666666666666668,""unstarted"":0},{""node"":""N5"",""tasks"":3,""started"":2,""wait"":21.5,""unstarted"":1},{""node"":""N6"",""tasks"":1,""started"":0,""wait"":null,""unstarted"":1},{""node"":""N7"",""tasks"":2,""started"":2,""wait"":37.0,""unstarted"":0},{""node"":""N8"",""tasks"":2,""started"":2,""wait"":60.5,""unstarted"":0}]",,
6,low,0.5,static,4,12,0.4,17.75,18.5,287,4,20,0,133,0,0,0,0.014252300010412,1,0,0.15845070422535212,2,"[{""node"":""N3"",""tasks"":1,""started"":1,""wait"":10.0,""unstarted"":0},{""node"":""N4"",""tasks"":3,""started"":1,""wait"":17.0,""unstarted"":2},{""node"":""N5"",""tasks"":3,""started"":1,""wait"":20.0,""unstarted"":2},{""node"":""N6"",""tasks"":1,""started"":0,""wait"":null,""unstarted"":1},{""node"":""N7"",""tasks"":2,""started"":1,""wait"":24.0,""unstarted"":1},{""node"":""N8"",""tasks"":2,""started"":0,""wait"":null,""unstarted"":2}]",,
6,low,0.5,rolling,9,12,1.0,25.444444444444443,24.6,933,9,7,7,230,0,1,0,0.14070830002310686,14,0,0.19271255060728745,1,"[{""node"":""N3"",""tasks"":1,""started"":1,""wait"":10.0,""unstarted"":0},{""node"":""N4"",""tasks"":3,""started"":3,""wait"":27.0,""unstarted"":0},{""node"":""N5"",""tasks"":3,""started"":2,""wait"":21.0,""unstarted"":1},{""node"":""N6"",""tasks"":1,""started"":0,""wait"":null,""unstarted"":1},{""node"":""N7"",""tasks"":2,""started"":2,""wait"":30.5,""unstarted"":0},{""node"":""N8"",""tasks"":2,""started"":1,""wait"":35.0,""unstarted"":1}]",,
6,low,0.5,lexicographic,9,12,1.0,30.2,22.2,1128,10,7,41,251,1,1,0,0.28325500001665205,14,0,0.3027649769585253,1,"[{""node"":""N3"",""tasks"":1,""started"":1,""wait"":10.0,""unstarted"":0},{""node"":""N4"",""tasks"":3,""started"":3,""wait"":22.666666666666668,""unstarted"":0},{""node"":""N5"",""tasks"":3,""started"":2,""wait"":21.5,""unstarted"":1},{""node"":""N6"",""tasks"":1,""started"":0,""wait"":null,""unstarted"":1},{""node"":""N7"",""tasks"":2,""started"":2,""wait"":30.0,""unstarted"":0},{""node"":""N8"",""tasks"":2,""started"":2,""wait"":60.5,""unstarted"":0}]",14,14
6,low,0.5,rolling_forecast,9,12,1.0,25.444444444444443,24.6,933,9,7,7,230,0,1,0,0.1402298000175506,14,0,0.19271255060728745,1,"[{""node"":""N3"",""tasks"":1,""started"":1,""wait"":10.0,""unstarted"":0},{""node"":""N4"",""tasks"":3,""started"":3,""wait"":27.0,""unstarted"":0},{""node"":""N5"",""tasks"":3,""started"":2,""wait"":21.0,""unstarted"":1},{""node"":""N6"",""tasks"":1,""started"":0,""wait"":null,""unstarted"":1},{""node"":""N7"",""tasks"":2,""started"":2,""wait"":30.5,""unstarted"":0},{""node"":""N8"",""tasks"":2,""started"":1,""wait"":35.0,""unstarted"":1}]",,
6,medium,0.5,greedy,13,24,0.6923076923076923,34.46666666666667,41.27272727272727,2459,15,28,161,347,8,13,0,0.024415000021690503,23,23,0.24172219374679646,1,"[{""node"":""N3"",""tasks"":5,""started"":4,""wait"":26.25,""unstarted"":1},{""node"":""N4"",""tasks"":5,""started"":4,""wait"":53.5,""unstarted"":1},{""node"":""N5"",""tasks"":4,""started"":2,""wait"":39.5,""unstarted"":2},{""node"":""N6"",""tasks"":4,""started"":2,""wait"":11.0,""unstarted"":2},{""node"":""N7"",""tasks"":4,""started"":3,""wait"":32.333333333333336,""unstarted"":1},{""node"":""N8"",""tasks"":2,""started"":0,""wait"":null,""unstarted"":2}]",,
6,medium,0.5,static,4,24,0.15384615384615385,17.75,18.5,287,4,48,0,133,0,0,0,0.015357199998106807,1,0,0.15845070422535212,2,"[{""node"":""N3"",""tasks"":5,""started"":1,""wait"":10.0,""unstarted"":4},{""node"":""N4"",""tasks"":5,""started"":1,""wait"":17.0,""unstarted"":4},{""node"":""N5"",""tasks"":4,""started"":1,""wait"":20.0,""unstarted"":3},{""node"":""N6"",""tasks"":4,""started"":0,""wait"":null,""unstarted"":4},{""node"":""N7"",""tasks"":4,""started"":1,""wait"":24.0,""unstarted"":3},{""node"":""N8"",""tasks"":2,""started"":0,""wait"":null,""unstarted"":2}]",,
6,medium,0.5,rolling,14,24,0.7692307692307693,28.666666666666668,33.36363636363637,2024,15,25,128,306,5,15,0,1.0951165999867953,23,0,0.27294117647058824,1,"[{""node"":""N3"",""tasks"":5,""started"":4,""wait"":30.0,""unstarted"":1},{""node"":""N4"",""tasks"":5,""started"":4,""wait"":48.5,""unstarted"":1},{""node"":""N5"",""tasks"":4,""started"":2,""wait"":20.0,""unstarted"":2},{""node"":""N6"",""tasks"":4,""started"":2,""wait"":11.0,""unstarted"":2},{""node"":""N7"",""tasks"":4,""started"":3,""wait"":18.0,""unstarted"":1},{""node"":""N8"",""tasks"":2,""started"":0,""wait"":null,""unstarted"":2}]",,
6,medium,0.5,lexicographic,14,24,0.7692307692307693,31.2,36.81818181818182,2214,15,25,135,320,10,16,0,1.8336643000220647,23,0,0.20875553369404823,1,"[{""node"":""N3"",""tasks"":5,""started"":5,""wait"":40.2,""unstarted"":0},{""node"":""N4"",""tasks"":5,""started"":4,""wait"":32.0,""unstarted"":1},{""node"":""N5"",""tasks"":4,""started"":1,""wait"":20.0,""unstarted"":3},{""node"":""N6"",""tasks"":4,""started"":2,""wait"":11.0,""unstarted"":2},{""node"":""N7"",""tasks"":4,""started"":3,""wait"":32.333333333333336,""unstarted"":1},{""node"":""N8"",""tasks"":2,""started"":0,""wait"":null,""unstarted"":2}]",21,22
6,medium,0.5,rolling_forecast,14,24,0.7692307692307693,28.666666666666668,33.36363636363637,2024,15,25,128,306,5,15,0,1.0792442999518244,23,0,0.27294117647058824,1,"[{""node"":""N3"",""tasks"":5,""started"":4,""wait"":30.0,""unstarted"":1},{""node"":""N4"",""tasks"":5,""started"":4,""wait"":48.5,""unstarted"":1},{""node"":""N5"",""tasks"":4,""started"":2,""wait"":20.0,""unstarted"":2},{""node"":""N6"",""tasks"":4,""started"":2,""wait"":11.0,""unstarted"":2},{""node"":""N7"",""tasks"":4,""started"":3,""wait"":18.0,""unstarted"":1},{""node"":""N8"",""tasks"":2,""started"":0,""wait"":null,""unstarted"":2}]",,
6,high,0.5,greedy,15,36,0.5789473684210527,36.0,40.42857142857143,3076,18,49,230,389,11,20,0,0.05176690004009288,29,29,0.1541685242978154,1,"[{""node"":""N3"",""tasks"":5,""started"":4,""wait"":41.25,""unstarted"":1},{""node"":""N4"",""tasks"":11,""started"":7,""wait"":36.714285714285715,""unstarted"":4},{""node"":""N5"",""tasks"":5,""started"":1,""wait"":20.0,""unstarted"":4},{""node"":""N6"",""tasks"":7,""started"":2,""wait"":21.5,""unstarted"":5},{""node"":""N7"",""tasks"":5,""started"":4,""wait"":40.75,""unstarted"":1},{""node"":""N8"",""tasks"":3,""started"":0,""wait"":null,""unstarted"":3}]",,
6,high,0.5,static,4,36,0.10526315789473684,17.75,18.5,287,4,71,0,133,0,0,0,0.009756800005561672,1,0,0.15845070422535212,2,"[{""node"":""N3"",""tasks"":5,""started"":1,""wait"":10.0,""unstarted"":4},{""node"":""N4"",""tasks"":11,""started"":1,""wait"":17.0,""unstarted"":10},{""node"":""N5"",""tasks"":5,""started"":1,""wait"":20.0,""unstarted"":4},{""node"":""N6"",""tasks"":7,""started"":0,""wait"":null,""unstarted"":7},{""node"":""N7"",""tasks"":5,""started"":1,""wait"":24.0,""unstarted"":4},{""node"":""N8"",""tasks"":3,""started"":0,""wait"":null,""unstarted"":3}]",,
6,high,0.5,rolling,18,36,0.6842105263157895,24.65,24.533333333333335,2215,20,44,114,335,25,30,0,4.4312045999540715,29,0,0.18153282762228617,1,"[{""node"":""N3"",""tasks"":5,""started"":4,""wait"":30.0,""unstarted"":1},{""node"":""N4"",""tasks"":11,""started"":9,""wait"":27.444444444444443,""unstarted"":2},{""node"":""N5"",""tasks"":5,""started"":2,""wait"":19.5,""unstarted"":3},{""node"":""N6"",""tasks"":7,""started"":1,""wait"":10.0,""unstarted"":6},{""node"":""N7"",""tasks"":5,""started"":4,""wait"":19.25,""unstarted"":1},{""node"":""N8"",""tasks"":3,""started"":0,""wait"":null,""unstarted"":3}]",,
6,high,0.5,lexicographic,13,36,0.47368421052631576,37.0,41.92307692307692,2977,17,54,252,356,23,50,0,2.263175699990825,29,11,0.19226190476190477,1,"[{""node"":""N3"",""tasks"":5,""started"":4,""wait"":48.75,""unstarted"":1},{""node"":""N4"",""tasks"":11,""started"":6,""wait"":31.0,""unstarted"":5},{""node"":""N5"",""tasks"":5,""started"":1,""wait"":20.0,""unstarted"":4},{""node"":""N6"",""tasks"":7,""started"":2,""wait"":22.5,""unstarted"":5},{""node"":""N7"",""tasks"":5,""started"":4,""wait"":45.75,""unstarted"":1},{""node"":""N8"",""tasks"":3,""started"":0,""wait"":null,""unstarted"":3}]",9,11
6,high,0.5,rolling_forecast,19,36,0.6842105263157895,25.761904761904763,22.785714285714285,2261,21,42,152,324,33,31,0,4.283047299992177,29,0,0.10806754221388368,1,"[{""node"":""N3"",""tasks"":5,""started"":3,""wait"":33.666666666666664,""unstarted"":2},{""node"":""N4"",""tasks"":11,""started"":8,""wait"":24.5,""unstarted"":3},{""node"":""N5"",""tasks"":5,""started"":3,""wait"":25.666666666666668,""unstarted"":2},{""node"":""N6"",""tasks"":7,""started"":3,""wait"":30.666666666666668,""unstarted"":4},{""node"":""N7"",""tasks"":5,""started"":4,""wait"":18.75,""unstarted"":1},{""node"":""N8"",""tasks"":3,""started"":0,""wait"":null,""unstarted"":3}]",,
8,low,0.5,greedy,9,12,1.0,28.8,18.8,1052,10,7,40,249,0,2,0,0.005395799977122806,14,14,0.3248513674197383,1,"[{""node"":""N3"",""tasks"":1,""started"":1,""wait"":10.0,""unstarted"":0},{""node"":""N4"",""tasks"":3,""started"":3,""wait"":17.666666666666668,""unstarted"":0},{""node"":""N5"",""tasks"":3,""started"":2,""wait"":20.5,""unstarted"":1},{""node"":""N6"",""tasks"":1,""started"":0,""wait"":null,""unstarted"":1},{""node"":""N7"",""tasks"":2,""started"":2,""wait"":32.5,""unstarted"":0},{""node"":""N8"",""tasks"":2,""started"":2,""wait"":59.5,""unstarted"":0}]",,
8,low,0.5,static,4,12,0.4,16.0,17.5,262,4,20,0,126,0,0,0,0.015705700003309175,1,0,0.1328125,2,"[{""node"":""N3"",""tasks"":1,""started"":1,""wait"":10.0,""unstarted"":0},{""node"":""N4"",""tasks"":3,""started"":1,""wait"":15.0,""unstarted"":2},{""node"":""N5"",""tasks"":3,""started"":1,""wait"":20.0,""unstarted"":2},{""node"":""N6"",""tasks"":1,""started"":0,""wait"":null,""unstarted"":1},{""node"":""N7"",""tasks"":2,""started"":1,""wait"":19.0,""unstarted"":1},{""node"":""N8"",""tasks"":2,""started"":0,""wait"":null,""unstarted"":2}]",,
8,low,0.5,rolling,10,12,1.0,22.2,21.6,882,10,5,0,225,0,0,0,0.09298329999728594,14,0,0.1578783151326053,1,"[{""node"":""N3"",""tasks"":1,""started"":1,""wait"":10.0,""unstarted"":0},{""node"":""N4"",""tasks"":3,""started"":3,""wait"":18.333333333333332,""unstarted"":0},{""node"":""N5"",""tasks"":3,""started"":2,""wait"":26.5,""unstarted"":1},{""node"":""N6"",""tasks"":1,""started"":0,""wait"":null,""unstarted"":1},{""node"":""N7"",""tasks"":2,""started"":2,""wait"":25.0,""unstarted"":0},{""node"":""N8"",""tasks"":2,""started"":2,""wait"":27.0,""unstarted"":0}]",,
8,low,0.5,lexicographic,9,12,1.0,20.77777777777778,21.2,773,9,7,0,223,1,2,0,0.3385441999998875,14,0,0.15827814569536425,1,"[{""node"":""N3"",""tasks"":1,""started"":1,""wait"":10.0,""unstarted"":0},{""node"":""N4"",""tasks"":3,""started"":3,""wait"":17.666666666666668,""unstarted"":0},{""node"":""N5"",""tasks"":3,""started"":2,""wait"":26.5,""unstarted"":1},{""node"":""N6"",""tasks"":1,""started"":0,""wait"":null,""unstarted"":1},{""node"":""N7"",""tasks"":2,""started"":2,""wait"":24.5,""unstarted"":0},{""node"":""N8"",""tasks"":2,""started"":1,""wait"":22.0,""unstarted"":1}]",14,14
8,low,0.5,rolling_forecast,10,12,1.0,22.2,21.6,882,10,5,0,225,0,0,0,0.11408389998541679,14,0,0.1578783151326053,1,"[{""node"":""N3"",""tasks"":1,""started"":1,""wait"":10.0,""unstarted"":0},{""node"":""N4"",""tasks"":3,""started"":3,""wait"":18.333333333333332,""unstarted"":0},{""node"":""N5"",""tasks"":3,""started"":2,""wait"":26.5,""unstarted"":1},{""node"":""N6"",""tasks"":1,""started"":0,""wait"":null,""unstarted"":1},{""node"":""N7"",""tasks"":2,""started"":2,""wait"":25.0,""unstarted"":0},{""node"":""N8"",""tasks"":2,""started"":2,""wait"":27.0,""unstarted"":0}]",,
8,medium,0.5,greedy,15,24,1.0,26.75,27.818181818181817,1896,16,20,43,266,9,4,0,0.01610499998787418,20,20,0.18091107820322969,0,"[{""node"":""N3"",""tasks"":4,""started"":3,""wait"":21.666666666666668,""unstarted"":1},{""node"":""N4"",""tasks"":6,""started"":5,""wait"":30.4,""unstarted"":1},{""node"":""N5"",""tasks"":4,""started"":2,""wait"":28.5,""unstarted"":2},{""node"":""N6"",""tasks"":3,""started"":2,""wait"":19.0,""unstarted"":1},{""node"":""N7"",""tasks"":3,""started"":2,""wait"":16.0,""unstarted"":1},{""node"":""N8"",""tasks"":4,""started"":2,""wait"":42.0,""unstarted"":2}]",,
8,medium,0.5,static,4,24,0.18181818181818182,16.0,17.5,262,4,44,0,126,0,0,0,0.011208500000066124,1,0,0.1328125,2,"[{""node"":""N3"",""tasks"":4,""started"":1,""wait"":10.0,""unstarted"":3},{""node"":""N4"",""tasks"":6,""started"":1,""wait"":15.0,""unstarted"":5},{""node"":""N5"",""tasks"":4,""started"":1,""wait"":20.0,""unstarted"":3},{""node"":""N6"",""tasks"":3,""started"":0,""wait"":null,""unstarted"":3},{""node"":""N7"",""tasks"":3,""started"":1,""wait"":19.0,""unstarted"":2},{""node"":""N8"",""tasks"":4,""started"":0,""wait"":null,""unstarted"":4}]",,
8,medium,0.5,rolling,15,24,0.7272727272727273,24.1875,26.22222222222222,1633,16,22,20,277,4,3,0,0.6187232999945991,20,0,0.18371317398554754,0,"[{""node"":""N3"",""tasks"":4,""started"":3,""wait"":13.333333333333334,""unstarted"":1},{""node"":""N4"",""tasks"":6,""started"":4,""wait"":26.75,""unstarted"":2},{""node"":""N5"",""tasks"":4,""started"":2,""wait"":35.0,""unstarted"":2},{""node"":""N6"",""tasks"":3,""started"":2,""wait"":19.0,""unstarted"":1},{""node"":""N7"",""tasks"":3,""started"":2,""wait"":35.5,""unstarted"":1},{""node"":""N8"",""tasks"":4,""started"":3,""wait"":20.333333333333332,""unstarted"":1}]",,
8,medium,0.5,lexicographic,13,24,0.8181818181818182,25.857142857142858,29.0,1666,14,25,38,278,3,6,0,1.2515946000494296,20,0,0.19284816211818648,0,"[{""node"":""N3"",""tasks"":4,""started"":3,""wait"":11.333333333333334,""unstarted"":1},{""node"":""N4"",""tasks"":6,""started"":5,""wait"":34.4,""unstarted"":1},{""node"":""N5"",""tasks"":4,""started"":2,""wait"":32.5,""unstarted"":2},{""node"":""N6"",""tasks"":3,""started"":2,""wait"":19.0,""unstarted"":1},{""node"":""N7"",""tasks"":3,""started"":1,""wait"":19.0,""unstarted"":2},{""node"":""N8"",""tasks"":4,""started"":1,""wait"":34.0,""unstarted"":3}]",20,20
8,medium,0.5,rolling_forecast,15,24,0.7272727272727273,24.1875,26.22222222222222,1633,16,22,20,277,4,3,0,0.614388299989514,20,0,0.18371317398554754,0,"[{""node"":""N3"",""tasks"":4,""started"":3,""wait"":13.333333333333334,""unstarted"":1},{""node"":""N4"",""tasks"":6,""started"":4,""wait"":26.75,""unstarted"":2},{""node"":""N5"",""tasks"":4,""started"":2,""wait"":35.0,""unstarted"":2},{""node"":""N6"",""tasks"":3,""started"":2,""wait"":19.0,""unstarted"":1},{""node"":""N7"",""tasks"":3,""started"":2,""wait"":35.5,""unstarted"":1},{""node"":""N8"",""tasks"":4,""started"":3,""wait"":20.333333333333332,""unstarted"":1}]",,
8,high,0.5,greedy,16,36,0.5833333333333334,34.22222222222222,36.6875,3022,18,41,195,318,12,15,0,0.04041120001056697,29,29,0.16150234741784036,1,"[{""node"":""N3"",""tasks"":6,""started"":3,""wait"":44.666666666666664,""unstarted"":3},{""node"":""N4"",""tasks"":7,""started"":6,""wait"":37.333333333333336,""unstarted"":1},{""node"":""N5"",""tasks"":7,""started"":3,""wait"":30.0,""unstarted"":4},{""node"":""N6"",""tasks"":6,""started"":4,""wait"":18.5,""unstarted"":2},{""node"":""N7"",""tasks"":5,""started"":2,""wait"":47.0,""unstarted"":3},{""node"":""N8"",""tasks"":5,""started"":0,""wait"":null,""unstarted"":5}]",,
8,high,0.5,static,4,36,0.08333333333333333,16.0,17.5,262,4,66,0,126,0,0,0,0.013274199998704717,1,0,0.1328125,2,"[{""node"":""N3"",""tasks"":6,""started"":1,""wait"":10.0,""unstarted"":5},{""node"":""N4"",""tasks"":7,""started"":1,""wait"":15.0,""unstarted"":6},{""node"":""N5"",""tasks"":7,""started"":1,""wait"":20.0,""unstarted"":6},{""node"":""N6"",""tasks"":6,""started"":0,""wait"":null,""unstarted"":6},{""node"":""N7"",""tasks"":5,""started"":1,""wait"":19.0,""unstarted"":4},{""node"":""N8"",""tasks"":5,""started"":0,""wait"":null,""unstarted"":5}]",,
8,high,0.5,rolling,20,36,0.7083333333333334,36.04,39.04761904761905,4343,25,34,349,297,26,17,0,4.628558199998224,29,0,0.14488139388426285,0,"[{""node"":""N3"",""tasks"":6,""started"":5,""wait"":22.4,""unstarted"":1},{""node"":""N4"",""tasks"":7,""started"":7,""wait"":41.857142857142854,""unstarted"":0},{""node"":""N5"",""tasks"":7,""started"":5,""wait"":38.4,""unstarted"":2},{""node"":""N6"",""tasks"":6,""started"":5,""wait"":40.0,""unstarted"":1},{""node"":""N7"",""tasks"":5,""started"":1,""wait"":19.0,""unstarted"":4},{""node"":""N8"",""tasks"":5,""started"":2,""wait"":42.5,""unstarted"":3}]",,
8,high,0.5,lexicographic,16,36,0.5833333333333334,34.63157894736842,36.875,3154,19,40,212,288,22,30,0,2.698785799962934,29,9,0.1325811001410437,1,"[{""node"":""N3"",""tasks"":6,""started"":3,""wait"":33.0,""unstarted"":3},{""node"":""N4"",""tasks"":7,""started"":6,""wait"":38.0,""unstarted"":1},{""node"":""N5"",""tasks"":7,""started"":4,""wait"":38.75,""unstarted"":3},{""node"":""N6"",""tasks"":6,""started"":4,""wait"":20.5,""unstarted"":2},{""node"":""N7"",""tasks"":5,""started"":2,""wait"":47.0,""unstarted"":3},{""node"":""N8"",""tasks"":5,""started"":0,""wait"":null,""unstarted"":5}]",13,15
8,high,0.5,rolling_forecast,18,36,0.5416666666666666,34.095238095238095,32.8,3132,21,38,261,305,16,32,0,3.8668047999817645,29,0,0.1921373200442968,0,"[{""node"":""N3"",""tasks"":6,""started"":4,""wait"":13.75,""unstarted"":2},{""node"":""N4"",""tasks"":7,""started"":6,""wait"":28.5,""unstarted"":1},{""node"":""N5"",""tasks"":7,""started"":2,""wait"":43.5,""unstarted"":5},{""node"":""N6"",""tasks"":6,""started"":5,""wait"":41.0,""unstarted"":1},{""node"":""N7"",""tasks"":5,""started"":2,""wait"":42.5,""unstarted"":3},{""node"":""N8"",""tasks"":5,""started"":2,""wait"":56.5,""unstarted"":3}]",,
9,low,0.5,greedy,9,12,1.0,23.3,14.0,839,10,7,17,221,0,1,0,0.005027399995015003,14,14,0.34285714285714286,1,"[{""node"":""N3"",""tasks"":1,""started"":1,""wait"":8.0,""unstarted"":0},{""node"":""N4"",""tasks"":3,""started"":3,""wait"":14.666666666666666,""unstarted"":0},{""node"":""N5"",""tasks"":3,""started"":2,""wait"":13.0,""unstarted"":1},{""node"":""N6"",""tasks"":1,""started"":0,""wait"":null,""unstarted"":1},{""node"":""N7"",""tasks"":2,""started"":2,""wait"":29.0,""unstarted"":0},{""node"":""N8"",""tasks"":2,""started"":2,""wait"":48.5,""unstarted"":0}]",,
9,low,0.5,static,4,12,0.4,15.0,15.0,240,4,20,0,116,0,0,0,0.011316600008285604,1,0,0.19166666666666668,2,"[{""node"":""N3"",""tasks"":1,""started"":1,""wait"":8.0,""unstarted"":0},{""node"":""N4"",""tasks"":3,""started"":1,""wait"":13.0,""unstarted"":2},{""node"":""N5"",""tasks"":3,""started"":1,""wait"":17.0,""unstarted"":2},{""node"":""N6"",""tasks"":1,""started"":0,""wait"":null,""unstarted"":1},{""node"":""N7"",""tasks"":2,""started"":1,""wait"":22.0,""unstarted"":1},{""node"":""N8"",""tasks"":2,""started"":0,""wait"":null,""unstarted"":2}]",,
9,low,0.5,rolling,10,12,1.0,21.0,19.0,820,10,5,0,211,0,0,0,0.08856319999904372,14,0,0.19107438016528927,1,"[{""node"":""N3"",""tasks"":1,""started"":1,""wait"":8.0,""unstarted"":0},{""node"":""N4"",""tasks"":3,""started"":3,""wait"":16.333333333333332,""unstarted"":0},{""node"":""N5"",""tasks"":3,""started"":2,""wait"":23.0,""unstarted"":1},{""node"":""N6"",""tasks"":1,""started"":0,""wait"":null,""unstarted"":1},{""node"":""N7"",""tasks"":2,""started"":2,""wait"":27.0,""unstarted"":0},{""node"":""N8"",""tasks"":2,""started"":2,""wait"":26.5,""unstarted"":0}]",,
9,low,0.5,lexicographic,10,12,1.0,21.4,19.0,832,10,5,0,211,0,0,0,0.2078198999806773,14,0,0.20291734197730957,1,"[{""node"":""N3"",""tasks"":1,""started"":1,""wait"":8.0,""unstarted"":0},{""node"":""N4"",""tasks"":3,""started"":3,""wait"":16.333333333333332,""unstarted"":0},{""node"":""N5"",""tasks"":3,""started"":2,""wait"":23.0,""unstarted"":1},{""node"":""N6"",""tasks"":1,""started"":0,""wait"":null,""unstarted"":1},{""node"":""N7"",""tasks"":2,""started"":2,""wait"":29.0,""unstarted"":0},{""node"":""N8"",""tasks"":2,""started"":2,""wait"":26.5,""unstarted"":0}]",14,14
9,low,0.5,rolling_forecast,10,12,1.0,21.0,19.0,820,10,5,0,211,0,0,0,0.10094369998842012,14,0,0.19107438016528927,1,"[{""node"":""N3"",""tasks"":1,""started"":1,""wait"":8.0,""unstarted"":0},{""node"":""N4"",""tasks"":3,""started"":3,""wait"":16.333333333333332,""unstarted"":0},{""node"":""N5"",""tasks"":3,""started"":2,""wait"":23.0,""unstarted"":1},{""node"":""N6"",""tasks"":1,""started"":0,""wait"":null,""unstarted"":1},{""node"":""N7"",""tasks"":2,""started"":2,""wait"":27.0,""unstarted"":0},{""node"":""N8"",""tasks"":2,""started"":2,""wait"":26.5,""unstarted"":0}]",,
9,medium,0.5,greedy,15,24,0.9230769230769231,24.8125,23.846153846153847,1811,16,19,55,268,15,12,0,0.01884300002711825,22,22,0.10157068062827229,1,"[{""node"":""N3"",""tasks"":3,""started"":3,""wait"":21.333333333333332,""unstarted"":0},{""node"":""N4"",""tasks"":6,""started"":6,""wait"":24.0,""unstarted"":0},{""node"":""N5"",""tasks"":6,""started"":4,""wait"":23.5,""unstarted"":2},{""node"":""N6"",""tasks"":3,""started"":2,""wait"":36.5,""unstarted"":1},{""node"":""N7"",""tasks"":2,""started"":1,""wait"":22.0,""unstarted"":1},{""node"":""N8"",""tasks"":4,""started"":0,""wait"":null,""unstarted"":4}]",,
9,medium,0.5,static,4,24,0.15384615384615385,15.0,15.0,240,4,43,0,116,0,0,0,0.01689980000082869,1,0,0.19166666666666668,2,"[{""node"":""N3"",""tasks"":3,""started"":1,""wait"":8.0,""unstarted"":2},{""node"":""N4"",""tasks"":6,""started"":1,""wait"":13.0,""unstarted"":5},{""node"":""N5"",""tasks"":6,""started"":1,""wait"":17.0,""unstarted"":5},{""node"":""N6"",""tasks"":3,""started"":0,""wait"":null,""unstarted"":3},{""node"":""N7"",""tasks"":2,""started"":1,""wait"":22.0,""unstarted"":1},{""node"":""N8"",""tasks"":4,""started"":0,""wait"":null,""unstarted"":4}]",,
9,medium,0.5,rolling,15,24,0.6923076923076923,24.88235294117647,26.727272727272727,1857,17,20,34,363,14,8,0,0.9069348000048194,22,0,0.1827515400410677,0,"[{""node"":""N3"",""tasks"":3,""started"":3,""wait"":23.0,""unstarted"":0},{""node"":""N4"",""tasks"":6,""started"":4,""wait"":21.5,""unstarted"":2},{""node"":""N5"",""tasks"":6,""started"":4,""wait"":25.0,""unstarted"":2},{""node"":""N6"",""tasks"":3,""started"":1,""wait"":47.0,""unstarted"":2},{""node"":""N7"",""tasks"":2,""started"":2,""wait"":16.5,""unstarted"":0},{""node"":""N8"",""tasks"":4,""started"":3,""wait"":29.333333333333332,""unstarted"":1}]",,
9,medium,0.5,lexicographic,15,24,0.9230769230769231,23.625,22.615384615384617,1722,16,19,38,268,12,13,0,1.550355400016997,22,0,0.04795486600846263,1,"[{""node"":""N3"",""tasks"":3,""started"":3,""wait"":21.333333333333332,""unstarted"":0},{""node"":""N4"",""tasks"":6,""started"":6,""wait"":23.833333333333332,""unstarted"":0},{""node"":""N5"",""tasks"":6,""started"":4,""wait"":23.5,""unstarted"":2},{""node"":""N6"",""tasks"":3,""started"":2,""wait"":27.5,""unstarted"":1},{""node"":""N7"",""tasks"":2,""started"":1,""wait"":22.0,""unstarted"":1},{""node"":""N8"",""tasks"":4,""started"":0,""wait"":null,""unstarted"":4}]",21,21
9,medium,0.5,rolling_forecast,15,24,0.6923076923076923,24.88235294117647,26.727272727272727,1857,17,20,34,363,14,8,0,0.9243714999902295,22,0,0.1827515400410677,0,"[{""node"":""N3"",""tasks"":3,""started"":3,""wait"":23.0,""unstarted"":0},{""node"":""N4"",""tasks"":6,""started"":4,""wait"":21.5,""unstarted"":2},{""node"":""N5"",""tasks"":6,""started"":4,""wait"":25.0,""unstarted"":2},{""node"":""N6"",""tasks"":3,""started"":1,""wait"":47.0,""unstarted"":2},{""node"":""N7"",""tasks"":2,""started"":2,""wait"":16.5,""unstarted"":0},{""node"":""N8"",""tasks"":4,""started"":3,""wait"":29.333333333333332,""unstarted"":1}]",,
9,high,0.5,greedy,15,36,0.5416666666666666,36.26315789473684,38.76470588235294,3385,19,47,240,377,12,14,0,0.05049709999002516,32,32,0.18563520479419013,0,"[{""node"":""N3"",""tasks"":5,""started"":2,""wait"":25.0,""unstarted"":3},{""node"":""N4"",""tasks"":6,""started"":4,""wait"":30.75,""unstarted"":2},{""node"":""N5"",""tasks"":8,""started"":5,""wait"":42.2,""unstarted"":3},{""node"":""N6"",""tasks"":4,""started"":3,""wait"":42.0,""unstarted"":1},{""node"":""N7"",""tasks"":7,""started"":3,""wait"":21.333333333333332,""unstarted"":4},{""node"":""N8"",""tasks"":6,""started"":2,""wait"":57.5,""unstarted"":4}]",,
9,high,0.5,static,4,36,0.08333333333333333,15.0,15.0,240,4,69,0,116,0,0,0,0.012277899993932806,1,0,0.19166666666666668,2,"[{""node"":""N3"",""tasks"":5,""started"":1,""wait"":8.0,""unstarted"":4},{""node"":""N4"",""tasks"":6,""started"":1,""wait"":13.0,""unstarted"":5},{""node"":""N5"",""tasks"":8,""started"":1,""wait"":17.0,""unstarted"":7},{""node"":""N6"",""tasks"":4,""started"":0,""wait"":null,""unstarted"":4},{""node"":""N7"",""tasks"":7,""started"":1,""wait"":22.0,""unstarted"":6},{""node"":""N8"",""tasks"":6,""started"":0,""wait"":null,""unstarted"":6}]",,
9,high,0.5,rolling,16,36,0.5,25.058823529411764,28.923076923076923,2030,17,46,69,278,22,36,0,4.645880499971099,32,0,0.17599611273080662,0,"[{""node"":""N3"",""tasks"":5,""started"":2,""wait"":8.5,""unstarted"":3},{""node"":""N4"",""tasks"":6,""started"":4,""wait"":31.25,""unstarted"":2},{""node"":""N5"",""tasks"":8,""started"":4,""wait"":25.0,""unstarted"":4},{""node"":""N6"",""tasks"":4,""started"":2,""wait"":31.0,""unstarted"":2},{""node"":""N7"",""tasks"":7,""started"":2,""wait"":19.5,""unstarted"":5},{""node"":""N8"",""tasks"":6,""started"":3,""wait"":27.666666666666668,""unstarted"":3}]",,
9,high,0.5,lexicographic,15,36,0.5,38.55,42.94117647058823,3773,20,47,300,334,41,46,0,2.879455099988263,32,8,0.1909734945645536,0,"[{""node"":""N3"",""tasks"":5,""started"":2,""wait"":27.0,""unstarted"":3},{""node"":""N4"",""tasks"":6,""started"":4,""wait"":29.75,""unstarted"":2},{""node"":""N5"",""tasks"":8,""started"":5,""wait"":43.0,""unstarted"":3},{""node"":""N6"",""tasks"":4,""started"":3,""wait"":62.0,""unstarted"":1},{""node"":""N7"",""tasks"":7,""started"":3,""wait"":22.333333333333332,""unstarted"":4},{""node"":""N8"",""tasks"":6,""started"":3,""wait"":43.333333333333336,""unstarted"":3}]",16,18
9,high,0.5,rolling_forecast,16,36,0.4166666666666667,32.666666666666664,36.083333333333336,2630,18,47,194,430,11,42,0,3.254186100064544,32,0,0.1588173731030874,0,"[{""node"":""N3"",""tasks"":5,""started"":3,""wait"":31.0,""unstarted"":2},{""node"":""N4"",""tasks"":6,""started"":3,""wait"":39.0,""unstarted"":3},{""node"":""N5"",""tasks"":8,""started"":3,""wait"":20.0,""unstarted"":5},{""node"":""N6"",""tasks"":4,""started"":2,""wait"":43.0,""unstarted"":2},{""node"":""N7"",""tasks"":7,""started"":2,""wait"":19.5,""unstarted"":5},{""node"":""N8"",""tasks"":6,""started"":5,""wait"":38.6,""unstarted"":1}]",,
7,low,0.5,greedy,9,12,1.0,24.9,17.0,917,10,7,27,215,0,1,0,0.004475700028706342,14,14,0.3393602225312935,1,"[{""node"":""N3"",""tasks"":1,""started"":1,""wait"":7.0,""unstarted"":0},{""node"":""N4"",""tasks"":3,""started"":3,""wait"":16.333333333333332,""unstarted"":0},{""node"":""N5"",""tasks"":3,""started"":2,""wait"":18.0,""unstarted"":1},{""node"":""N6"",""tasks"":1,""started"":0,""wait"":null,""unstarted"":1},{""node"":""N7"",""tasks"":2,""started"":2,""wait"":25.0,""unstarted"":0},{""node"":""N8"",""tasks"":2,""started"":2,""wait"":53.5,""unstarted"":0}]",,
7,low,0.5,static,4,12,0.4,14.0,14.0,224,4,20,0,114,0,0,0,0.011782100002164952,1,0,0.19642857142857142,2,"[{""node"":""N3"",""tasks"":1,""started"":1,""wait"":7.0,""unstarted"":0},{""node"":""N4"",""tasks"":3,""started"":1,""wait"":13.0,""unstarted"":2},{""node"":""N5"",""tasks"":3,""started"":1,""wait"":15.0,""unstarted"":2},{""node"":""N6"",""tasks"":1,""started"":0,""wait"":null,""unstarted"":1},{""node"":""N7"",""tasks"":2,""started"":1,""wait"":21.0,""unstarted"":1},{""node"":""N8"",""tasks"":2,""started"":0,""wait"":null,""unstarted"":2}]",,
7,low,0.5,rolling,10,12,1.0,21.6,14.8,796,10,5,8,208,0,0,0,0.10681790004309732,14,0,0.3232258064516129,1,"[{""node"":""N3"",""tasks"":1,""started"":1,""wait"":7.0,""unstarted"":0},{""node"":""N4"",""tasks"":3,""started"":3,""wait"":16.333333333333332,""unstarted"":0},{""node"":""N5"",""tasks"":3,""started"":2,""wait"":12.5,""unstarted"":1},{""node"":""N6"",""tasks"":1,""started"":0,""wait"":null,""unstarted"":1},{""node"":""N7"",""tasks"":2,""started"":2,""wait"":25.0,""unstarted"":0},{""node"":""N8"",""tasks"":2,""started"":2,""wait"":42.5,""unstarted"":0}]",,
7,low,0.5,lexicographic,9,12,1.0,24.11111111111111,20.2,853,9,7,24,193,0,2,0,0.30151319997094106,14,0,0.3410000000000001,1,"[{""node"":""N3"",""tasks"":1,""started"":1,""wait"":7.0,""unstarted"":0},{""node"":""N4"",""tasks"":3,""started"":3,""wait"":16.333333333333332,""unstarted"":0},{""node"":""N5"",""tasks"":3,""started"":2,""wait"":26.0,""unstarted"":1},{""node"":""N6"",""tasks"":1,""started"":0,""wait"":null,""unstarted"":1},{""node"":""N7"",""tasks"":2,""started"":2,""wait"":25.0,""unstarted"":0},{""node"":""N8"",""tasks"":2,""started"":1,""wait"":59.0,""unstarted"":1}]",14,14
7,low,0.5,rolling_forecast,10,12,1.0,21.6,14.8,796,10,5,8,208,0,0,0,0.09818720005569048,14,0,0.3232258064516129,1,"[{""node"":""N3"",""tasks"":1,""started"":1,""wait"":7.0,""unstarted"":0},{""node"":""N4"",""tasks"":3,""started"":3,""wait"":16.333333333333332,""unstarted"":0},{""node"":""N5"",""tasks"":3,""started"":2,""wait"":12.5,""unstarted"":1},{""node"":""N6"",""tasks"":1,""started"":0,""wait"":null,""unstarted"":1},{""node"":""N7"",""tasks"":2,""started"":2,""wait"":25.0,""unstarted"":0},{""node"":""N8"",""tasks"":2,""started"":2,""wait"":42.5,""unstarted"":0}]",,
7,medium,0.5,greedy,13,24,0.7142857142857143,31.933333333333334,31.454545454545453,2129,15,27,122,268,9,11,0,0.026335900023696013,24,24,0.1605109100585418,1,"[{""node"":""N3"",""tasks"":3,""started"":3,""wait"":20.333333333333332,""unstarted"":0},{""node"":""N4"",""tasks"":5,""started"":4,""wait"":29.75,""unstarted"":1},{""node"":""N5"",""tasks"":7,""started"":4,""wait"":43.0,""unstarted"":3},{""node"":""N6"",""tasks"":2,""started"":0,""wait"":null,""unstarted"":2},{""node"":""N7"",""tasks"":3,""started"":2,""wait"":23.0,""unstarted"":1},{""node"":""N8"",""tasks"":4,""started"":2,""wait"":40.5,""unstarted"":2}]",,
7,medium,0.5,static,4,24,0.14285714285714285,14.0,14.0,224,4,48,0,114,0,0,0,0.010365800000727177,1,0,0.19642857142857142,2,"[{""node"":""N3"",""tasks"":3,""started"":1,""wait"":7.0,""unstarted"":2},{""node"":""N4"",""tasks"":5,""started"":1,""wait"":13.0,""unstarted"":4},{""node"":""N5"",""tasks"":7,""started"":1,""wait"":15.0,""unstarted"":6},{""node"":""N6"",""tasks"":2,""started"":0,""wait"":null,""unstarted"":2},{""node"":""N7"",""tasks"":3,""started"":1,""wait"":21.0,""unstarted"":2},{""node"":""N8"",""tasks"":4,""started"":0,""wait"":null,""unstarted"":4}]",,
7,medium,0.5,rolling,15,24,0.7857142857142857,23.75,26.75,1782,16,23,41,230,14,3,0,2.1949475000146776,24,0,0.11956856702619417,1,"[{""node"":""N3"",""tasks"":3,""started"":3,""wait"":18.0,""unstarted"":0},{""node"":""N4"",""tasks"":5,""started"":4,""wait"":21.5,""unstarted"":1},{""node"":""N5"",""tasks"":7,""started"":6,""wait"":29.666666666666668,""unstarted"":1},{""node"":""N6"",""tasks"":2,""started"":0,""wait"":null,""unstarted"":2},{""node"":""N7"",""tasks"":3,""started"":2,""wait"":23.0,""unstarted"":1},{""node"":""N8"",""tasks"":4,""started"":1,""wait"":16.0,""unstarted"":3}]",,
7,medium,0.5,lexicographic,13,24,0.5714285714285714,35.53333333333333,32.1,2241,15,29,155,271,13,15,0,1.7923263999837218,24,0,0.2058426966292135,1,"[{""node"":""N3"",""tasks"":3,""started"":3,""wait"":18.0,""unstarted"":0},{""node"":""N4"",""tasks"":5,""started"":4,""wait"":38.75,""unstarted"":1},{""node"":""N5"",""tasks"":7,""started"":3,""wait"":31.333333333333332,""unstarted"":4},{""node"":""N6"",""tasks"":2,""started"":0,""wait"":null,""unstarted"":2},{""node"":""N7"",""tasks"":3,""started"":3,""wait"":35.333333333333336,""unstarted"":0},{""node"":""N8"",""tasks"":4,""started"":2,""wait"":62.0,""unstarted"":2}]",18,18
7,medium,0.5,rolling_forecast,15,24,0.7857142857142857,23.75,26.75,1782,16,23,41,230,18,5,0,2.1229900999896927,24,0,0.11956856702619417,1,"[{""node"":""N3"",""tasks"":3,""started"":3,""wait"":18.0,""unstarted"":0},{""node"":""N4"",""tasks"":5,""started"":4,""wait"":21.5,""unstarted"":1},{""node"":""N5"",""tasks"":7,""started"":6,""wait"":29.666666666666668,""unstarted"":1},{""node"":""N6"",""tasks"":2,""started"":0,""wait"":null,""unstarted"":2},{""node"":""N7"",""tasks"":3,""started"":2,""wait"":23.0,""unstarted"":1},{""node"":""N8"",""tasks"":4,""started"":1,""wait"":16.0,""unstarted"":3}]",,
7,high,0.5,greedy,15,36,0.47619047619047616,33.470588235294116,38.916666666666664,2641,17,49,147,286,19,13,0,0.06721940002171323,29,29,0.18731859790131725,0,"[{""node"":""N3"",""tasks"":4,""started"":2,""wait"":19.5,""unstarted"":2},{""node"":""N4"",""tasks"":8,""started"":5,""wait"":40.4,""unstarted"":3},{""node"":""N5"",""tasks"":12,""started"":4,""wait"":23.5,""unstarted"":8},{""node"":""N6"",""tasks"":3,""started"":1,""wait"":45.0,""unstarted"":2},{""node"":""N7"",""tasks"":3,""started"":2,""wait"":23.0,""unstarted"":1},{""node"":""N8"",""tasks"":6,""started"":3,""wait"":47.666666666666664,""unstarted"":3}]",,
7,high,0.5,static,4,36,0.09523809523809523,14.0,14.0,224,4,72,0,114,0,0,0,0.014109099996858276,1,0,0.19642857142857142,2,"[{""node"":""N3"",""tasks"":4,""started"":1,""wait"":7.0,""unstarted"":3},{""node"":""N4"",""tasks"":8,""started"":1,""wait"":13.0,""unstarted"":7},{""node"":""N5"",""tasks"":12,""started"":1,""wait"":15.0,""unstarted"":11},{""node"":""N6"",""tasks"":3,""started"":0,""wait"":null,""unstarted"":3},{""node"":""N7"",""tasks"":3,""started"":1,""wait"":21.0,""unstarted"":2},{""node"":""N8"",""tasks"":6,""started"":0,""wait"":null,""unstarted"":6}]",,
7,high,0.5,rolling,17,36,0.42857142857142855,35.0,33.45454545454545,2731,19,47,164,306,26,33,0,5.2054514000046765,29,0,0.17831371059627799,0,"[{""node"":""N3"",""tasks"":4,""started"":2,""wait"":19.0,""unstarted"":2},{""node"":""N4"",""tasks"":8,""started"":3,""wait"":52.0,""unstarted"":5},{""node"":""N5"",""tasks"":12,""started"":6,""wait"":26.166666666666668,""unstarted"":6},{""node"":""N6"",""tasks"":3,""started"":1,""wait"":47.0,""unstarted"":2},{""node"":""N7"",""tasks"":3,""started"":3,""wait"":34.0,""unstarted"":0},{""node"":""N8"",""tasks"":6,""started"":4,""wait"":41.25,""unstarted"":2}]",,
7,high,0.5,lexicographic,15,36,0.47619047619047616,34.05882352941177,39.75,2691,17,49,157,285,15,41,0,2.239105499989819,29,13,0.17214371782232452,0,"[{""node"":""N3"",""tasks"":4,""started"":2,""wait"":22.5,""unstarted"":2},{""node"":""N4"",""tasks"":8,""started"":5,""wait"":41.2,""unstarted"":3},{""node"":""N5"",""tasks"":12,""started"":4,""wait"":23.5,""unstarted"":8},{""node"":""N6"",""tasks"":3,""started"":1,""wait"":45.0,""unstarted"":2},{""node"":""N7"",""tasks"":3,""started"":2,""wait"":23.0,""unstarted"":1},{""node"":""N8"",""tasks"":6,""started"":3,""wait"":47.666666666666664,""unstarted"":3}]",11,11
7,high,0.5,rolling_forecast,17,36,0.47619047619047616,36.94736842105263,35.81818181818182,2894,19,46,211,293,21,47,0,4.557180400006473,29,1,0.22699244643132416,0,"[{""node"":""N3"",""tasks"":4,""started"":2,""wait"":19.0,""unstarted"":2},{""node"":""N4"",""tasks"":8,""started"":5,""wait"":58.4,""unstarted"":3},{""node"":""N5"",""tasks"":12,""started"":6,""wait"":22.833333333333332,""unstarted"":6},{""node"":""N6"",""tasks"":3,""started"":1,""wait"":45.0,""unstarted"":2},{""node"":""N7"",""tasks"":3,""started"":2,""wait"":23.0,""unstarted"":1},{""node"":""N8"",""tasks"":6,""started"":3,""wait"":48.0,""unstarted"":3}]",,
11,low,0.5,greedy,10,12,1.0,28.1,20.0,1043,10,5,27,238,2,2,0,0.005058399940025993,14,14,0.3168119551681196,1,"[{""node"":""N3"",""tasks"":1,""started"":1,""wait"":8.0,""unstarted"":0},{""node"":""N4"",""tasks"":3,""started"":3,""wait"":21.333333333333332,""unstarted"":0},{""node"":""N5"",""tasks"":3,""started"":2,""wait"":18.0,""unstarted"":1},{""node"":""N6"",""tasks"":1,""started"":0,""wait"":null,""unstarted"":1},{""node"":""N7"",""tasks"":2,""started"":2,""wait"":33.0,""unstarted"":0},{""node"":""N8"",""tasks"":2,""started"":2,""wait"":53.5,""unstarted"":0}]",,
11,low,0.5,static,4,12,0.4,15.75,16.0,253,4,20,0,127,0,0,0,0.011624899998423643,1,0,0.19444444444444445,2,"[{""node"":""N3"",""tasks"":1,""started"":1,""wait"":8.0,""unstarted"":0},{""node"":""N4"",""tasks"":3,""started"":1,""wait"":14.0,""unstarted"":2},{""node"":""N5"",""tasks"":3,""started"":1,""wait"":18.0,""unstarted"":2},{""node"":""N6"",""tasks"":1,""started"":0,""wait"":null,""unstarted"":1},{""node"":""N7"",""tasks"":2,""started"":1,""wait"":23.0,""unstarted"":1},{""node"":""N8"",""tasks"":2,""started"":0,""wait"":null,""unstarted"":2}]",,
11,low,0.5,rolling,10,12,1.0,24.3,24.0,969,10,5,5,226,0,0,0,0.11278659997333307,14,0,0.16387665198237886,1,"[{""node"":""N3"",""tasks"":1,""started"":1,""wait"":8.0,""unstarted"":0},{""node"":""N4"",""tasks"":3,""started"":3,""wait"":24.0,""unstarted"":0},{""node"":""N5"",""tasks"":3,""started"":2,""wait"":24.0,""unstarted"":1},{""node"":""N6"",""tasks"":1,""started"":0,""wait"":null,""unstarted"":1},{""node"":""N7"",""tasks"":2,""started"":2,""wait"":28.5,""unstarted"":0},{""node"":""N8"",""tasks"":2,""started"":2,""wait"":29.0,""unstarted"":0}]",,
11,low,0.5,lexicographic,9,12,1.0,32.0,17.6,1136,10,7,76,200,1,0,0,0.425108499955968,14,0,0.4200000000000001,1,"[{""node"":""N3"",""tasks"":1,""started"":1,""wait"":8.0,""unstarted"":0},{""node"":""N4"",""tasks"":3,""started"":3,""wait"":21.333333333333332,""unstarted"":0},{""node"":""N5"",""tasks"":3,""started"":2,""wait"":12.0,""unstarted"":1},{""node"":""N6"",""tasks"":1,""started"":0,""wait"":null,""unstarted"":1},{""node"":""N7"",""tasks"":2,""started"":2,""wait"":35.0,""unstarted"":0},{""node"":""N8"",""tasks"":2,""started"":2,""wait"":77.0,""unstarted"":0}]",14,14
11,low,0.5,rolling_forecast,10,12,1.0,24.3,24.0,969,10,5,5,226,0,0,0,0.11831290001282468,14,0,0.16387665198237886,1,"[{""node"":""N3"",""tasks"":1,""started"":1,""wait"":8.0,""unstarted"":0},{""node"":""N4"",""tasks"":3,""started"":3,""wait"":24.0,""unstarted"":0},{""node"":""N5"",""tasks"":3,""started"":2,""wait"":24.0,""unstarted"":1},{""node"":""N6"",""tasks"":1,""started"":0,""wait"":null,""unstarted"":1},{""node"":""N7"",""tasks"":2,""started"":2,""wait"":28.5,""unstarted"":0},{""node"":""N8"",""tasks"":2,""started"":2,""wait"":29.0,""unstarted"":0}]",,
11,medium,0.5,greedy,13,24,0.7272727272727273,31.6,24.77777777777778,1868,15,26,170,250,21,10,0,0.02574430001550354,20,20,0.25495495495495496,0,"[{""node"":""N3"",""tasks"":2,""started"":2,""wait"":23.5,""unstarted"":0},{""node"":""N4"",""tasks"":9,""started"":7,""wait"":23.714285714285715,""unstarted"":2},{""node"":""N5"",""tasks"":3,""started"":1,""wait"":18.0,""unstarted"":2},{""node"":""N6"",""tasks"":4,""started"":2,""wait"":44.0,""unstarted"":2},{""node"":""N7"",""tasks"":2,""started"":1,""wait"":23.0,""unstarted"":1},{""node"":""N8"",""tasks"":4,""started"":2,""wait"":66.0,""unstarted"":2}]",,
11,medium,0.5,static,4,24,0.18181818181818182,15.75,16.0,253,4,47,0,127,0,0,0,0.009252300005755387,1,0,0.19444444444444445,2,"[{""node"":""N3"",""tasks"":2,""started"":1,""wait"":8.0,""unstarted"":1},{""node"":""N4"",""tasks"":9,""started"":1,""wait"":14.0,""unstarted"":8},{""node"":""N5"",""tasks"":3,""started"":1,""wait"":18.0,""unstarted"":2},{""node"":""N6"",""tasks"":4,""started"":0,""wait"":null,""unstarted"":4},{""node"":""N7"",""tasks"":2,""started"":1,""wait"":23.0,""unstarted"":1},{""node"":""N8"",""tasks"":4,""started"":0,""wait"":null,""unstarted"":4}]",,
11,medium,0.5,rolling,14,24,0.8181818181818182,25.066666666666666,23.0,1588,15,24,68,225,17,8,0,2.123584800036042,20,0,0.2990726429675425,0,"[{""node"":""N3"",""tasks"":2,""started"":1,""wait"":8.0,""unstarted"":1},{""node"":""N4"",""tasks"":9,""started"":8,""wait"":19.25,""unstarted"":1},{""node"":""N5"",""tasks"":3,""started"":2,""wait"":38.0,""unstarted"":1},{""node"":""N6"",""tasks"":4,""started"":1,""wait"":11.0,""unstarted"":3},{""node"":""N7"",""tasks"":2,""started"":2,""wait"":41.5,""unstarted"":0},{""node"":""N8"",""tasks"":4,""started"":1,""wait"":44.0,""unstarted"":3}]",,
11,medium,0.5,lexicographic,12,24,0.7272727272727273,32.06666666666667,23.0,1857,15,29,183,217,4,19,0,1.8742076999915298,20,0,0.3933265496480964,0,"[{""node"":""N3"",""tasks"":2,""started"":1,""wait"":8.0,""unstarted"":1},{""node"":""N4"",""tasks"":9,""started"":9,""wait"":25.88888888888889,""unstarted"":0},{""node"":""N5"",""tasks"":3,""started"":1,""wait"":18.0,""unstarted"":2},{""node"":""N6"",""tasks"":4,""started"":2,""wait"":55.5,""unstarted"":2},{""node"":""N7"",""tasks"":2,""started"":1,""wait"":23.0,""unstarted"":1},{""node"":""N8"",""tasks"":4,""started"":1,""wait"":88.0,""unstarted"":3}]",17,17
11,medium,0.5,rolling_forecast,14,24,0.7272727272727273,26.333333333333332,21.555555555555557,1573,15,24,102,216,17,11,0,1.8804011999891372,20,0,0.3594285714285715,0,"[{""node"":""N3"",""tasks"":2,""started"":1,""wait"":8.0,""unstarted"":1},{""node"":""N4"",""tasks"":9,""started"":9,""wait"":23.333333333333332,""unstarted"":0},{""node"":""N5"",""tasks"":3,""started"":1,""wait"":18.0,""unstarted"":2},{""node"":""N6"",""tasks"":4,""started"":1,""wait"":11.0,""unstarted"":3},{""node"":""N7"",""tasks"":2,""started"":1,""wait"":23.0,""unstarted"":1},{""node"":""N8"",""tasks"":4,""started"":2,""wait"":62.5,""unstarted"":2}]",,
11,high,0.5,greedy,14,36,0.4782608695652174,32.1764705882353,36.42857142857143,2661,17,50,180,342,12,13,0,0.06861069999285974,31,31,0.13099893006516872,1,"[{""node"":""N3"",""tasks"":5,""started"":5,""wait"":37.8,""unstarted"":0},{""node"":""N4"",""tasks"":12,""started"":7,""wait"":31.571428571428573,""unstarted"":5},{""node"":""N5"",""tasks"":5,""started"":1,""wait"":18.0,""unstarted"":4},{""node"":""N6"",""tasks"":5,""started"":2,""wait"":34.0,""unstarted"":3},{""node"":""N7"",""tasks"":4,""started"":2,""wait"":25.5,""unstarted"":2},{""node"":""N8"",""tasks"":5,""started"":0,""wait"":null,""unstarted"":5}]",,
11,high,0.5,static,4,36,0.08695652173913043,15.75,16.0,253,4,72,0,127,0,0,0,0.010914099999354221,1,0,0.19444444444444445,2,"[{""node"":""N3"",""tasks"":5,""started"":1,""wait"":8.0,""unstarted"":4},{""node"":""N4"",""tasks"":12,""started"":1,""wait"":14.0,""unstarted"":11},{""node"":""N5"",""tasks"":5,""started"":1,""wait"":18.0,""unstarted"":4},{""node"":""N6"",""tasks"":5,""started"":0,""wait"":null,""unstarted"":5},{""node"":""N7"",""tasks"":4,""started"":1,""wait"":23.0,""unstarted"":3},{""node"":""N8"",""tasks"":5,""started"":0,""wait"":null,""unstarted"":5}]",,
11,high,0.5,rolling,17,36,0.5217391304347826,28.705882352941178,28.916666666666668,2158,17,44,154,296,34,53,0,6.381254699968849,31,0,0.27563150074294207,0,"[{""node"":""N3"",""tasks"":5,""started"":3,""wait"":26.666666666666668,""unstarted"":2},{""node"":""N4"",""tasks"":12,""started"":8,""wait"":23.0,""unstarted"":4},{""node"":""N5"",""tasks"":5,""started"":1,""wait"":18.0,""unstarted"":4},{""node"":""N6"",""tasks"":5,""started"":1,""wait"":66.0,""unstarted"":4},{""node"":""N7"",""tasks"":4,""started"":3,""wait"":24.666666666666668,""unstarted"":1},{""node"":""N8"",""tasks"":5,""started"":1,""wait"":66.0,""unstarted"":4}]",,
11,high,0.5,lexicographic,14,36,0.4782608695652174,32.88235294117647,37.285714285714285,2721,17,50,192,342,11,71,0,2.651307500011171,31,13,0.1583547557840617,1,"[{""node"":""N3"",""tasks"":5,""started"":5,""wait"":33.6,""unstarted"":0},{""node"":""N4"",""tasks"":12,""started"":7,""wait"":33.0,""unstarted"":5},{""node"":""N5"",""tasks"":5,""started"":1,""wait"":18.0,""unstarted"":4},{""node"":""N6"",""tasks"":5,""started"":2,""wait"":45.0,""unstarted"":3},{""node"":""N7"",""tasks"":4,""started"":2,""wait"":26.0,""unstarted"":2},{""node"":""N8"",""tasks"":5,""started"":0,""wait"":null,""unstarted"":5}]",8,10
11,high,0.5,rolling_forecast,16,36,0.4782608695652174,32.470588235294116,36.166666666666664,2524,17,47,236,279,30,55,0,5.182673500006786,31,0,0.3426212590299278,0,"[{""node"":""N3"",""tasks"":5,""started"":3,""wait"":27.0,""unstarted"":2},{""node"":""N4"",""tasks"":12,""started"":7,""wait"":26.714285714285715,""unstarted"":5},{""node"":""N5"",""tasks"":5,""started"":2,""wait"":13.5,""unstarted"":3},{""node"":""N6"",""tasks"":5,""started"":2,""wait"":76.5,""unstarted"":3},{""node"":""N7"",""tasks"":4,""started"":2,""wait"":17.0,""unstarted"":2},{""node"":""N8"",""tasks"":5,""started"":1,""wait"":70.0,""unstarted"":4}]",,
13,low,0.5,greedy,10,12,1.0,22.9,15.6,843,10,5,5,214,0,1,0,0.0045790000149281695,14,14,0.2927710843373494,1,"[{""node"":""N3"",""tasks"":1,""started"":1,""wait"":9.0,""unstarted"":0},{""node"":""N4"",""tasks"":3,""started"":3,""wait"":16.666666666666668,""unstarted"":0},{""node"":""N5"",""tasks"":3,""started"":2,""wait"":14.0,""unstarted"":1},{""node"":""N6"",""tasks"":1,""started"":0,""wait"":null,""unstarted"":1},{""node"":""N7"",""tasks"":2,""started"":2,""wait"":29.0,""unstarted"":0},{""node"":""N8"",""tasks"":2,""started"":2,""wait"":42.0,""unstarted"":0}]",,
13,low,0.5,static,4,12,0.4,16.5,16.5,264,4,20,0,126,0,0,0,0.011499200001708232,1,0,0.1893939393939394,2,"[{""node"":""N3"",""tasks"":1,""started"":1,""wait"":9.0,""unstarted"":0},{""node"":""N4"",""tasks"":3,""started"":1,""wait"":14.0,""unstarted"":2},{""node"":""N5"",""tasks"":3,""started"":1,""wait"":19.0,""unstarted"":2},{""node"":""N6"",""tasks"":1,""started"":0,""wait"":null,""unstarted"":1},{""node"":""N7"",""tasks"":2,""started"":1,""wait"":24.0,""unstarted"":1},{""node"":""N8"",""tasks"":2,""started"":0,""wait"":null,""unstarted"":2}]",,
13,low,0.5,rolling,10,12,1.0,21.2,20.2,838,10,5,0,215,0,0,0,0.0797496999730356,14,0,0.1656301145662848,1,"[{""node"":""N3"",""tasks"":1,""started"":1,""wait"":9.0,""unstarted"":0},{""node"":""N4"",""tasks"":3,""started"":3,""wait"":17.333333333333332,""unstarted"":0},{""node"":""N5"",""tasks"":3,""started"":2,""wait"":24.5,""unstarted"":1},{""node"":""N6"",""tasks"":1,""started"":0,""wait"":null,""unstarted"":1},{""node"":""N7"",""tasks"":2,""started"":2,""wait"":26.5,""unstarted"":0},{""node"":""N8"",""tasks"":2,""started"":2,""wait"":24.5,""unstarted"":0}]",,
13,low,0.5,lexicographic,10,12,1.0,21.9,20.2,859,10,5,0,215,0,0,0,0.1987115999800153,14,0,0.18670886075949367,1,"[{""node"":""N3"",""tasks"":1,""started"":1,""wait"":9.0,""unstarted"":0},{""node"":""N4"",""tasks"":3,""started"":3,""wait"":17.333333333333332,""unstarted"":0},{""node"":""N5"",""tasks"":3,""started"":2,""wait"":24.5,""unstarted"":1},{""node"":""N6"",""tasks"":1,""started"":0,""wait"":null,""unstarted"":1},{""node"":""N7"",""tasks"":2,""started"":2,""wait"":30.0,""unstarted"":0},{""node"":""N8"",""tasks"":2,""started"":2,""wait"":24.5,""unstarted"":0}]",14,14
13,low,0.5,rolling_forecast,10,12,1.0,21.2,20.2,838,10,5,0,215,0,0,0,0.08630129996163305,14,0,0.1656301145662848,1,"[{""node"":""N3"",""tasks"":1,""started"":1,""wait"":9.0,""unstarted"":0},{""node"":""N4"",""tasks"":3,""started"":3,""wait"":17.333333333333332,""unstarted"":0},{""node"":""N5"",""tasks"":3,""started"":2,""wait"":24.5,""unstarted"":1},{""node"":""N6"",""tasks"":1,""started"":0,""wait"":null,""unstarted"":1},{""node"":""N7"",""tasks"":2,""started"":2,""wait"":26.5,""unstarted"":0},{""node"":""N8"",""tasks"":2,""started"":2,""wait"":24.5,""unstarted"":0}]",,
13,medium,0.5,greedy,14,24,0.8333333333333334,35.1875,29.545454545454547,2339,16,20,180,309,13,11,0,0.017561599976033904,21,21,0.2980373535929091,0,"[{""node"":""N3"",""tasks"":1,""started"":1,""wait"":9.0,""unstarted"":0},{""node"":""N4"",""tasks"":6,""started"":6,""wait"":38.833333333333336,""unstarted"":0},{""node"":""N5"",""tasks"":3,""started"":2,""wait"":14.0,""unstarted"":1},{""node"":""N6"",""tasks"":5,""started"":3,""wait"":35.0,""unstarted"":2},{""node"":""N7"",""tasks"":3,""started"":1,""wait"":24.0,""unstarted"":2},{""node"":""N8"",""tasks"":6,""started"":3,""wait"":54.666666666666664,""unstarted"":3}]",,
13,medium,0.5,static,4,24,0.16666666666666666,16.5,16.5,264,4,42,0,126,0,0,0,0.011723400006303564,1,0,0.1893939393939394,2,"[{""node"":""N3"",""tasks"":1,""started"":1,""wait"":9.0,""unstarted"":0},{""node"":""N4"",""tasks"":6,""started"":1,""wait"":14.0,""unstarted"":5},{""node"":""N5"",""tasks"":3,""started"":1,""wait"":19.0,""unstarted"":2},{""node"":""N6"",""tasks"":5,""started"":0,""wait"":null,""unstarted"":5},{""node"":""N7"",""tasks"":3,""started"":1,""wait"":24.0,""unstarted"":2},{""node"":""N8"",""tasks"":6,""started"":0,""wait"":null,""unstarted"":6}]",,
13,medium,0.5,rolling,17,24,0.9166666666666666,28.055555555555557,29.333333333333332,2219,18,15,106,313,1,5,0,0.7662726999988081,21,0,0.27644055433989795,0,"[{""node"":""N3"",""tasks"":1,""started"":1,""wait"":9.0,""unstarted"":0},{""node"":""N4"",""tasks"":6,""started"":6,""wait"":23.333333333333332,""unstarted"":0},{""node"":""N5"",""tasks"":3,""started"":2,""wait"":14.0,""unstarted"":1},{""node"":""N6"",""tasks"":5,""started"":4,""wait"":34.5,""unstarted"":1},{""node"":""N7"",""tasks"":3,""started"":2,""wait"":24.5,""unstarted"":1},{""node"":""N8"",""tasks"":6,""started"":3,""wait"":47.0,""unstarted"":3}]",,
13,medium,0.5,lexicographic,16,24,0.9166666666666666,28.77777777777778,29.916666666666668,2272,18,17,110,315,10,3,0,1.4976796999544604,21,0,0.2700658480156612,0,"[{""node"":""N3"",""tasks"":1,""started"":1,""wait"":9.0,""unstarted"":0},{""node"":""N4"",""tasks"":6,""started"":6,""wait"":24.333333333333332,""unstarted"":0},{""node"":""N5"",""tasks"":3,""started"":2,""wait"":15.5,""unstarted"":1},{""node"":""N6"",""tasks"":5,""started"":4,""wait"":34.75,""unstarted"":1},{""node"":""N7"",""tasks"":3,""started"":2,""wait"":24.5,""unstarted"":1},{""node"":""N8"",""tasks"":6,""started"":3,""wait"":48.0,""unstarted"":3}]",21,21
13,medium,0.5,rolling_forecast,17,24,0.9166666666666666,28.055555555555557,29.333333333333332,2219,18,15,106,313,1,5,0,0.7172317000222392,21,0,0.27644055433989795,0,"[{""node"":""N3"",""tasks"":1,""started"":1,""wait"":9.0,""unstarted"":0},{""node"":""N4"",""tasks"":6,""started"":6,""wait"":23.333333333333332,""unstarted"":0},{""node"":""N5"",""tasks"":3,""started"":2,""wait"":14.0,""unstarted"":1},{""node"":""N6"",""tasks"":5,""started"":4,""wait"":34.5,""unstarted"":1},{""node"":""N7"",""tasks"":3,""started"":2,""wait"":24.5,""unstarted"":1},{""node"":""N8"",""tasks"":6,""started"":3,""wait"":47.0,""unstarted"":3}]",,
13,high,0.5,greedy,18,36,0.7272727272727273,29.428571428571427,30.5,2952,21,39,146,358,14,18,0,0.0412205999600701,29,29,0.23022442972774101,0,"[{""node"":""N3"",""tasks"":4,""started"":3,""wait"":28.333333333333332,""unstarted"":1},{""node"":""N4"",""tasks"":9,""started"":7,""wait"":28.571428571428573,""unstarted"":2},{""node"":""N5"",""tasks"":4,""started"":2,""wait"":14.0,""unstarted"":2},{""node"":""N6"",""tasks"":6,""started"":3,""wait"":19.0,""unstarted"":3},{""node"":""N7"",""tasks"":5,""started"":3,""wait"":27.0,""unstarted"":2},{""node"":""N8"",""tasks"":8,""started"":3,""wait"":55.666666666666664,""unstarted"":5}]",,
13,high,0.5,static,4,36,0.09090909090909091,16.5,16.5,264,4,68,0,126,0,0,0,0.010292200007825159,1,0,0.1893939393939394,2,"[{""node"":""N3"",""tasks"":4,""started"":1,""wait"":9.0,""unstarted"":3},{""node"":""N4"",""tasks"":9,""started"":1,""wait"":14.0,""unstarted"":8},{""node"":""N5"",""tasks"":4,""started"":1,""wait"":19.0,""unstarted"":3},{""node"":""N6"",""tasks"":6,""started"":0,""wait"":null,""unstarted"":6},{""node"":""N7"",""tasks"":5,""started"":1,""wait"":24.0,""unstarted"":4},{""node"":""N8"",""tasks"":8,""started"":0,""wait"":null,""unstarted"":8}]",,
13,high,0.5,rolling,20,36,0.7727272727272727,24.045454545454547,24.5,2469,22,35,78,342,9,24,0,2.8654459999670507,29,0,0.12705882352941175,0,"[{""node"":""N3"",""tasks"":4,""started"":3,""wait"":28.333333333333332,""unstarted"":1},{""node"":""N4"",""tasks"":9,""started"":6,""wait"":24.833333333333332,""unstarted"":3},{""node"":""N5"",""tasks"":4,""started"":3,""wait"":15.333333333333334,""unstarted"":1},{""node"":""N6"",""tasks"":6,""started"":3,""wait"":16.666666666666668,""unstarted"":3},{""node"":""N7"",""tasks"":5,""started"":3,""wait"":27.0,""unstarted"":2},{""node"":""N8"",""tasks"":8,""started"":4,""wait"":29.5,""unstarted"":4}]",,
13,high,0.5,lexicographic,17,36,0.5909090909090909,29.57894736842105,32.0,2646,19,43,147,373,31,50,0,3.3211860999726923,29,1,0.23674453096032635,0,"[{""node"":""N3"",""tasks"":4,""started"":1,""wait"":9.0,""unstarted"":3},{""node"":""N4"",""tasks"":9,""started"":6,""wait"":41.166666666666664,""unstarted"":3},{""node"":""N5"",""tasks"":4,""started"":2,""wait"":16.5,""unstarted"":2},{""node"":""N6"",""tasks"":6,""started"":4,""wait"":23.5,""unstarted"":2},{""node"":""N7"",""tasks"":5,""started"":3,""wait"":27.0,""unstarted"":2},{""node"":""N8"",""tasks"":8,""started"":3,""wait"":32.666666666666664,""unstarted"":5}]",19,22
13,high,0.5,rolling_forecast,20,36,0.7727272727272727,24.045454545454547,24.5,2469,22,35,78,342,11,24,0,2.64314330003981,29,0,0.12705882352941175,0,"[{""node"":""N3"",""tasks"":4,""started"":3,""wait"":28.333333333333332,""unstarted"":1},{""node"":""N4"",""tasks"":9,""started"":6,""wait"":24.833333333333332,""unstarted"":3},{""node"":""N5"",""tasks"":4,""started"":3,""wait"":15.333333333333334,""unstarted"":1},{""node"":""N6"",""tasks"":6,""started"":3,""wait"":16.666666666666668,""unstarted"":3},{""node"":""N7"",""tasks"":5,""started"":3,""wait"":27.0,""unstarted"":2},{""node"":""N8"",""tasks"":8,""started"":4,""wait"":29.5,""unstarted"":4}]",,
14,low,0.5,greedy,10,12,1.0,28.2,20.4,1050,10,5,26,243,0,1,0,0.005085099997813813,14,14,0.30669975186104226,1,"[{""node"":""N3"",""tasks"":1,""started"":1,""wait"":9.0,""unstarted"":0},{""node"":""N4"",""tasks"":3,""started"":3,""wait"":22.333333333333332,""unstarted"":0},{""node"":""N5"",""tasks"":3,""started"":2,""wait"":17.5,""unstarted"":1},{""node"":""N6"",""tasks"":1,""started"":0,""wait"":null,""unstarted"":1},{""node"":""N7"",""tasks"":2,""started"":2,""wait"":32.5,""unstarted"":0},{""node"":""N8"",""tasks"":2,""started"":2,""wait"":53.0,""unstarted"":0}]",,
14,low,0.5,static,4,12,0.4,16.5,17.0,266,4,20,0,129,0,0,0,0.015556300000753254,1,0,0.16666666666666666,2,"[{""node"":""N3"",""tasks"":1,""started"":1,""wait"":9.0,""unstarted"":0},{""node"":""N4"",""tasks"":3,""started"":1,""wait"":16.0,""unstarted"":2},{""node"":""N5"",""tasks"":3,""started"":1,""wait"":18.0,""unstarted"":2},{""node"":""N6"",""tasks"":1,""started"":0,""wait"":null,""unstarted"":1},{""node"":""N7"",""tasks"":2,""started"":1,""wait"":23.0,""unstarted"":1},{""node"":""N8"",""tasks"":2,""started"":0,""wait"":null,""unstarted"":2}]",,
14,low,0.5,rolling,10,12,1.0,24.1,24.6,969,10,5,6,236,0,0,0,0.10366159997647628,14,0,0.14821428571428572,1,"[{""node"":""N3"",""tasks"":1,""started"":1,""wait"":9.0,""unstarted"":0},{""node"":""N4"",""tasks"":3,""started"":3,""wait"":26.0,""unstarted"":0},{""node"":""N5"",""tasks"":3,""started"":2,""wait"":22.5,""unstarted"":1},{""node"":""N6"",""tasks"":1,""started"":0,""wait"":null,""unstarted"":1},{""node"":""N7"",""tasks"":2,""started"":2,""wait"":27.0,""unstarted"":0},{""node"":""N8"",""tasks"":2,""started"":2,""wait"":27.5,""unstarted"":0}]",,
14,low,0.5,lexicographic,10,12,1.0,30.2,20.4,1110,10,5,43,236,1,0,0,0.30948670001816936,14,0,0.3131639722863742,1,"[{""node"":""N3"",""tasks"":1,""started"":1,""wait"":9.0,""unstarted"":0},{""node"":""N4"",""tasks"":3,""started"":3,""wait"":22.333333333333332,""unstarted"":0},{""node"":""N5"",""tasks"":3,""started"":2,""wait"":17.5,""unstarted"":1},{""node"":""N6"",""tasks"":1,""started"":0,""wait"":null,""unstarted"":1},{""node"":""N7"",""tasks"":2,""started"":2,""wait"":42.5,""unstarted"":0},{""node"":""N8"",""tasks"":2,""started"":2,""wait"":53.0,""unstarted"":0}]",14,14
14,low,0.5,rolling_forecast,10,12,1.0,24.1,24.6,969,10,5,6,236,0,0,0,0.1146145999955479,14,0,0.14821428571428572,1,"[{""node"":""N3"",""tasks"":1,""started"":1,""wait"":9.0,""unstarted"":0},{""node"":""N4"",""tasks"":3,""started"":3,""wait"":26.0,""unstarted"":0},{""node"":""N5"",""tasks"":3,""started"":2,""wait"":22.5,""unstarted"":1},{""node"":""N6"",""tasks"":1,""started"":0,""wait"":null,""unstarted"":1},{""node"":""N7"",""tasks"":2,""started"":2,""wait"":27.0,""unstarted"":0},{""node"":""N8"",""tasks"":2,""started"":2,""wait"":27.5,""unstarted"":0}]",,
14,medium,0.5,greedy,14,24,0.9166666666666666,25.866666666666667,26.363636363636363,1744,15,24,41,282,9,13,0,0.020860499993432313,21,21,0.17635817635817636,1,"[{""node"":""N3"",""tasks"":5,""started"":5,""wait"":26.6,""unstarted"":0},{""node"":""N4"",""tasks"":4,""started"":3,""wait"":29.666666666666668,""unstarted"":1},{""node"":""N5"",""tasks"":4,""started"":2,""wait"":13.0,""unstarted"":2},{""node"":""N6"",""tasks"":2,""started"":0,""wait"":null,""unstarted"":2},{""node"":""N7"",""tasks"":4,""started"":2,""wait"":18.5,""unstarted"":2},{""node"":""N8"",""tasks"":5,""started"":3,""wait"":34.333333333333336,""unstarted"":2}]",,
14,medium,0.5,static,4,24,0.16666666666666666,16.5,17.0,266,4,44,0,129,0,0,0,0.0108015999867348,1,0,0.16666666666666666,2,"[{""node"":""N3"",""tasks"":5,""started"":1,""wait"":9.0,""unstarted"":4},{""node"":""N4"",""tasks"":4,""started"":1,""wait"":16.0,""unstarted"":3},{""node"":""N5"",""tasks"":4,""started"":1,""wait"":18.0,""unstarted"":3},{""node"":""N6"",""tasks"":2,""started"":0,""wait"":null,""unstarted"":2},{""node"":""N7"",""tasks"":4,""started"":1,""wait"":23.0,""unstarted"":3},{""node"":""N8"",""tasks"":5,""started"":0,""wait"":null,""unstarted"":5}]",,
14,medium,0.5,rolling,15,24,0.9166666666666666,26.0,29.333333333333332,2030,17,20,91,282,3,4,0,0.7672735999949509,21,0,0.22561127227517616,1,"[{""node"":""N3"",""tasks"":5,""started"":5,""wait"":40.4,""unstarted"":0},{""node"":""N4"",""tasks"":4,""started"":4,""wait"":17.75,""unstarted"":0},{""node"":""N5"",""tasks"":4,""started"":3,""wait"":13.0,""unstarted"":1},{""node"":""N6"",""tasks"":2,""started"":0,""wait"":null,""unstarted"":2},{""node"":""N7"",""tasks"":4,""started"":2,""wait"":18.5,""unstarted"":2},{""node"":""N8"",""tasks"":5,""started"":3,""wait"":31.0,""unstarted"":2}]",,
14,medium,0.5,lexicographic,14,24,0.9166666666666666,21.866666666666667,21.454545454545453,1456,15,24,20,304,9,12,0,1.4067910999729065,21,0,0.17299657000311822,1,"[{""node"":""N3"",""tasks"":5,""started"":5,""wait"":23.4,""unstarted"":0},{""node"":""N4"",""tasks"":4,""started"":2,""wait"":21.0,""unstarted"":2},{""node"":""N5"",""tasks"":4,""started"":3,""wait"":11.666666666666666,""unstarted"":1},{""node"":""N6"",""tasks"":2,""started"":0,""wait"":null,""unstarted"":2},{""node"":""N7"",""tasks"":4,""started"":2,""wait"":18.5,""unstarted"":2},{""node"":""N8"",""tasks"":5,""started"":3,""wait"":32.333333333333336,""unstarted"":2}]",21,21
14,medium,0.5,rolling_forecast,15,24,0.9166666666666666,26.0,29.333333333333332,2030,17,20,91,282,3,4,0,0.8527298999542836,21,0,0.22561127227517616,1,"[{""node"":""N3"",""tasks"":5,""started"":5,""wait"":40.4,""unstarted"":0},{""node"":""N4"",""tasks"":4,""started"":4,""wait"":17.75,""unstarted"":0},{""node"":""N5"",""tasks"":4,""started"":3,""wait"":13.0,""unstarted"":1},{""node"":""N6"",""tasks"":2,""started"":0,""wait"":null,""unstarted"":2},{""node"":""N7"",""tasks"":4,""started"":2,""wait"":18.5,""unstarted"":2},{""node"":""N8"",""tasks"":5,""started"":3,""wait"":31.0,""unstarted"":2}]",,
14,high,0.5,greedy,15,36,0.5714285714285714,34.470588235294116,37.642857142857146,2812,17,46,148,336,18,9,0,0.05473009998968337,30,30,0.1600078339208774,0,"[{""node"":""N3"",""tasks"":8,""started"":4,""wait"":25.75,""unstarted"":4},{""node"":""N4"",""tasks"":5,""started"":5,""wait"":35.0,""unstarted"":0},{""node"":""N5"",""tasks"":6,""started"":3,""wait"":31.0,""unstarted"":3},{""node"":""N6"",""tasks"":3,""started"":1,""wait"":27.0,""unstarted"":2},{""node"":""N7"",""tasks"":5,""started"":2,""wait"":32.5,""unstarted"":3},{""node"":""N8"",""tasks"":9,""started"":2,""wait"":61.5,""unstarted"":7}]",,
14,high,0.5,static,4,36,0.09523809523809523,16.5,17.0,266,4,69,0,129,0,0,0,0.010373799988883547,1,0,0.16666666666666666,2,"[{""node"":""N3"",""tasks"":8,""started"":1,""wait"":9.0,""unstarted"":7},{""node"":""N4"",""tasks"":5,""started"":1,""wait"":16.0,""unstarted"":4},{""node"":""N5"",""tasks"":6,""started"":1,""wait"":18.0,""unstarted"":5},{""node"":""N6"",""tasks"":3,""started"":0,""wait"":null,""unstarted"":3},{""node"":""N7"",""tasks"":5,""started"":1,""wait"":23.0,""unstarted"":4},{""node"":""N8"",""tasks"":9,""started"":0,""wait"":null,""unstarted"":9}]",,
14,high,0.5,rolling,16,36,0.6190476190476191,25.944444444444443,27.2,2217,18,44,50,314,9,18,0,3.097695999982534,30,0,0.13807982740021574,0,"[{""node"":""N3"",""tasks"":8,""started"":3,""wait"":21.0,""unstarted"":5},{""node"":""N4"",""tasks"":5,""started"":5,""wait"":20.0,""unstarted"":0},{""node"":""N5"",""tasks"":6,""started"":4,""wait"":21.75,""unstarted"":2},{""node"":""N6"",""tasks"":3,""started"":1,""wait"":27.0,""unstarted"":2},{""node"":""N7"",""tasks"":5,""started"":1,""wait"":23.0,""unstarted"":4},{""node"":""N8"",""tasks"":9,""started"":4,""wait"":41.75,""unstarted"":5}]",,
14,high,0.5,lexicographic,15,36,0.5714285714285714,33.294117647058826,36.214285714285715,2712,17,47,145,315,10,45,0,2.615505799971288,30,7,0.24366175208674623,0,"[{""node"":""N3"",""tasks"":8,""started"":4,""wait"":32.75,""unstarted"":4},{""node"":""N4"",""tasks"":5,""started"":5,""wait"":27.4,""unstarted"":0},{""node"":""N5"",""tasks"":6,""started"":3,""wait"":18.0,""unstarted"":3},{""node"":""N6"",""tasks"":3,""started"":1,""wait"":27.0,""unstarted"":2},{""node"":""N7"",""tasks"":5,""started"":2,""wait"":32.5,""unstarted"":3},{""node"":""N8"",""tasks"":9,""started"":2,""wait"":76.0,""unstarted"":7}]",20,20
14,high,0.5,rolling_forecast,16,36,0.6190476190476191,25.944444444444443,27.2,2217,18,44,50,314,9,18,0,2.773512599989772,30,0,0.13807982740021574,0,"[{""node"":""N3"",""tasks"":8,""started"":3,""wait"":21.0,""unstarted"":5},{""node"":""N4"",""tasks"":5,""started"":5,""wait"":20.0,""unstarted"":0},{""node"":""N5"",""tasks"":6,""started"":4,""wait"":21.75,""unstarted"":2},{""node"":""N6"",""tasks"":3,""started"":1,""wait"":27.0,""unstarted"":2},{""node"":""N7"",""tasks"":5,""started"":1,""wait"":23.0,""unstarted"":4},{""node"":""N8"",""tasks"":9,""started"":4,""wait"":41.75,""unstarted"":5}]",,
15,low,0.5,greedy,9,12,1.0,30.5,21.6,1131,10,7,44,235,0,2,0,0.005624400029773824,14,14,0.3391003460207612,1,"[{""node"":""N3"",""tasks"":1,""started"":1,""wait"":6.0,""unstarted"":0},{""node"":""N4"",""tasks"":3,""started"":3,""wait"":22.0,""unstarted"":0},{""node"":""N5"",""tasks"":3,""started"":2,""wait"":21.0,""unstarted"":1},{""node"":""N6"",""tasks"":1,""started"":0,""wait"":null,""unstarted"":1},{""node"":""N7"",""tasks"":2,""started"":2,""wait"":35.5,""unstarted"":0},{""node"":""N8"",""tasks"":2,""started"":2,""wait"":60.0,""unstarted"":0}]",,
15,low,0.5,static,4,12,0.4,15.25,16.5,249,4,20,0,125,0,0,0,0.013115299996570684,1,0,0.22540983606557377,2,"[{""node"":""N3"",""tasks"":1,""started"":1,""wait"":6.0,""unstarted"":0},{""node"":""N4"",""tasks"":3,""started"":1,""wait"":13.0,""unstarted"":2},{""node"":""N5"",""tasks"":3,""started"":1,""wait"":20.0,""unstarted"":2},{""node"":""N6"",""tasks"":1,""started"":0,""wait"":null,""unstarted"":1},{""node"":""N7"",""tasks"":2,""started"":1,""wait"":22.0,""unstarted"":1},{""node"":""N8"",""tasks"":2,""started"":0,""wait"":null,""unstarted"":2}]",,
15,low,0.5,rolling,10,12,1.0,26.5,26.4,1059,10,5,6,229,0,0,0,0.12577899995085318,14,0,0.1967479674796748,1,"[{""node"":""N3"",""tasks"":1,""started"":1,""wait"":6.0,""unstarted"":0},{""node"":""N4"",""tasks"":3,""started"":3,""wait"":25.0,""unstarted"":0},{""node"":""N5"",""tasks"":3,""started"":2,""wait"":28.5,""unstarted"":1},{""node"":""N6"",""tasks"":1,""started"":0,""wait"":null,""unstarted"":1},{""node"":""N7"",""tasks"":2,""started"":2,""wait"":29.5,""unstarted"":0},{""node"":""N8"",""tasks"":2,""started"":2,""wait"":34.0,""unstarted"":0}]",,
15,low,0.5,lexicographic,8,12,1.0,31.9,23.0,1187,10,9,57,235,0,0,0,0.3335750999976881,14,0,0.32266666666666666,1,"[{""node"":""N3"",""tasks"":1,""started"":1,""wait"":6.0,""unstarted"":0},{""node"":""N4"",""tasks"":3,""started"":3,""wait"":25.0,""unstarted"":0},{""node"":""N5"",""tasks"":3,""started"":2,""wait"":20.0,""unstarted"":1},{""node"":""N6"",""tasks"":1,""started"":0,""wait"":null,""unstarted"":1},{""node"":""N7"",""tasks"":2,""started"":2,""wait"":45.0,""unstarted"":0},{""node"":""N8"",""tasks"":2,""started"":2,""wait"":54.0,""unstarted"":0}]",14,14
15,low,0.5,rolling_forecast,10,12,1.0,26.5,26.4,1059,10,5,6,229,0,0,0,0.1209612999955425,14,0,0.1967479674796748,1,"[{""node"":""N3"",""tasks"":1,""started"":1,""wait"":6.0,""unstarted"":0},{""node"":""N4"",""tasks"":3,""started"":3,""wait"":25.0,""unstarted"":0},{""node"":""N5"",""tasks"":3,""started"":2,""wait"":28.5,""unstarted"":1},{""node"":""N6"",""tasks"":1,""started"":0,""wait"":null,""unstarted"":1},{""node"":""N7"",""tasks"":2,""started"":2,""wait"":29.5,""unstarted"":0},{""node"":""N8"",""tasks"":2,""started"":2,""wait"":34.0,""unstarted"":0}]",,
15,medium,0.5,greedy,14,24,0.8888888888888888,32.5,37.666666666666664,2238,16,23,128,288,4,6,0,0.0172615999908885,19,19,0.20832717053690283,0,"[{""node"":""N3"",""tasks"":1,""started"":1,""wait"":6.0,""unstarted"":0},{""node"":""N4"",""tasks"":8,""started"":7,""wait"":38.142857142857146,""unstarted"":1},{""node"":""N5"",""tasks"":5,""started"":3,""wait"":35.333333333333336,""unstarted"":2},{""node"":""N6"",""tasks"":2,""started"":1,""wait"":22.0,""unstarted"":1},{""node"":""N7"",""tasks"":3,""started"":2,""wait"":30.0,""unstarted"":1},{""node"":""N8"",""tasks"":5,""started"":2,""wait"":29.5,""unstarted"":3}]",,
15,medium,0.5,static,3,24,0.1111111111111111,16.0,20.0,184,3,45,0,125,0,0,0,0.015376999988802709,1,0,0.2222222222222222,3,"[{""node"":""N3"",""tasks"":1,""started"":1,""wait"":6.0,""unstarted"":0},{""node"":""N4"",""tasks"":8,""started"":0,""wait"":null,""unstarted"":8},{""node"":""N5"",""tasks"":5,""started"":1,""wait"":20.0,""unstarted"":4},{""node"":""N6"",""tasks"":2,""started"":0,""wait"":null,""unstarted"":2},{""node"":""N7"",""tasks"":3,""started"":1,""wait"":22.0,""unstarted"":2},{""node"":""N8"",""tasks"":5,""started"":0,""wait"":null,""unstarted"":5}]",,
15,medium,0.5,rolling,14,24,0.8888888888888888,31.8125,34.666666666666664,2151,16,23,138,282,2,8,0,0.7597314000013284,19,0,0.20659697013697303,0,"[{""node"":""N3"",""tasks"":1,""started"":1,""wait"":6.0,""unstarted"":0},{""node"":""N4"",""tasks"":8,""started"":7,""wait"":35.142857142857146,""unstarted"":1},{""node"":""N5"",""tasks"":5,""started"":3,""wait"":33.333333333333336,""unstarted"":2},{""node"":""N6"",""tasks"":2,""started"":1,""wait"":22.0,""unstarted"":1},{""node"":""N7"",""tasks"":3,""started"":2,""wait"":38.0,""unstarted"":1},{""node"":""N8"",""tasks"":5,""started"":2,""wait"":29.5,""unstarted"":3}]",,
15,medium,0.5,lexicographic,14,24,0.8888888888888888,31.58823529411765,35.44444444444444,2249,17,23,150,328,8,6,0,1.0910977999592433,19,0,0.19182022033733068,0,"[{""node"":""N3"",""tasks"":1,""started"":1,""wait"":6.0,""unstarted"":0},{""node"":""N4"",""tasks"":8,""started"":7,""wait"":39.142857142857146,""unstarted"":1},{""node"":""N5"",""tasks"":5,""started"":3,""wait"":26.333333333333332,""unstarted"":2},{""node"":""N6"",""tasks"":2,""started"":1,""wait"":33.0,""unstarted"":1},{""node"":""N7"",""tasks"":3,""started"":2,""wait"":30.0,""unstarted"":1},{""node"":""N8"",""tasks"":5,""started"":3,""wait"":28.333333333333332,""unstarted"":2}]",19,19
15,medium,0.5,rolling_forecast,14,24,0.8888888888888888,31.8125,34.666666666666664,2151,16,23,138,282,2,8,0,0.7155307000211906,19,0,0.20659697013697303,0,"[{""node"":""N3"",""tasks"":1,""started"":1,""wait"":6.0,""unstarted"":0},{""node"":""N4"",""tasks"":8,""started"":7,""wait"":35.142857142857146,""unstarted"":1},{""node"":""N5"",""tasks"":5,""started"":3,""wait"":33.333333333333336,""unstarted"":2},{""node"":""N6"",""tasks"":2,""started"":1,""wait"":22.0,""unstarted"":1},{""node"":""N7"",""tasks"":3,""started"":2,""wait"":38.0,""unstarted"":1},{""node"":""N8"",""tasks"":5,""started"":2,""wait"":29.5,""unstarted"":3}]",,
15,high,0.5,greedy,16,36,0.5454545454545454,42.27777777777778,49.0,3557,18,46,270,308,12,14,0,0.059798200032673776,30,30,0.16865434307294772,0,"[{""node"":""N3"",""tasks"":2,""started"":2,""wait"":41.5,""unstarted"":0},{""node"":""N4"",""tasks"":12,""started"":8,""wait"":55.125,""unstarted"":4},{""node"":""N5"",""tasks"":8,""started"":3,""wait"":33.0,""unstarted"":5},{""node"":""N6"",""tasks"":3,""started"":2,""wait"":26.5,""unstarted"":1},{""node"":""N7"",""tasks"":5,""started"":1,""wait"":22.0,""unstarted"":4},{""node"":""N8"",""tasks"":6,""started"":2,""wait"":31.5,""unstarted"":4}]",,
15,high,0.5,static,3,36,0.045454545454545456,16.0,20.0,184,3,72,0,125,0,0,0,0.01272620000236202,1,0,0.2222222222222222,3,"[{""node"":""N3"",""tasks"":2,""started"":1,""wait"":6.0,""unstarted"":1},{""node"":""N4"",""tasks"":12,""started"":0,""wait"":null,""unstarted"":12},{""node"":""N5"",""tasks"":8,""started"":1,""wait"":20.0,""unstarted"":7},{""node"":""N6"",""tasks"":3,""started"":0,""wait"":null,""unstarted"":3},{""node"":""N7"",""tasks"":5,""started"":1,""wait"":22.0,""unstarted"":4},{""node"":""N8"",""tasks"":6,""started"":0,""wait"":null,""unstarted"":6}]",,
15,high,0.5,rolling,17,36,0.5,28.842105263157894,31.583333333333332,2402,19,45,117,304,28,34,0,4.963992200049688,30,1,0.25307359307359306,0,"[{""node"":""N3"",""tasks"":2,""started"":2,""wait"":4.5,""unstarted"":0},{""node"":""N4"",""tasks"":12,""started"":6,""wait"":36.333333333333336,""unstarted"":6},{""node"":""N5"",""tasks"":8,""started"":4,""wait"":22.25,""unstarted"":4},{""node"":""N6"",""tasks"":3,""started"":2,""wait"":40.0,""unstarted"":1},{""node"":""N7"",""tasks"":5,""started"":2,""wait"":20.0,""unstarted"":3},{""node"":""N8"",""tasks"":6,""started"":3,""wait"":37.333333333333336,""unstarted"":3}]",,
15,high,0.5,lexicographic,15,36,0.5,38.05882352941177,43.583333333333336,2987,17,49,255,282,32,24,0,2.41983810000238,30,10,0.31101426307448493,0,"[{""node"":""N3"",""tasks"":2,""started"":2,""wait"":4.5,""unstarted"":0},{""node"":""N4"",""tasks"":12,""started"":7,""wait"":57.285714285714285,""unstarted"":5},{""node"":""N5"",""tasks"":8,""started"":3,""wait"":22.0,""unstarted"":5},{""node"":""N6"",""tasks"":3,""started"":2,""wait"":31.5,""unstarted"":1},{""node"":""N7"",""tasks"":5,""started"":1,""wait"":22.0,""unstarted"":4},{""node"":""N8"",""tasks"":6,""started"":2,""wait"":43.0,""unstarted"":4}]",12,13
15,high,0.5,rolling_forecast,16,36,0.5,34.94444444444444,36.72727272727273,2695,18,47,226,308,35,38,0,4.14388590004819,30,2,0.2935779816513761,0,"[{""node"":""N3"",""tasks"":2,""started"":2,""wait"":4.5,""unstarted"":0},{""node"":""N4"",""tasks"":12,""started"":6,""wait"":39.5,""unstarted"":6},{""node"":""N5"",""tasks"":8,""started"":3,""wait"":21.666666666666668,""unstarted"":5},{""node"":""N6"",""tasks"":3,""started"":2,""wait"":40.0,""unstarted"":1},{""node"":""N7"",""tasks"":5,""started"":1,""wait"":22.0,""unstarted"":4},{""node"":""N8"",""tasks"":6,""started"":4,""wait"":54.0,""unstarted"":2}]",,
16,low,0.5,greedy,10,12,1.0,25.5,16.4,929,10,5,23,229,0,1,0,0.004351300027337857,14,14,0.3395918367346939,1,"[{""node"":""N3"",""tasks"":1,""started"":1,""wait"":8.0,""unstarted"":0},{""node"":""N4"",""tasks"":3,""started"":3,""wait"":18.0,""unstarted"":0},{""node"":""N5"",""tasks"":3,""started"":2,""wait"":14.0,""unstarted"":1},{""node"":""N6"",""tasks"":1,""started"":0,""wait"":null,""unstarted"":1},{""node"":""N7"",""tasks"":2,""started"":2,""wait"":31.0,""unstarted"":0},{""node"":""N8"",""tasks"":2,""started"":2,""wait"":51.5,""unstarted"":0}]",,
16,low,0.5,static,4,12,0.4,15.5,15.5,248,4,20,0,123,0,0,0,0.011981600007857196,1,0,0.18548387096774194,2,"[{""node"":""N3"",""tasks"":1,""started"":1,""wait"":8.0,""unstarted"":0},{""node"":""N4"",""tasks"":3,""started"":1,""wait"":15.0,""unstarted"":2},{""node"":""N5"",""tasks"":3,""started"":1,""wait"":16.0,""unstarted"":2},{""node"":""N6"",""tasks"":1,""started"":0,""wait"":null,""unstarted"":1},{""node"":""N7"",""tasks"":2,""started"":1,""wait"":23.0,""unstarted"":1},{""node"":""N8"",""tasks"":2,""started"":0,""wait"":null,""unstarted"":2}]",,
16,low,0.5,rolling,10,12,1.0,20.6,19.4,812,10,5,0,213,0,0,0,0.08740819997910876,14,0,0.17035775127768313,1,"[{""node"":""N3"",""tasks"":1,""started"":1,""wait"":8.0,""unstarted"":0},{""node"":""N4"",""tasks"":3,""started"":3,""wait"":18.333333333333332,""unstarted"":0},{""node"":""N5"",""tasks"":3,""started"":2,""wait"":21.0,""unstarted"":1},{""node"":""N6"",""tasks"":1,""started"":0,""wait"":null,""unstarted"":1},{""node"":""N7"",""tasks"":2,""started"":2,""wait"":25.0,""unstarted"":0},{""node"":""N8"",""tasks"":2,""started"":2,""wait"":25.5,""unstarted"":0}]",,
16,low,0.5,lexicographic,9,12,1.0,31.8,15.8,1112,10,7,83,189,1,0,0,0.3673692000011215,14,0,0.42597402597402595,1,"[{""node"":""N3"",""tasks"":1,""started"":1,""wait"":8.0,""unstarted"":0},{""node"":""N4"",""tasks"":3,""started"":3,""wait"":18.0,""unstarted"":0},{""node"":""N5"",""tasks"":3,""started"":2,""wait"":12.5,""unstarted"":1},{""node"":""N6"",""tasks"":1,""started"":0,""wait"":null,""unstarted"":1},{""node"":""N7"",""tasks"":2,""started"":2,""wait"":38.5,""unstarted"":0},{""node"":""N8"",""tasks"":2,""started"":2,""wait"":77.0,""unstarted"":0}]",14,14
16,low,0.5,rolling_forecast,10,12,1.0,20.6,19.4,812,10,5,0,213,0,0,0,0.09624329999496695,14,0,0.17035775127768313,1,"[{""node"":""N3"",""tasks"":1,""started"":1,""wait"":8.0,""unstarted"":0},{""node"":""N4"",""tasks"":3,""started"":3,""wait"":18.333333333333332,""unstarted"":0},{""node"":""N5"",""tasks"":3,""started"":2,""wait"":21.0,""unstarted"":1},{""node"":""N6"",""tasks"":1,""started"":0,""wait"":null,""unstarted"":1},{""node"":""N7"",""tasks"":2,""started"":2,""wait"":25.0,""unstarted"":0},{""node"":""N8"",""tasks"":2,""started"":2,""wait"":25.5,""unstarted"":0}]",,
16,medium,0.5,greedy,13,24,0.7,30.714285714285715,37.0,1882,14,25,93,327,7,8,0,0.018392199970548972,18,18,0.24760536398467434,0,"[{""node"":""N3"",""tasks"":1,""started"":1,""wait"":8.0,""unstarted"":0},{""node"":""N4"",""tasks"":4,""started"":4,""wait"":28.25,""unstarted"":0},{""node"":""N5"",""tasks"":6,""started"":4,""wait"":28.25,""unstarted"":2},{""node"":""N6"",""tasks"":5,""started"":2,""wait"":54.0,""unstarted"":3},{""node"":""N7"",""tasks"":3,""started"":1,""wait"":23.0,""unstarted"":2},{""node"":""N8"",""tasks"":5,""started"":2,""wait"":32.5,""unstarted"":3}]",,
16,medium,0.5,static,4,24,0.2,15.5,15.5,248,4,46,0,123,0,0,0,0.010216499998932704,1,0,0.18548387096774194,2,"[{""node"":""N3"",""tasks"":1,""started"":1,""wait"":8.0,""unstarted"":0},{""node"":""N4"",""tasks"":4,""started"":1,""wait"":15.0,""unstarted"":3},{""node"":""N5"",""tasks"":6,""started"":1,""wait"":16.0,""unstarted"":5},{""node"":""N6"",""tasks"":5,""started"":0,""wait"":null,""unstarted"":5},{""node"":""N7"",""tasks"":3,""started"":1,""wait"":23.0,""unstarted"":2},{""node"":""N8"",""tasks"":5,""started"":0,""wait"":null,""unstarted"":5}]",,
16,medium,0.5,rolling,14,24,0.7,32.0625,35.625,2109,16,23,120,322,9,15,0,1.1139923999726307,18,0,0.3052126200274348,0,"[{""node"":""N3"",""tasks"":1,""started"":1,""wait"":8.0,""unstarted"":0},{""node"":""N4"",""tasks"":4,""started"":4,""wait"":20.75,""unstarted"":0},{""node"":""N5"",""tasks"":6,""started"":3,""wait"":20.0,""unstarted"":3},{""node"":""N6"",""tasks"":5,""started"":3,""wait"":61.0,""unstarted"":2},{""node"":""N7"",""tasks"":3,""started"":2,""wait"":38.5,""unstarted"":1},{""node"":""N8"",""tasks"":5,""started"":3,""wait"":34.0,""unstarted"":2}]",,
16,medium,0.5,lexicographic,12,24,0.7,30.933333333333334,32.375,1910,15,27,111,314,12,12,0,1.4054125000111526,18,1,0.29773538079727,0,"[{""node"":""N3"",""tasks"":1,""started"":1,""wait"":8.0,""unstarted"":0},{""node"":""N4"",""tasks"":4,""started"":4,""wait"":20.75,""unstarted"":0},{""node"":""N5"",""tasks"":6,""started"":3,""wait"":20.0,""unstarted"":3},{""node"":""N6"",""tasks"":5,""started"":3,""wait"":52.333333333333336,""unstarted"":2},{""node"":""N7"",""tasks"":3,""started"":2,""wait"":50.5,""unstarted"":1},{""node"":""N8"",""tasks"":5,""started"":2,""wait"":27.5,""unstarted"":3}]",15,15
16,medium,0.5,rolling_forecast,14,24,0.7,32.0625,35.625,2109,16,23,120,322,9,15,0,1.075862000012421,18,0,0.3052126200274348,0,"[{""node"":""N3"",""tasks"":1,""started"":1,""wait"":8.0,""unstarted"":0},{""node"":""N4"",""tasks"":4,""started"":4,""wait"":20.75,""unstarted"":0},{""node"":""N5"",""tasks"":6,""started"":3,""wait"":20.0,""unstarted"":3},{""node"":""N6"",""tasks"":5,""started"":3,""wait"":61.0,""unstarted"":2},{""node"":""N7"",""tasks"":3,""started"":2,""wait"":38.5,""unstarted"":1},{""node"":""N8"",""tasks"":5,""started"":3,""wait"":34.0,""unstarted"":2}]",,
16,high,0.5,greedy,14,36,0.5,33.64705882352941,37.0,2604,17,48,159,357,16,14,0,0.05196299993258435,26,26,0.2073880162885398,0,"[{""node"":""N3"",""tasks"":1,""started"":1,""wait"":8.0,""unstarted"":0},{""node"":""N4"",""tasks"":5,""started"":5,""wait"":34.0,""unstarted"":0},{""node"":""N5"",""tasks"":8,""started"":5,""wait"":33.4,""unstarted"":3},{""node"":""N6"",""tasks"":9,""started"":4,""wait"":43.5,""unstarted"":5},{""node"":""N7"",""tasks"":5,""started"":1,""wait"":23.0,""unstarted"":4},{""node"":""N8"",""tasks"":8,""started"":1,""wait"":30.0,""unstarted"":7}]",,
16,high,0.5,static,4,36,0.1,15.5,15.5,248,4,69,0,123,0,0,0,0.011740899994038045,1,0,0.18548387096774194,2,"[{""node"":""N3"",""tasks"":1,""started"":1,""wait"":8.0,""unstarted"":0},{""node"":""N4"",""tasks"":5,""started"":1,""wait"":15.0,""unstarted"":4},{""node"":""N5"",""tasks"":8,""started"":1,""wait"":16.0,""unstarted"":7},{""node"":""N6"",""tasks"":9,""started"":0,""wait"":null,""unstarted"":9},{""node"":""N7"",""tasks"":5,""started"":1,""wait"":23.0,""unstarted"":4},{""node"":""N8"",""tasks"":8,""started"":0,""wait"":null,""unstarted"":8}]",,
16,high,0.5,rolling,16,36,0.5,28.85,24.46153846153846,2367,20,44,123,374,26,31,0,4.128941300019505,26,0,0.26811594202898553,0,"[{""node"":""N3"",""tasks"":1,""started"":1,""wait"":8.0,""unstarted"":0},{""node"":""N4"",""tasks"":5,""started"":4,""wait"":26.25,""unstarted"":1},{""node"":""N5"",""tasks"":8,""started"":6,""wait"":18.666666666666668,""unstarted"":2},{""node"":""N6"",""tasks"":9,""started"":3,""wait"":29.333333333333332,""unstarted"":6},{""node"":""N7"",""tasks"":5,""started"":2,""wait"":25.5,""unstarted"":3},{""node"":""N8"",""tasks"":8,""started"":4,""wait"":53.25,""unstarted"":4}]",,
16,high,0.5,lexicographic,15,36,0.55,31.105263157894736,33.07142857142857,2699,19,46,142,397,10,43,0,2.340285500016762,26,8,0.22116641528406236,0,"[{""node"":""N3"",""tasks"":1,""started"":1,""wait"":8.0,""unstarted"":0},{""node"":""N4"",""tasks"":5,""started"":5,""wait"":30.6,""unstarted"":0},{""node"":""N5"",""tasks"":8,""started"":5,""wait"":28.4,""unstarted"":3},{""node"":""N6"",""tasks"":9,""started"":4,""wait"":45.25,""unstarted"":5},{""node"":""N7"",""tasks"":5,""started"":2,""wait"":21.5,""unstarted"":3},{""node"":""N8"",""tasks"":8,""started"":2,""wait"":32.0,""unstarted"":6}]",10,11
16,high,0.5,rolling_forecast,16,36,0.5,30.714285714285715,26.23076923076923,2617,21,44,142,373,28,39,0,4.227127299949643,26,0,0.21706420386320177,0,"[{""node"":""N3"",""tasks"":1,""started"":1,""wait"":8.0,""unstarted"":0},{""node"":""N4"",""tasks"":5,""started"":4,""wait"":26.25,""unstarted"":1},{""node"":""N5"",""tasks"":8,""started"":7,""wait"":27.428571428571427,""unstarted"":1},{""node"":""N6"",""tasks"":9,""started"":3,""wait"":31.333333333333332,""unstarted"":6},{""node"":""N7"",""tasks"":5,""started"":1,""wait"":23.0,""unstarted"":4},{""node"":""N8"",""tasks"":8,""started"":5,""wait"":44.6,""unstarted"":3}]",,
12,low,0.5,greedy,9,12,1.0,30.9,22.0,1147,10,7,42,256,0,2,0,0.004455899994354695,14,14,0.3203619909502263,1,"[{""node"":""N3"",""tasks"":1,""started"":1,""wait"":9.0,""unstarted"":0},{""node"":""N4"",""tasks"":3,""started"":3,""wait"":23.333333333333332,""unstarted"":0},{""node"":""N5"",""tasks"":3,""started"":2,""wait"":20.0,""unstarted"":1},{""node"":""N6"",""tasks"":1,""started"":0,""wait"":null,""unstarted"":1},{""node"":""N7"",""tasks"":2,""started"":2,""wait"":34.0,""unstarted"":0},{""node"":""N8"",""tasks"":2,""started"":2,""wait"":61.0,""unstarted"":0}]",,
12,low,0.5,static,4,12,0.4,17.0,18.0,276,4,20,0,130,0,0,0,0.0150634000019636,1,0,0.16911764705882354,2,"[{""node"":""N3"",""tasks"":1,""started"":1,""wait"":9.0,""unstarted"":0},{""node"":""N4"",""tasks"":3,""started"":1,""wait"":16.0,""unstarted"":2},{""node"":""N5"",""tasks"":3,""started"":1,""wait"":20.0,""unstarted"":2},{""node"":""N6"",""tasks"":1,""started"":0,""wait"":null,""unstarted"":1},{""node"":""N7"",""tasks"":2,""started"":1,""wait"":23.0,""unstarted"":1},{""node"":""N8"",""tasks"":2,""started"":0,""wait"":null,""unstarted"":2}]",,
12,low,0.5,rolling,10,12,1.0,25.3,26.4,1023,10,5,6,239,0,0,0,0.10470579998218454,14,0,0.13898305084745763,1,"[{""node"":""N3"",""tasks"":1,""started"":1,""wait"":9.0,""unstarted"":0},{""node"":""N4"",""tasks"":3,""started"":3,""wait"":26.0,""unstarted"":0},{""node"":""N5"",""tasks"":3,""started"":2,""wait"":27.0,""unstarted"":1},{""node"":""N6"",""tasks"":1,""started"":0,""wait"":null,""unstarted"":1},{""node"":""N7"",""tasks"":2,""started"":2,""wait"":27.0,""unstarted"":0},{""node"":""N8"",""tasks"":2,""started"":2,""wait"":29.0,""unstarted"":0}]",,
12,low,0.5,lexicographic,10,12,1.0,26.7,26.4,1065,10,5,6,239,0,0,0,0.2788491000101203,14,0,0.1696,1,"[{""node"":""N3"",""tasks"":1,""started"":1,""wait"":9.0,""unstarted"":0},{""node"":""N4"",""tasks"":3,""started"":3,""wait"":26.0,""unstarted"":0},{""node"":""N5"",""tasks"":3,""started"":2,""wait"":27.0,""unstarted"":1},{""node"":""N6"",""tasks"":1,""started"":0,""wait"":null,""unstarted"":1},{""node"":""N7"",""tasks"":2,""started"":2,""wait"":34.0,""unstarted"":0},{""node"":""N8"",""tasks"":2,""started"":2,""wait"":29.0,""unstarted"":0}]",14,14
12,low,0.5,rolling_forecast,10,12,1.0,25.3,26.4,1023,10,5,6,239,0,0,0,0.11134250002214685,14,0,0.13898305084745763,1,"[{""node"":""N3"",""tasks"":1,""started"":1,""wait"":9.0,""unstarted"":0},{""node"":""N4"",""tasks"":3,""started"":3,""wait"":26.0,""unstarted"":0},{""node"":""N5"",""tasks"":3,""started"":2,""wait"":27.0,""unstarted"":1},{""node"":""N6"",""tasks"":1,""started"":0,""wait"":null,""unstarted"":1},{""node"":""N7"",""tasks"":2,""started"":2,""wait"":27.0,""unstarted"":0},{""node"":""N8"",""tasks"":2,""started"":2,""wait"":29.0,""unstarted"":0}]",,
12,medium,0.5,greedy,13,24,0.75,40.1875,34.18181818181818,2681,16,25,231,324,8,7,0,0.021971200025291182,19,19,0.14618973561430793,1,"[{""node"":""N3"",""tasks"":4,""started"":4,""wait"":47.0,""unstarted"":0},{""node"":""N4"",""tasks"":5,""started"":5,""wait"":37.4,""unstarted"":0},{""node"":""N5"",""tasks"":4,""started"":2,""wait"":36.5,""unstarted"":2},{""node"":""N6"",""tasks"":2,""started"":0,""wait"":null,""unstarted"":2},{""node"":""N7"",""tasks"":4,""started"":3,""wait"":51.0,""unstarted"":1},{""node"":""N8"",""tasks"":5,""started"":2,""wait"":21.0,""unstarted"":3}]",,
12,medium,0.5,static,4,24,0.16666666666666666,17.0,18.0,276,4,45,0,130,0,0,0,0.0153952999971807,1,0,0.16911764705882354,2,"[{""node"":""N3"",""tasks"":4,""started"":1,""wait"":9.0,""unstarted"":3},{""node"":""N4"",""tasks"":5,""started"":1,""wait"":16.0,""unstarted"":4},{""node"":""N5"",""tasks"":4,""started"":1,""wait"":20.0,""unstarted"":3},{""node"":""N6"",""tasks"":2,""started"":0,""wait"":null,""unstarted"":2},{""node"":""N7"",""tasks"":4,""started"":1,""wait"":23.0,""unstarted"":3},{""node"":""N8"",""tasks"":5,""started"":0,""wait"":null,""unstarted"":5}]",,
12,medium,0.5,rolling,14,24,0.75,29.470588235294116,33.90909090909091,2249,17,23,140,347,11,19,0,1.49509870003385,19,0,0.1799232035106966,1,"[{""node"":""N3"",""tasks"":4,""started"":3,""wait"":36.0,""unstarted"":1},{""node"":""N4"",""tasks"":5,""started"":3,""wait"":48.333333333333336,""unstarted"":2},{""node"":""N5"",""tasks"":4,""started"":3,""wait"":22.333333333333332,""unstarted"":1},{""node"":""N6"",""tasks"":2,""started"":0,""wait"":null,""unstarted"":2},{""node"":""N7"",""tasks"":4,""started"":4,""wait"":24.25,""unstarted"":0},{""node"":""N8"",""tasks"":5,""started"":4,""wait"":21.0,""unstarted"":1}]",,
12,medium,0.5,lexicographic,16,24,0.75,33.72222222222222,33.54545454545455,2559,18,19,184,361,6,16,0,1.8427531000052113,19,0,0.1812121212121212,1,"[{""node"":""N3"",""tasks"":4,""started"":4,""wait"":49.75,""unstarted"":0},{""node"":""N4"",""tasks"":5,""started"":4,""wait"":41.25,""unstarted"":1},{""node"":""N5"",""tasks"":4,""started"":3,""wait"":29.0,""unstarted"":1},{""node"":""N6"",""tasks"":2,""started"":0,""wait"":null,""unstarted"":2},{""node"":""N7"",""tasks"":4,""started"":3,""wait"":24.0,""unstarted"":1},{""node"":""N8"",""tasks"":5,""started"":4,""wait"":21.0,""unstarted"":1}]",19,19
12,medium,0.5,rolling_forecast,14,24,0.75,29.470588235294116,33.90909090909091,2249,17,23,140,347,11,19,0,1.4628122999711195,19,0,0.1799232035106966,1,"[{""node"":""N3"",""tasks"":4,""started"":3,""wait"":36.0,""unstarted"":1},{""node"":""N4"",""tasks"":5,""started"":3,""wait"":48.333333333333336,""unstarted"":2},{""node"":""N5"",""tasks"":4,""started"":3,""wait"":22.333333333333332,""unstarted"":1},{""node"":""N6"",""tasks"":2,""started"":0,""wait"":null,""unstarted"":2},{""node"":""N7"",""tasks"":4,""started"":4,""wait"":24.25,""unstarted"":0},{""node"":""N8"",""tasks"":5,""started"":4,""wait"":21.0,""unstarted"":1}]",,
12,high,0.5,greedy,12,36,0.4166666666666667,35.5625,38.357142857142854,2781,16,55,173,301,32,19,0,0.07878749998053536,30,30,0.1267550702028081,1,"[{""node"":""N3"",""tasks"":6,""started"":3,""wait"":32.333333333333336,""unstarted"":3},{""node"":""N4"",""tasks"":9,""started"":5,""wait"":34.6,""unstarted"":4},{""node"":""N5"",""tasks"":6,""started"":2,""wait"":37.5,""unstarted"":4},{""node"":""N6"",""tasks"":3,""started"":0,""wait"":null,""unstarted"":3},{""node"":""N7"",""tasks"":7,""started"":4,""wait"":45.5,""unstarted"":3},{""node"":""N8"",""tasks"":5,""started"":2,""wait"":21.0,""unstarted"":3}]",,
12,high,0.5,static,4,36,0.08333333333333333,17.0,18.0,276,4,73,0,130,0,0,0,0.015306500004953705,1,0,0.16911764705882354,2,"[{""node"":""N3"",""tasks"":6,""started"":1,""wait"":9.0,""unstarted"":5},{""node"":""N4"",""tasks"":9,""started"":1,""wait"":16.0,""unstarted"":8},{""node"":""N5"",""tasks"":6,""started"":1,""wait"":20.0,""unstarted"":5},{""node"":""N6"",""tasks"":3,""started"":0,""wait"":null,""unstarted"":3},{""node"":""N7"",""tasks"":7,""started"":1,""wait"":23.0,""unstarted"":6},{""node"":""N8"",""tasks"":5,""started"":0,""wait"":null,""unstarted"":5}]",,
12,high,0.5,rolling,15,36,0.4166666666666667,36.166666666666664,37.30769230769231,2923,18,50,251,349,26,54,0,7.168590099972789,30,0,0.25329815303430075,1,"[{""node"":""N3"",""tasks"":6,""started"":3,""wait"":34.333333333333336,""unstarted"":3},{""node"":""N4"",""tasks"":9,""started"":6,""wait"":56.833333333333336,""unstarted"":3},{""node"":""N5"",""tasks"":6,""started"":1,""wait"":20.0,""unstarted"":5},{""node"":""N6"",""tasks"":3,""started"":0,""wait"":null,""unstarted"":3},{""node"":""N7"",""tasks"":7,""started"":4,""wait"":14.0,""unstarted"":3},{""node"":""N8"",""tasks"":5,""started"":4,""wait"":32.75,""unstarted"":1}]",,
12,high,0.5,lexicographic,13,36,0.4583333333333333,37.166666666666664,37.8,3141,18,53,217,329,24,41,0,2.431825000036042,30,15,0.12220737063204128,1,"[{""node"":""N3"",""tasks"":6,""started"":3,""wait"":32.333333333333336,""unstarted"":3},{""node"":""N4"",""tasks"":9,""started"":5,""wait"":37.4,""unstarted"":4},{""node"":""N5"",""tasks"":6,""started"":2,""wait"":40.0,""unstarted"":4},{""node"":""N6"",""tasks"":3,""started"":0,""wait"":null,""unstarted"":3},{""node"":""N7"",""tasks"":7,""started"":6,""wait"":43.833333333333336,""unstarted"":1},{""node"":""N8"",""tasks"":5,""started"":2,""wait"":21.0,""unstarted"":3}]",7,9
12,high,0.5,rolling_forecast,14,36,0.4166666666666667,37.5,33.46153846153846,2895,18,52,293,370,37,47,0,5.757825099994079,30,4,0.2251116071428572,1,"[{""node"":""N3"",""tasks"":6,""started"":4,""wait"":56.0,""unstarted"":2},{""node"":""N4"",""tasks"":9,""started"":4,""wait"":45.25,""unstarted"":5},{""node"":""N5"",""tasks"":6,""started"":1,""wait"":20.0,""unstarted"":5},{""node"":""N6"",""tasks"":3,""started"":0,""wait"":null,""unstarted"":3},{""node"":""N7"",""tasks"":7,""started"":5,""wait"":18.2,""unstarted"":2},{""node"":""N8"",""tasks"":5,""started"":4,""wait"":39.75,""unstarted"":1}]",,
17,low,0.5,greedy,10,12,1.0,29.0,21.0,1080,10,5,26,244,0,1,0,0.004848900003707968,14,14,0.2942307692307692,1,"[{""node"":""N3"",""tasks"":1,""started"":1,""wait"":10.0,""unstarted"":0},{""node"":""N4"",""tasks"":3,""started"":3,""wait"":22.666666666666668,""unstarted"":0},{""node"":""N5"",""tasks"":3,""started"":2,""wait"":18.5,""unstarted"":1},{""node"":""N6"",""tasks"":1,""started"":0,""wait"":null,""unstarted"":1},{""node"":""N7"",""tasks"":2,""started"":2,""wait"":34.5,""unstarted"":0},{""node"":""N8"",""tasks"":2,""started"":2,""wait"":53.0,""unstarted"":0}]",,
17,low,0.5,static,4,12,0.4,16.75,16.5,267,4,20,0,133,0,0,0,0.0171081000007689,1,0,0.16791044776119404,2,"[{""node"":""N3"",""tasks"":1,""started"":1,""wait"":10.0,""unstarted"":0},{""node"":""N4"",""tasks"":3,""started"":1,""wait"":15.0,""unstarted"":2},{""node"":""N5"",""tasks"":3,""started"":1,""wait"":18.0,""unstarted"":2},{""node"":""N6"",""tasks"":1,""started"":0,""wait"":null,""unstarted"":1},{""node"":""N7"",""tasks"":2,""started"":1,""wait"":24.0,""unstarted"":1},{""node"":""N8"",""tasks"":2,""started"":0,""wait"":null,""unstarted"":2}]",,
17,low,0.5,rolling,10,12,1.0,25.8,25.6,1030,10,5,5,246,0,0,0,0.11404130001028534,14,0,0.15308641975308643,1,"[{""node"":""N3"",""tasks"":1,""started"":1,""wait"":10.0,""unstarted"":0},{""node"":""N4"",""tasks"":3,""started"":3,""wait"":25.0,""unstarted"":0},{""node"":""N5"",""tasks"":3,""started"":2,""wait"":26.5,""unstarted"":1},{""node"":""N6"",""tasks"":1,""started"":0,""wait"":null,""unstarted"":1},{""node"":""N7"",""tasks"":2,""started"":2,""wait"":28.5,""unstarted"":0},{""node"":""N8"",""tasks"":2,""started"":2,""wait"":31.5,""unstarted"":0}]",,
17,low,0.5,lexicographic,9,12,1.0,30.2,22.2,1128,10,7,39,244,0,0,0,0.3574854000034975,14,0,0.2759581881533101,1,"[{""node"":""N3"",""tasks"":1,""started"":1,""wait"":10.0,""unstarted"":0},{""node"":""N4"",""tasks"":3,""started"":3,""wait"":25.0,""unstarted"":0},{""node"":""N5"",""tasks"":3,""started"":2,""wait"":18.0,""unstarted"":1},{""node"":""N6"",""tasks"":1,""started"":0,""wait"":null,""unstarted"":1},{""node"":""N7"",""tasks"":2,""started"":2,""wait"":44.0,""unstarted"":0},{""node"":""N8"",""tasks"":2,""started"":2,""wait"":46.5,""unstarted"":0}]",14,14
17,low,0.5,rolling_forecast,10,12,1.0,25.8,25.6,1030,10,5,5,246,0,0,0,0.1263250000483822,14,0,0.15308641975308643,1,"[{""node"":""N3"",""tasks"":1,""started"":1,""wait"":10.0,""unstarted"":0},{""node"":""N4"",""tasks"":3,""started"":3,""wait"":25.0,""unstarted"":0},{""node"":""N5"",""tasks"":3,""started"":2,""wait"":26.5,""unstarted"":1},{""node"":""N6"",""tasks"":1,""started"":0,""wait"":null,""unstarted"":1},{""node"":""N7"",""tasks"":2,""started"":2,""wait"":28.5,""unstarted"":0},{""node"":""N8"",""tasks"":2,""started"":2,""wait"":31.5,""unstarted"":0}]",,
17,medium,0.5,greedy,13,24,1.0,36.0,26.666666666666668,2100,15,24,193,290,6,8,0,0.018535900002461858,19,19,0.2793773016404419,0,"[{""node"":""N3"",""tasks"":3,""started"":2,""wait"":25.5,""unstarted"":1},{""node"":""N4"",""tasks"":5,""started"":4,""wait"":35.25,""unstarted"":1},{""node"":""N5"",""tasks"":6,""started"":4,""wait"":27.5,""unstarted"":2},{""node"":""N6"",""tasks"":3,""started"":1,""wait"":98.0,""unstarted"":2},{""node"":""N7"",""tasks"":2,""started"":1,""wait"":24.0,""unstarted"":1},{""node"":""N8"",""tasks"":5,""started"":3,""wait"":38.666666666666664,""unstarted"":2}]",,
17,medium,0.5,static,4,24,0.2222222222222222,16.75,16.5,267,4,45,0,133,0,0,0,0.013980000003357418,1,0,0.16791044776119404,2,"[{""node"":""N3"",""tasks"":3,""started"":1,""wait"":10.0,""unstarted"":2},{""node"":""N4"",""tasks"":5,""started"":1,""wait"":15.0,""unstarted"":4},{""node"":""N5"",""tasks"":6,""started"":1,""wait"":18.0,""unstarted"":5},{""node"":""N6"",""tasks"":3,""started"":0,""wait"":null,""unstarted"":3},{""node"":""N7"",""tasks"":2,""started"":1,""wait"":24.0,""unstarted"":1},{""node"":""N8"",""tasks"":5,""started"":0,""wait"":null,""unstarted"":5}]",,
17,medium,0.5,rolling,16,24,0.8888888888888888,27.529411764705884,31.444444444444443,1970,17,19,43,312,4,1,0,0.7704983000003267,19,0,0.11536388140161724,1,"[{""node"":""N3"",""tasks"":3,""started"":2,""wait"":25.5,""unstarted"":1},{""node"":""N4"",""tasks"":5,""started"":5,""wait"":35.6,""unstarted"":0},{""node"":""N5"",""tasks"":6,""started"":4,""wait"":26.5,""unstarted"":2},{""node"":""N6"",""tasks"":3,""started"":0,""wait"":null,""unstarted"":3},{""node"":""N7"",""tasks"":2,""started"":2,""wait"":18.0,""unstarted"":0},{""node"":""N8"",""tasks"":5,""started"":4,""wait"":24.25,""unstarted"":1}]",,
17,medium,0.5,lexicographic,14,24,1.0,31.1875,28.444444444444443,2009,16,22,106,335,4,3,0,1.4776865000167163,19,0,0.09976407145264576,1,"[{""node"":""N3"",""tasks"":3,""started"":2,""wait"":25.5,""unstarted"":1},{""node"":""N4"",""tasks"":5,""started"":4,""wait"":40.25,""unstarted"":1},{""node"":""N5"",""tasks"":6,""started"":5,""wait"":28.6,""unstarted"":1},{""node"":""N6"",""tasks"":3,""started"":0,""wait"":null,""unstarted"":3},{""node"":""N7"",""tasks"":2,""started"":1,""wait"":24.0,""unstarted"":1},{""node"":""N8"",""tasks"":5,""started"":4,""wait"":30.0,""unstarted"":1}]",19,19
17,medium,0.5,rolling_forecast,16,24,0.8888888888888888,27.529411764705884,31.444444444444443,1970,17,19,43,312,4,1,0,0.7352432999759912,19,0,0.11536388140161724,1,"[{""node"":""N3"",""tasks"":3,""started"":2,""wait"":25.5,""unstarted"":1},{""node"":""N4"",""tasks"":5,""started"":5,""wait"":35.6,""unstarted"":0},{""node"":""N5"",""tasks"":6,""started"":4,""wait"":26.5,""unstarted"":2},{""node"":""N6"",""tasks"":3,""started"":0,""wait"":null,""unstarted"":3},{""node"":""N7"",""tasks"":2,""started"":2,""wait"":18.0,""unstarted"":0},{""node"":""N8"",""tasks"":5,""started"":4,""wait"":24.25,""unstarted"":1}]",,
17,high,0.5,greedy,15,36,0.6111111111111112,36.11764705882353,40.76923076923077,2902,17,45,171,355,9,12,0,0.05080830003134906,28,28,0.07164404223227752,0,"[{""node"":""N3"",""tasks"":4,""started"":3,""wait"":32.0,""unstarted"":1},{""node"":""N4"",""tasks"":7,""started"":4,""wait"":37.75,""unstarted"":3},{""node"":""N5"",""tasks"":8,""started"":4,""wait"":32.25,""unstarted"":4},{""node"":""N6"",""tasks"":6,""started"":2,""wait"":32.5,""unstarted"":4},{""node"":""N7"",""tasks"":3,""started"":2,""wait"":43.5,""unstarted"":1},{""node"":""N8"",""tasks"":8,""started"":2,""wait"":43.0,""unstarted"":6}]",,
17,high,0.5,static,4,36,0.1111111111111111,16.75,16.5,267,4,68,0,133,0,0,0,0.010886500007472932,1,0,0.16791044776119404,2,"[{""node"":""N3"",""tasks"":4,""started"":1,""wait"":10.0,""unstarted"":3},{""node"":""N4"",""tasks"":7,""started"":1,""wait"":15.0,""unstarted"":6},{""node"":""N5"",""tasks"":8,""started"":1,""wait"":18.0,""unstarted"":7},{""node"":""N6"",""tasks"":6,""started"":0,""wait"":null,""unstarted"":6},{""node"":""N7"",""tasks"":3,""started"":1,""wait"":24.0,""unstarted"":2},{""node"":""N8"",""tasks"":8,""started"":0,""wait"":null,""unstarted"":8}]",,
17,high,0.5,rolling,19,36,0.6666666666666666,33.31818181818182,34.4,3231,22,38,188,364,36,20,0,4.1702105999866035,28,0,0.17163177670424049,0,"[{""node"":""N3"",""tasks"":4,""started"":3,""wait"":24.0,""unstarted"":1},{""node"":""N4"",""tasks"":7,""started"":4,""wait"":48.75,""unstarted"":3},{""node"":""N5"",""tasks"":8,""started"":6,""wait"":19.833333333333332,""unstarted"":2},{""node"":""N6"",""tasks"":6,""started"":2,""wait"":40.0,""unstarted"":4},{""node"":""N7"",""tasks"":3,""started"":3,""wait"":30.666666666666668,""unstarted"":0},{""node"":""N8"",""tasks"":8,""started"":4,""wait"":43.75,""unstarted"":4}]",,
17,high,0.5,lexicographic,16,36,0.6111111111111112,39.94444444444444,46.30769230769231,3361,18,42,232,359,15,45,0,2.5495049999735784,28,6,0.12395183831434098,0,"[{""node"":""N3"",""tasks"":4,""started"":2,""wait"":47.0,""unstarted"":2},{""node"":""N4"",""tasks"":7,""started"":5,""wait"":44.8,""unstarted"":2},{""node"":""N5"",""tasks"":8,""started"":4,""wait"":26.25,""unstarted"":4},{""node"":""N6"",""tasks"":6,""started"":2,""wait"":45.0,""unstarted"":4},{""node"":""N7"",""tasks"":3,""started"":1,""wait"":24.0,""unstarted"":2},{""node"":""N8"",""tasks"":8,""started"":4,""wait"":45.5,""unstarted"":4}]",13,13
17,high,0.5,rolling_forecast,17,36,0.6111111111111112,36.0,38.84615384615385,3062,19,41,222,345,23,23,0,3.7394018999912078,28,0,0.2382953181272509,0,"[{""node"":""N3"",""tasks"":4,""started"":2,""wait"":25.5,""unstarted"":2},{""node"":""N4"",""tasks"":7,""started"":4,""wait"":53.5,""unstarted"":3},{""node"":""N5"",""tasks"":8,""started"":5,""wait"":18.0,""unstarted"":3},{""node"":""N6"",""tasks"":6,""started"":2,""wait"":40.0,""unstarted"":4},{""node"":""N7"",""tasks"":3,""started"":2,""wait"":18.0,""unstarted"":1},{""node"":""N8"",""tasks"":8,""started"":4,""wait"":53.25,""unstarted"":4}]",,
18,low,0.5,greedy,9,12,1.0,27.5,17.6,1001,10,7,28,253,0,1,0,0.005483499960973859,14,14,0.32300000000000006,1,"[{""node"":""N3"",""tasks"":1,""started"":1,""wait"":9.0,""unstarted"":0},{""node"":""N4"",""tasks"":3,""started"":3,""wait"":17.333333333333332,""unstarted"":0},{""node"":""N5"",""tasks"":3,""started"":2,""wait"":18.0,""unstarted"":1},{""node"":""N6"",""tasks"":1,""started"":0,""wait"":null,""unstarted"":1},{""node"":""N7"",""tasks"":2,""started"":2,""wait"":35.0,""unstarted"":0},{""node"":""N8"",""tasks"":2,""started"":2,""wait"":54.0,""unstarted"":0}]",,
18,low,0.5,static,4,12,0.4,16.75,16.5,267,4,20,0,131,0,0,0,0.015400799995404668,1,0,0.19029850746268656,2,"[{""node"":""N3"",""tasks"":1,""started"":1,""wait"":9.0,""unstarted"":0},{""node"":""N4"",""tasks"":3,""started"":1,""wait"":15.0,""unstarted"":2},{""node"":""N5"",""tasks"":3,""started"":1,""wait"":18.0,""unstarted"":2},{""node"":""N6"",""tasks"":1,""started"":0,""wait"":null,""unstarted"":1},{""node"":""N7"",""tasks"":2,""started"":1,""wait"":25.0,""unstarted"":1},{""node"":""N8"",""tasks"":2,""started"":0,""wait"":null,""unstarted"":2}]",,
18,low,0.5,rolling,10,12,1.0,22.2,20.6,872,10,5,0,238,0,0,0,0.10175849999359343,14,0,0.1755485893416928,1,"[{""node"":""N3"",""tasks"":1,""started"":1,""wait"":9.0,""unstarted"":0},{""node"":""N4"",""tasks"":3,""started"":3,""wait"":18.333333333333332,""unstarted"":0},{""node"":""N5"",""tasks"":3,""started"":2,""wait"":24.0,""unstarted"":1},{""node"":""N6"",""tasks"":1,""started"":0,""wait"":null,""unstarted"":1},{""node"":""N7"",""tasks"":2,""started"":2,""wait"":28.0,""unstarted"":0},{""node"":""N8"",""tasks"":2,""started"":2,""wait"":27.0,""unstarted"":0}]",,
18,low,0.5,lexicographic,9,12,1.0,32.1,15.8,1121,10,7,83,211,2,1,0,0.3487172000313876,14,0,0.41705756929637533,1,"[{""node"":""N3"",""tasks"":1,""started"":1,""wait"":9.0,""unstarted"":0},{""node"":""N4"",""tasks"":3,""started"":3,""wait"":17.333333333333332,""unstarted"":0},{""node"":""N5"",""tasks"":3,""started"":2,""wait"":13.5,""unstarted"":1},{""node"":""N6"",""tasks"":1,""started"":0,""wait"":null,""unstarted"":1},{""node"":""N7"",""tasks"":2,""started"":2,""wait"":38.5,""unstarted"":0},{""node"":""N8"",""tasks"":2,""started"":2,""wait"":78.0,""unstarted"":0}]",14,14
18,low,0.5,rolling_forecast,10,12,1.0,22.2,20.6,872,10,5,0,238,0,0,0,0.11533839997719042,14,0,0.1755485893416928,1,"[{""node"":""N3"",""tasks"":1,""started"":1,""wait"":9.0,""unstarted"":0},{""node"":""N4"",""tasks"":3,""started"":3,""wait"":18.333333333333332,""unstarted"":0},{""node"":""N5"",""tasks"":3,""started"":2,""wait"":24.0,""unstarted"":1},{""node"":""N6"",""tasks"":1,""started"":0,""wait"":null,""unstarted"":1},{""node"":""N7"",""tasks"":2,""started"":2,""wait"":28.0,""unstarted"":0},{""node"":""N8"",""tasks"":2,""started"":2,""wait"":27.0,""unstarted"":0}]",,
18,medium,0.5,greedy,13,24,0.6666666666666666,35.285714285714285,30.857142857142858,1914,14,26,129,308,6,10,0,0.01867489992582705,19,19,0.2802778802409935,0,"[{""node"":""N3"",""tasks"":5,""started"":4,""wait"":34.25,""unstarted"":1},{""node"":""N4"",""tasks"":4,""started"":3,""wait"":28.333333333333332,""unstarted"":1},{""node"":""N5"",""tasks"":3,""started"":1,""wait"":18.0,""unstarted"":2},{""node"":""N6"",""tasks"":5,""started"":3,""wait"":43.333333333333336,""unstarted"":2},{""node"":""N7"",""tasks"":3,""started"":2,""wait"":22.0,""unstarted"":1},{""node"":""N8"",""tasks"":4,""started"":1,""wait"":80.0,""unstarted"":3}]",,
18,medium,0.5,static,4,24,0.2222222222222222,16.75,16.5,267,4,45,0,131,0,0,0,0.010440700003528036,1,0,0.19029850746268656,2,"[{""node"":""N3"",""tasks"":5,""started"":1,""wait"":9.0,""unstarted"":4},{""node"":""N4"",""tasks"":4,""started"":1,""wait"":15.0,""unstarted"":3},{""node"":""N5"",""tasks"":3,""started"":1,""wait"":18.0,""unstarted"":2},{""node"":""N6"",""tasks"":5,""started"":0,""wait"":null,""unstarted"":5},{""node"":""N7"",""tasks"":3,""started"":1,""wait"":25.0,""unstarted"":2},{""node"":""N8"",""tasks"":4,""started"":0,""wait"":null,""unstarted"":4}]",,
18,medium,0.5,rolling,15,24,0.6666666666666666,31.125,38.714285714285715,2036,16,22,87,352,2,9,0,0.798809599946253,19,0,0.12086274509803921,0,"[{""node"":""N3"",""tasks"":5,""started"":4,""wait"":40.25,""unstarted"":1},{""node"":""N4"",""tasks"":4,""started"":3,""wait"":38.0,""unstarted"":1},{""node"":""N5"",""tasks"":3,""started"":2,""wait"":26.5,""unstarted"":1},{""node"":""N6"",""tasks"":5,""started"":2,""wait"":23.5,""unstarted"":3},{""node"":""N7"",""tasks"":3,""started"":2,""wait"":23.5,""unstarted"":1},{""node"":""N8"",""tasks"":4,""started"":3,""wait"":25.333333333333332,""unstarted"":1}]",,
18,medium,0.5,lexicographic,13,24,0.6666666666666666,36.57142857142857,30.0,1896,14,26,148,285,2,16,0,1.3280948999890825,19,1,0.2754937525191455,0,"[{""node"":""N3"",""tasks"":5,""started"":3,""wait"":31.0,""unstarted"":2},{""node"":""N4"",""tasks"":4,""started"":3,""wait"":18.0,""unstarted"":1},{""node"":""N5"",""tasks"":3,""started"":1,""wait"":18.0,""unstarted"":2},{""node"":""N6"",""tasks"":5,""started"":4,""wait"":61.75,""unstarted"":1},{""node"":""N7"",""tasks"":3,""started"":2,""wait"":22.0,""unstarted"":1},{""node"":""N8"",""tasks"":4,""started"":1,""wait"":56.0,""unstarted"":3}]",14,14
18,medium,0.5,rolling_forecast,15,24,0.6666666666666666,31.125,38.714285714285715,2036,16,22,87,352,2,9,0,0.7481645999796456,19,0,0.12086274509803921,0,"[{""node"":""N3"",""tasks"":5,""started"":4,""wait"":40.25,""unstarted"":1},{""node"":""N4"",""tasks"":4,""started"":3,""wait"":38.0,""unstarted"":1},{""node"":""N5"",""tasks"":3,""started"":2,""wait"":26.5,""unstarted"":1},{""node"":""N6"",""tasks"":5,""started"":2,""wait"":23.5,""unstarted"":3},{""node"":""N7"",""tasks"":3,""started"":2,""wait"":23.5,""unstarted"":1},{""node"":""N8"",""tasks"":4,""started"":3,""wait"":25.333333333333332,""unstarted"":1}]",,
18,high,0.5,greedy,14,36,0.5789473684210527,35.578947368421055,29.285714285714285,2848,19,47,199,357,12,17,0,0.05195970003842376,28,28,0.21759425493716342,1,"[{""node"":""N3"",""tasks"":7,""started"":6,""wait"":29.333333333333332,""unstarted"":1},{""node"":""N4"",""tasks"":7,""started"":4,""wait"":31.0,""unstarted"":3},{""node"":""N5"",""tasks"":6,""started"":3,""wait"":17.0,""unstarted"":3},{""node"":""N6"",""tasks"":7,""started"":3,""wait"":52.333333333333336,""unstarted"":4},{""node"":""N7"",""tasks"":5,""started"":3,""wait"":56.0,""unstarted"":2},{""node"":""N8"",""tasks"":4,""started"":0,""wait"":null,""unstarted"":4}]",,
18,high,0.5,static,4,36,0.10526315789473684,16.75,16.5,267,4,68,0,131,0,0,0,0.01011560000188183,1,0,0.19029850746268656,2,"[{""node"":""N3"",""tasks"":7,""started"":1,""wait"":9.0,""unstarted"":6},{""node"":""N4"",""tasks"":7,""started"":1,""wait"":15.0,""unstarted"":6},{""node"":""N5"",""tasks"":6,""started"":1,""wait"":18.0,""unstarted"":5},{""node"":""N6"",""tasks"":7,""started"":0,""wait"":null,""unstarted"":7},{""node"":""N7"",""tasks"":5,""started"":1,""wait"":25.0,""unstarted"":4},{""node"":""N8"",""tasks"":4,""started"":0,""wait"":null,""unstarted"":4}]",,
18,high,0.5,rolling,18,36,0.5263157894736842,28.08695652173913,26.307692307692307,2622,23,41,117,396,8,30,0,3.2160182999941753,28,0,0.16339709007683503,0,"[{""node"":""N3"",""tasks"":7,""started"":6,""wait"":25.666666666666668,""unstarted"":1},{""node"":""N4"",""tasks"":7,""started"":4,""wait"":18.5,""unstarted"":3},{""node"":""N5"",""tasks"":6,""started"":4,""wait"":21.75,""unstarted"":2},{""node"":""N6"",""tasks"":7,""started"":3,""wait"":33.0,""unstarted"":4},{""node"":""N7"",""tasks"":5,""started"":4,""wait"":45.0,""unstarted"":1},{""node"":""N8"",""tasks"":4,""started"":2,""wait"":26.0,""unstarted"":2}]",,
18,high,0.5,lexicographic,14,36,0.5789473684210527,32.27777777777778,30.428571428571427,2595,18,47,134,323,24,30,0,2.879759700008435,28,7,0.21456166419019315,1,"[{""node"":""N3"",""tasks"":7,""started"":6,""wait"":29.5,""unstarted"":1},{""node"":""N4"",""tasks"":7,""started"":4,""wait"":26.75,""unstarted"":3},{""node"":""N5"",""tasks"":6,""started"":3,""wait"":17.0,""unstarted"":3},{""node"":""N6"",""tasks"":7,""started"":2,""wait"":39.0,""unstarted"":5},{""node"":""N7"",""tasks"":5,""started"":3,""wait"":56.0,""unstarted"":2},{""node"":""N8"",""tasks"":4,""started"":0,""wait"":null,""unstarted"":4}]",19,19
18,high,0.5,rolling_forecast,15,36,0.42105263157894735,28.5,35.1,2241,18,48,116,337,10,39,0,3.3592450000578538,28,0,0.18721699756182514,0,"[{""node"":""N3"",""tasks"":7,""started"":6,""wait"":25.666666666666668,""unstarted"":1},{""node"":""N4"",""tasks"":7,""started"":4,""wait"":47.0,""unstarted"":3},{""node"":""N5"",""tasks"":6,""started"":3,""wait"":22.333333333333332,""unstarted"":3},{""node"":""N6"",""tasks"":7,""started"":2,""wait"":13.5,""unstarted"":5},{""node"":""N7"",""tasks"":5,""started"":1,""wait"":25.0,""unstarted"":4},{""node"":""N8"",""tasks"":4,""started"":2,""wait"":26.0,""unstarted"":2}]",,
19,low,0.5,greedy,9,12,1.0,26.1,16.4,947,10,7,26,230,0,2,0,0.005211300012888387,14,14,0.32755905511811023,1,"[{""node"":""N3"",""tasks"":1,""started"":1,""wait"":9.0,""unstarted"":0},{""node"":""N4"",""tasks"":3,""started"":3,""wait"":16.0,""unstarted"":0},{""node"":""N5"",""tasks"":3,""started"":2,""wait"":17.0,""unstarted"":1},{""node"":""N6"",""tasks"":1,""started"":0,""wait"":null,""unstarted"":1},{""node"":""N7"",""tasks"":2,""started"":2,""wait"":32.0,""unstarted"":0},{""node"":""N8"",""tasks"":2,""started"":2,""wait"":53.0,""unstarted"":0}]",,
19,low,0.5,static,4,12,0.4,16.0,16.0,256,4,20,0,126,0,0,0,0.02211170000373386,1,0,0.1796875,2,"[{""node"":""N3"",""tasks"":1,""started"":1,""wait"":9.0,""unstarted"":0},{""node"":""N4"",""tasks"":3,""started"":1,""wait"":14.0,""unstarted"":2},{""node"":""N5"",""tasks"":3,""started"":1,""wait"":18.0,""unstarted"":2},{""node"":""N6"",""tasks"":1,""started"":0,""wait"":null,""unstarted"":1},{""node"":""N7"",""tasks"":2,""started"":1,""wait"":23.0,""unstarted"":1},{""node"":""N8"",""tasks"":2,""started"":0,""wait"":null,""unstarted"":2}]",,
19,low,0.5,rolling,10,12,1.0,21.0,19.8,828,10,5,0,221,0,0,0,0.10507510000024922,14,0,0.1652892561983471,1,"[{""node"":""N3"",""tasks"":1,""started"":1,""wait"":9.0,""unstarted"":0},{""node"":""N4"",""tasks"":3,""started"":3,""wait"":17.333333333333332,""unstarted"":0},{""node"":""N5"",""tasks"":3,""started"":2,""wait"":23.5,""unstarted"":1},{""node"":""N6"",""tasks"":1,""started"":0,""wait"":null,""unstarted"":1},{""node"":""N7"",""tasks"":2,""started"":2,""wait"":25.0,""unstarted"":0},{""node"":""N8"",""tasks"":2,""started"":2,""wait"":26.0,""unstarted"":0}]",,
19,low,0.5,lexicographic,9,12,1.0,27.22222222222222,14.6,881,9,7,60,194,2,1,0,0.41842040000483394,14,0,0.4444444444444444,1,"[{""node"":""N3"",""tasks"":1,""started"":1,""wait"":9.0,""unstarted"":0},{""node"":""N4"",""tasks"":3,""started"":3,""wait"":16.0,""unstarted"":0},{""node"":""N5"",""tasks"":3,""started"":2,""wait"":12.5,""unstarted"":1},{""node"":""N6"",""tasks"":1,""started"":0,""wait"":null,""unstarted"":1},{""node"":""N7"",""tasks"":2,""started"":2,""wait"":38.5,""unstarted"":0},{""node"":""N8"",""tasks"":2,""started"":1,""wait"":86.0,""unstarted"":1}]",14,14
19,low,0.5,rolling_forecast,10,12,1.0,21.0,19.8,828,10,5,0,221,0,0,0,0.11473399994429201,14,0,0.1652892561983471,1,"[{""node"":""N3"",""tasks"":1,""started"":1,""wait"":9.0,""unstarted"":0},{""node"":""N4"",""tasks"":3,""started"":3,""wait"":17.333333333333332,""unstarted"":0},{""node"":""N5"",""tasks"":3,""started"":2,""wait"":23.5,""unstarted"":1},{""node"":""N6"",""tasks"":1,""started"":0,""wait"":null,""unstarted"":1},{""node"":""N7"",""tasks"":2,""started"":2,""wait"":25.0,""unstarted"":0},{""node"":""N8"",""tasks"":2,""started"":2,""wait"":26.0,""unstarted"":0}]",,
19,medium,0.5,greedy,12,24,0.6666666666666666,24.714285714285715,27.7,1592,14,30,68,290,7,9,0,0.019658400022308342,20,20,0.2271604938271605,1,"[{""node"":""N3"",""tasks"":4,""started"":2,""wait"":4.5,""unstarted"":2},{""node"":""N4"",""tasks"":5,""started"":4,""wait"":28.0,""unstarted"":1},{""node"":""N5"",""tasks"":4,""started"":2,""wait"":36.0,""unstarted"":2},{""node"":""N6"",""tasks"":2,""started"":0,""wait"":null,""unstarted"":2},{""node"":""N7"",""tasks"":4,""started"":4,""wait"":23.5,""unstarted"":0},{""node"":""N8"",""tasks"":5,""started"":2,""wait"":29.5,""unstarted"":3}]",,
19,medium,0.5,static,4,24,0.16666666666666666,16.0,16.0,256,4,48,0,126,0,0,0,0.00968289999582339,1,0,0.1796875,2,"[{""node"":""N3"",""tasks"":4,""started"":1,""wait"":9.0,""unstarted"":3},{""node"":""N4"",""tasks"":5,""started"":1,""wait"":14.0,""unstarted"":4},{""node"":""N5"",""tasks"":4,""started"":1,""wait"":18.0,""unstarted"":3},{""node"":""N6"",""tasks"":2,""started"":0,""wait"":null,""unstarted"":2},{""node"":""N7"",""tasks"":4,""started"":1,""wait"":23.0,""unstarted"":3},{""node"":""N8"",""tasks"":5,""started"":0,""wait"":null,""unstarted"":5}]",,
19,medium,0.5,rolling,12,24,0.75,17.307692307692307,17.0,1015,13,29,11,260,3,11,0,0.9412901999457972,20,0,0.22143698468786804,1,"[{""node"":""N3"",""tasks"":4,""started"":2,""wait"":4.5,""unstarted"":2},{""node"":""N4"",""tasks"":5,""started"":5,""wait"":18.4,""unstarted"":0},{""node"":""N5"",""tasks"":4,""started"":2,""wait"":15.0,""unstarted"":2},{""node"":""N6"",""tasks"":2,""started"":0,""wait"":null,""unstarted"":2},{""node"":""N7"",""tasks"":4,""started"":2,""wait"":23.0,""unstarted"":2},{""node"":""N8"",""tasks"":5,""started"":2,""wait"":24.0,""unstarted"":3}]",,
19,medium,0.5,lexicographic,12,24,0.75,17.846153846153847,17.0,1036,13,29,11,260,8,13,0,1.393041099916445,20,0,0.2398190045248869,1,"[{""node"":""N3"",""tasks"":4,""started"":2,""wait"":4.5,""unstarted"":2},{""node"":""N4"",""tasks"":5,""started"":5,""wait"":18.4,""unstarted"":0},{""node"":""N5"",""tasks"":4,""started"":2,""wait"":15.0,""unstarted"":2},{""node"":""N6"",""tasks"":2,""started"":0,""wait"":null,""unstarted"":2},{""node"":""N7"",""tasks"":4,""started"":2,""wait"":26.5,""unstarted"":2},{""node"":""N8"",""tasks"":5,""started"":2,""wait"":24.0,""unstarted"":3}]",20,20
19,medium,0.5,rolling_forecast,12,24,0.75,17.307692307692307,17.0,1015,13,29,11,260,3,11,0,0.9481337999895914,20,0,0.22143698468786804,1,"[{""node"":""N3"",""tasks"":4,""started"":2,""wait"":4.5,""unstarted"":2},{""node"":""N4"",""tasks"":5,""started"":5,""wait"":18.4,""unstarted"":0},{""node"":""N5"",""tasks"":4,""started"":2,""wait"":15.0,""unstarted"":2},{""node"":""N6"",""tasks"":2,""started"":0,""wait"":null,""unstarted"":2},{""node"":""N7"",""tasks"":4,""started"":2,""wait"":23.0,""unstarted"":2},{""node"":""N8"",""tasks"":5,""started"":2,""wait"":24.0,""unstarted"":3}]",,
19,high,0.5,greedy,13,36,0.4090909090909091,28.8,32.27272727272727,2006,15,56,142,347,10,18,0,0.07514809997519478,30,30,0.3476265407815369,0,"[{""node"":""N3"",""tasks"":5,""started"":4,""wait"":22.75,""unstarted"":1},{""node"":""N4"",""tasks"":6,""started"":3,""wait"":25.333333333333332,""unstarted"":3},{""node"":""N5"",""tasks"":7,""started"":1,""wait"":18.0,""unstarted"":6},{""node"":""N6"",""tasks"":4,""started"":1,""wait"":100.0,""unstarted"":3},{""node"":""N7"",""tasks"":6,""started"":4,""wait"":27.75,""unstarted"":2},{""node"":""N8"",""tasks"":8,""started"":2,""wait"":18.0,""unstarted"":6}]",,
19,high,0.5,static,4,36,0.09090909090909091,16.0,16.0,256,4,75,0,126,0,0,0,0.009933200009982102,1,0,0.1796875,2,"[{""node"":""N3"",""tasks"":5,""started"":1,""wait"":9.0,""unstarted"":4},{""node"":""N4"",""tasks"":6,""started"":1,""wait"":14.0,""unstarted"":5},{""node"":""N5"",""tasks"":7,""started"":1,""wait"":18.0,""unstarted"":6},{""node"":""N6"",""tasks"":4,""started"":0,""wait"":null,""unstarted"":4},{""node"":""N7"",""tasks"":6,""started"":1,""wait"":23.0,""unstarted"":5},{""node"":""N8"",""tasks"":8,""started"":0,""wait"":null,""unstarted"":8}]",,
19,high,0.5,rolling,15,36,0.36363636363636365,29.38888888888889,24.363636363636363,2123,18,52,89,303,20,38,0,4.849896799976705,30,0,0.2007807878859577,1,"[{""node"":""N3"",""tasks"":5,""started"":2,""wait"":16.0,""unstarted"":3},{""node"":""N4"",""tasks"":6,""started"":4,""wait"":18.75,""unstarted"":2},{""node"":""N5"",""tasks"":7,""started"":3,""wait"":41.333333333333336,""unstarted"":4},{""node"":""N6"",""tasks"":4,""started"":0,""wait"":null,""unstarted"":4},{""node"":""N7"",""tasks"":6,""started"":4,""wait"":26.0,""unstarted"":2},{""node"":""N8"",""tasks"":8,""started"":5,""wait"":38.8,""unstarted"":3}]",,
19,high,0.5,lexicographic,14,36,0.4090909090909091,30.11764705882353,32.0,2304,17,54,148,345,9,56,0,2.533091799952672,30,9,0.34854051847315787,0,"[{""node"":""N3"",""tasks"":5,""started"":5,""wait"":23.8,""unstarted"":0},{""node"":""N4"",""tasks"":6,""started"":3,""wait"":25.333333333333332,""unstarted"":3},{""node"":""N5"",""tasks"":7,""started"":1,""wait"":18.0,""unstarted"":6},{""node"":""N6"",""tasks"":4,""started"":1,""wait"":100.0,""unstarted"":3},{""node"":""N7"",""tasks"":6,""started"":5,""wait"":32.6,""unstarted"":1},{""node"":""N8"",""tasks"":8,""started"":2,""wait"":18.0,""unstarted"":6}]",17,17
19,high,0.5,rolling_forecast,13,36,0.36363636363636365,25.5625,26.09090909090909,1801,16,56,118,328,18,31,0,3.6884826000168687,30,1,0.2430985915492958,1,"[{""node"":""N3"",""tasks"":5,""started"":4,""wait"":46.25,""unstarted"":1},{""node"":""N4"",""tasks"":6,""started"":3,""wait"":15.0,""unstarted"":3},{""node"":""N5"",""tasks"":7,""started"":2,""wait"":17.0,""unstarted"":5},{""node"":""N6"",""tasks"":4,""started"":0,""wait"":null,""unstarted"":4},{""node"":""N7"",""tasks"":6,""started"":3,""wait"":15.333333333333334,""unstarted"":3},{""node"":""N8"",""tasks"":8,""started"":4,""wait"":24.75,""unstarted"":4}]",,
