seed,resource_scale,resource_count,event_rate,method,completed,total_tasks,urgent_satisfaction,mean_response,p1_response,weighted_response,started_tasks,unmet,lateness,travel,reassignments,withdrawals,violations,solve_seconds,solver_calls,fallback_calls,region_gini,unserved_regions,region_waits
0,0.35,8,high,greedy,12,36,0.26666666666666666,28.307692307692307,43.8,1542,13,62,73,129,6,3,0,0.14535609995073173,22,22,0.23755730189914867,2,"[{""node"":""N3"",""tasks"":3,""started"":3,""wait"":13.333333333333334,""unstarted"":0},{""node"":""N4"",""tasks"":9,""started"":5,""wait"":43.8,""unstarted"":4},{""node"":""N5"",""tasks"":9,""started"":0,""wait"":null,""unstarted"":9},{""node"":""N6"",""tasks"":3,""started"":0,""wait"":null,""unstarted"":3},{""node"":""N7"",""tasks"":6,""started"":3,""wait"":19.666666666666668,""unstarted"":3},{""node"":""N8"",""tasks"":6,""started"":2,""wait"":25.0,""unstarted"":4}]"
0,0.35,8,high,rolling,11,36,0.26666666666666666,31.0,43.4,1550,12,64,78,129,2,24,0,3.1584081000182778,22,8,0.22348886532343581,2,"[{""node"":""N3"",""tasks"":3,""started"":3,""wait"":16.333333333333332,""unstarted"":0},{""node"":""N4"",""tasks"":9,""started"":5,""wait"":43.4,""unstarted"":4},{""node"":""N5"",""tasks"":9,""started"":0,""wait"":null,""unstarted"":9},{""node"":""N6"",""tasks"":3,""started"":0,""wait"":null,""unstarted"":3},{""node"":""N7"",""tasks"":6,""started"":3,""wait"":20.0,""unstarted"":3},{""node"":""N8"",""tasks"":6,""started"":1,""wait"":46.0,""unstarted"":5}]"
0,0.35,8,high,rolling_forecast,13,36,0.26666666666666666,25.76923076923077,36.5,1297,13,60,41,129,13,22,0,1.9316583999898285,22,1,0.20058626465661641,2,"[{""node"":""N3"",""tasks"":3,""started"":3,""wait"":13.333333333333334,""unstarted"":0},{""node"":""N4"",""tasks"":9,""started"":4,""wait"":36.5,""unstarted"":5},{""node"":""N5"",""tasks"":9,""started"":0,""wait"":null,""unstarted"":9},{""node"":""N6"",""tasks"":3,""started"":0,""wait"":null,""unstarted"":3},{""node"":""N7"",""tasks"":6,""started"":3,""wait"":19.666666666666668,""unstarted"":3},{""node"":""N8"",""tasks"":6,""started"":3,""wait"":30.0,""unstarted"":3}]"
0,0.35,8,high,static,3,36,0.06666666666666667,15.666666666666666,15.0,171,3,81,0,84,0,0,0,0.03012400001171045,1,0,0.19858156028368795,3,"[{""node"":""N3"",""tasks"":3,""started"":1,""wait"":9.0,""unstarted"":2},{""node"":""N4"",""tasks"":9,""started"":1,""wait"":15.0,""unstarted"":8},{""node"":""N5"",""tasks"":9,""started"":0,""wait"":null,""unstarted"":9},{""node"":""N6"",""tasks"":3,""started"":0,""wait"":null,""unstarted"":3},{""node"":""N7"",""tasks"":6,""started"":1,""wait"":23.0,""unstarted"":5},{""node"":""N8"",""tasks"":6,""started"":0,""wait"":null,""unstarted"":6}]"
0,0.35,8,low,greedy,7,12,0.6,33.285714285714285,17.666666666666668,805,7,13,68,139,1,3,0,0.021478100010426715,14,14,0.4416184971098266,1,"[{""node"":""N3"",""tasks"":1,""started"":1,""wait"":9.0,""unstarted"":0},{""node"":""N4"",""tasks"":3,""started"":2,""wait"":20.0,""unstarted"":1},{""node"":""N5"",""tasks"":3,""started"":1,""wait"":13.0,""unstarted"":2},{""node"":""N6"",""tasks"":1,""started"":0,""wait"":null,""unstarted"":1},{""node"":""N7"",""tasks"":2,""started"":2,""wait"":40.0,""unstarted"":0},{""node"":""N8"",""tasks"":2,""started"":1,""wait"":91.0,""unstarted"":1}]"
0,0.35,8,low,rolling,7,12,0.6,24.571428571428573,26.333333333333332,674,7,13,0,151,0,2,0,0.42647789997863583,14,0,0.23209876543209876,1,"[{""node"":""N3"",""tasks"":1,""started"":1,""wait"":9.0,""unstarted"":0},{""node"":""N4"",""tasks"":3,""started"":2,""wait"":20.0,""unstarted"":1},{""node"":""N5"",""tasks"":3,""started"":1,""wait"":39.0,""unstarted"":2},{""node"":""N6"",""tasks"":1,""started"":0,""wait"":null,""unstarted"":1},{""node"":""N7"",""tasks"":2,""started"":2,""wait"":30.5,""unstarted"":0},{""node"":""N8"",""tasks"":2,""started"":1,""wait"":23.0,""unstarted"":1}]"
0,0.35,8,low,rolling_forecast,7,12,0.6,24.571428571428573,26.333333333333332,674,7,13,0,151,0,2,0,0.40367309999419376,14,0,0.23209876543209876,1,"[{""node"":""N3"",""tasks"":1,""started"":1,""wait"":9.0,""unstarted"":0},{""node"":""N4"",""tasks"":3,""started"":2,""wait"":20.0,""unstarted"":1},{""node"":""N5"",""tasks"":3,""started"":1,""wait"":39.0,""unstarted"":2},{""node"":""N6"",""tasks"":1,""started"":0,""wait"":null,""unstarted"":1},{""node"":""N7"",""tasks"":2,""started"":2,""wait"":30.5,""unstarted"":0},{""node"":""N8"",""tasks"":2,""started"":1,""wait"":23.0,""unstarted"":1}]"
0,0.35,8,low,static,3,12,0.2,15.666666666666666,15.0,171,3,23,0,84,0,0,0,0.020813399998587556,1,0,0.19858156028368795,3,"[{""node"":""N3"",""tasks"":1,""started"":1,""wait"":9.0,""unstarted"":0},{""node"":""N4"",""tasks"":3,""started"":1,""wait"":15.0,""unstarted"":2},{""node"":""N5"",""tasks"":3,""started"":0,""wait"":null,""unstarted"":3},{""node"":""N6"",""tasks"":1,""started"":0,""wait"":null,""unstarted"":1},{""node"":""N7"",""tasks"":2,""started"":1,""wait"":23.0,""unstarted"":1},{""node"":""N8"",""tasks"":2,""started"":0,""wait"":null,""unstarted"":2}]"
0,0.35,8,medium,greedy,9,24,0.4,28.2,41.0,1256,10,38,54,149,3,2,0,0.05537329998333007,18,18,0.32949152542372884,1,"[{""node"":""N3"",""tasks"":2,""started"":2,""wait"":8.0,""unstarted"":0},{""node"":""N4"",""tasks"":6,""started"":4,""wait"":36.5,""unstarted"":2},{""node"":""N5"",""tasks"":6,""started"":1,""wait"":59.0,""unstarted"":5},{""node"":""N6"",""tasks"":2,""started"":0,""wait"":null,""unstarted"":2},{""node"":""N7"",""tasks"":4,""started"":2,""wait"":17.0,""unstarted"":2},{""node"":""N8"",""tasks"":4,""started"":1,""wait"":27.0,""unstarted"":3}]"
0,0.35,8,medium,rolling,10,24,0.4,24.3,36.0,1017,10,36,39,147,5,11,0,1.8467217000143137,18,1,0.2675438596491228,2,"[{""node"":""N3"",""tasks"":2,""started"":2,""wait"":8.0,""unstarted"":0},{""node"":""N4"",""tasks"":6,""started"":4,""wait"":36.0,""unstarted"":2},{""node"":""N5"",""tasks"":6,""started"":0,""wait"":null,""unstarted"":6},{""node"":""N6"",""tasks"":2,""started"":0,""wait"":null,""unstarted"":2},{""node"":""N7"",""tasks"":4,""started"":2,""wait"":17.0,""unstarted"":2},{""node"":""N8"",""tasks"":4,""started"":2,""wait"":24.5,""unstarted"":2}]"
0,0.35,8,medium,rolling_forecast,10,24,0.4,28.09090909090909,40.6,1333,11,36,58,149,5,11,0,1.7942036999884294,18,2,0.327027027027027,1,"[{""node"":""N3"",""tasks"":2,""started"":2,""wait"":8.0,""unstarted"":0},{""node"":""N4"",""tasks"":6,""started"":4,""wait"":36.0,""unstarted"":2},{""node"":""N5"",""tasks"":6,""started"":1,""wait"":59.0,""unstarted"":5},{""node"":""N6"",""tasks"":2,""started"":0,""wait"":null,""unstarted"":2},{""node"":""N7"",""tasks"":4,""started"":2,""wait"":17.0,""unstarted"":2},{""node"":""N8"",""tasks"":4,""started"":2,""wait"":28.0,""unstarted"":2}]"
0,0.35,8,medium,static,3,24,0.1,15.666666666666666,15.0,171,3,52,0,84,0,0,0,0.02163719999953173,1,0,0.19858156028368795,3,"[{""node"":""N3"",""tasks"":2,""started"":1,""wait"":9.0,""unstarted"":1},{""node"":""N4"",""tasks"":6,""started"":1,""wait"":15.0,""unstarted"":5},{""node"":""N5"",""tasks"":6,""started"":0,""wait"":null,""unstarted"":6},{""node"":""N6"",""tasks"":2,""started"":0,""wait"":null,""unstarted"":2},{""node"":""N7"",""tasks"":4,""started"":1,""wait"":23.0,""unstarted"":3},{""node"":""N8"",""tasks"":4,""started"":0,""wait"":null,""unstarted"":4}]"
0,0.5,11,high,greedy,15,36,0.4666666666666667,34.5625,44.5,2371,16,53,141,207,19,17,0,0.1295374000328593,22,22,0.21575428737525434,1,"[{""node"":""N3"",""tasks"":3,""started"":3,""wait"":13.333333333333334,""unstarted"":0},{""node"":""N4"",""tasks"":9,""started"":5,""wait"":50.6,""unstarted"":4},{""node"":""N5"",""tasks"":9,""started"":3,""wait"":34.333333333333336,""unstarted"":6},{""node"":""N6"",""tasks"":3,""started"":0,""wait"":null,""unstarted"":3},{""node"":""N7"",""tasks"":6,""started"":4,""wait"":27.75,""unstarted"":2},{""node"":""N8"",""tasks"":6,""started"":1,""wait"":46.0,""unstarted"":5}]"
0,0.5,11,high,rolling,14,36,0.4666666666666667,39.0,51.0,2688,16,55,202,239,22,35,0,3.4465219999983674,22,13,0.2780269058295965,1,"[{""node"":""N3"",""tasks"":3,""started"":3,""wait"":13.333333333333334,""unstarted"":0},{""node"":""N4"",""tasks"":9,""started"":5,""wait"":61.0,""unstarted"":4},{""node"":""N5"",""tasks"":9,""started"":3,""wait"":34.333333333333336,""unstarted"":6},{""node"":""N6"",""tasks"":3,""started"":0,""wait"":null,""unstarted"":3},{""node"":""N7"",""tasks"":6,""started"":3,""wait"":21.666666666666668,""unstarted"":3},{""node"":""N8"",""tasks"":6,""started"":2,""wait"":55.5,""unstarted"":4}]"
0,0.5,11,high,rolling_forecast,14,36,0.4666666666666667,38.75,51.0,2676,16,55,202,239,22,23,0,2.8016723000328057,22,15,0.28292682926829277,1,"[{""node"":""N3"",""tasks"":3,""started"":3,""wait"":13.333333333333334,""unstarted"":0},{""node"":""N4"",""tasks"":9,""started"":5,""wait"":61.0,""unstarted"":4},{""node"":""N5"",""tasks"":9,""started"":3,""wait"":34.333333333333336,""unstarted"":6},{""node"":""N6"",""tasks"":3,""started"":0,""wait"":null,""unstarted"":3},{""node"":""N7"",""tasks"":6,""started"":3,""wait"":20.333333333333332,""unstarted"":3},{""node"":""N8"",""tasks"":6,""started"":2,""wait"":55.5,""unstarted"":4}]"
0,0.5,11,high,static,4,36,0.13333333333333333,16.5,17.0,266,4,78,0,133,0,0,0,0.04301429999759421,1,0,0.17424242424242425,2,"[{""node"":""N3"",""tasks"":3,""started"":1,""wait"":9.0,""unstarted"":2},{""node"":""N4"",""tasks"":9,""started"":1,""wait"":15.0,""unstarted"":8},{""node"":""N5"",""tasks"":9,""started"":1,""wait"":19.0,""unstarted"":8},{""node"":""N6"",""tasks"":3,""started"":0,""wait"":null,""unstarted"":3},{""node"":""N7"",""tasks"":6,""started"":1,""wait"":23.0,""unstarted"":5},{""node"":""N8"",""tasks"":6,""started"":0,""wait"":null,""unstarted"":6}]"
0,0.5,11,low,greedy,9,12,1.0,29.5,21.6,1101,10,7,30,249,2,3,0,0.005078800008050166,14,14,0.303202846975089,1,"[{""node"":""N3"",""tasks"":1,""started"":1,""wait"":9.0,""unstarted"":0},{""node"":""N4"",""tasks"":3,""started"":3,""wait"":23.0,""unstarted"":0},{""node"":""N5"",""tasks"":3,""started"":2,""wait"":19.5,""unstarted"":1},{""node"":""N6"",""tasks"":1,""started"":0,""wait"":null,""unstarted"":1},{""node"":""N7"",""tasks"":2,""started"":2,""wait"":34.0,""unstarted"":0},{""node"":""N8"",""tasks"":2,""started"":2,""wait"":55.0,""unstarted"":0}]"
0,0.5,11,low,rolling,10,12,1.0,27.3,26.8,1087,10,5,8,249,0,0,0,0.17422509999596514,14,0,0.17898832684824903,1,"[{""node"":""N3"",""tasks"":1,""started"":1,""wait"":9.0,""unstarted"":0},{""node"":""N4"",""tasks"":3,""started"":3,""wait"":25.0,""unstarted"":0},{""node"":""N5"",""tasks"":3,""started"":2,""wait"":29.5,""unstarted"":1},{""node"":""N6"",""tasks"":1,""started"":0,""wait"":null,""unstarted"":1},{""node"":""N7"",""tasks"":2,""started"":2,""wait"":29.5,""unstarted"":0},{""node"":""N8"",""tasks"":2,""started"":2,""wait"":35.5,""unstarted"":0}]"
0,0.5,11,low,rolling_forecast,10,12,1.0,27.3,26.8,1087,10,5,8,249,0,0,0,0.4152476000308525,14,0,0.17898832684824903,1,"[{""node"":""N3"",""tasks"":1,""started"":1,""wait"":9.0,""unstarted"":0},{""node"":""N4"",""tasks"":3,""started"":3,""wait"":25.0,""unstarted"":0},{""node"":""N5"",""tasks"":3,""started"":2,""wait"":29.5,""unstarted"":1},{""node"":""N6"",""tasks"":1,""started"":0,""wait"":null,""unstarted"":1},{""node"":""N7"",""tasks"":2,""started"":2,""wait"":29.5,""unstarted"":0},{""node"":""N8"",""tasks"":2,""started"":2,""wait"":35.5,""unstarted"":0}]"
0,0.5,11,low,static,4,12,0.4,16.5,17.0,266,4,20,0,133,0,0,0,0.010543500000494532,1,0,0.17424242424242425,2,"[{""node"":""N3"",""tasks"":1,""started"":1,""wait"":9.0,""unstarted"":0},{""node"":""N4"",""tasks"":3,""started"":1,""wait"":15.0,""unstarted"":2},{""node"":""N5"",""tasks"":3,""started"":1,""wait"":19.0,""unstarted"":2},{""node"":""N6"",""tasks"":1,""started"":0,""wait"":null,""unstarted"":1},{""node"":""N7"",""tasks"":2,""started"":1,""wait"":23.0,""unstarted"":1},{""node"":""N8"",""tasks"":2,""started"":0,""wait"":null,""unstarted"":2}]"
0,0.5,11,medium,greedy,13,24,0.8,29.571428571428573,37.44444444444444,1916,14,26,66,213,11,3,0,0.05591519999143202,18,18,0.25118733509234825,1,"[{""node"":""N3"",""tasks"":2,""started"":2,""wait"":8.0,""unstarted"":0},{""node"":""N4"",""tasks"":6,""started"":6,""wait"":38.0,""unstarted"":0},{""node"":""N5"",""tasks"":6,""started"":3,""wait"":36.333333333333336,""unstarted"":3},{""node"":""N6"",""tasks"":2,""started"":0,""wait"":null,""unstarted"":2},{""node"":""N7"",""tasks"":4,""started"":2,""wait"":17.0,""unstarted"":2},{""node"":""N8"",""tasks"":4,""started"":1,""wait"":27.0,""unstarted"":3}]"
0,0.5,11,medium,rolling,14,24,0.7,31.133333333333333,30.428571428571427,1827,15,25,123,264,6,22,0,2.2177083999849856,18,1,0.31416058394160584,1,"[{""node"":""N3"",""tasks"":2,""started"":2,""wait"":8.0,""unstarted"":0},{""node"":""N4"",""tasks"":6,""started"":5,""wait"":22.0,""unstarted"":1},{""node"":""N5"",""tasks"":6,""started"":2,""wait"":51.5,""unstarted"":4},{""node"":""N6"",""tasks"":2,""started"":0,""wait"":null,""unstarted"":2},{""node"":""N7"",""tasks"":4,""started"":4,""wait"":29.25,""unstarted"":0},{""node"":""N8"",""tasks"":4,""started"":2,""wait"":60.5,""unstarted"":2}]"
0,0.5,11,medium,rolling_forecast,13,24,0.7,37.8125,45.625,2545,16,27,184,250,3,22,0,1.9787804999941727,18,1,0.2716144578313253,1,"[{""node"":""N3"",""tasks"":2,""started"":2,""wait"":8.0,""unstarted"":0},{""node"":""N4"",""tasks"":6,""started"":6,""wait"":50.666666666666664,""unstarted"":0},{""node"":""N5"",""tasks"":6,""started"":2,""wait"":30.5,""unstarted"":4},{""node"":""N6"",""tasks"":2,""started"":0,""wait"":null,""unstarted"":2},{""node"":""N7"",""tasks"":4,""started"":4,""wait"":28.25,""unstarted"":0},{""node"":""N8"",""tasks"":4,""started"":2,""wait"":55.5,""unstarted"":2}]"
0,0.5,11,medium,static,4,24,0.2,16.5,17.0,266,4,49,0,133,0,0,0,0.042110099995625205,1,0,0.17424242424242425,2,"[{""node"":""N3"",""tasks"":2,""started"":1,""wait"":9.0,""unstarted"":1},{""node"":""N4"",""tasks"":6,""started"":1,""wait"":15.0,""unstarted"":5},{""node"":""N5"",""tasks"":6,""started"":1,""wait"":19.0,""unstarted"":5},{""node"":""N6"",""tasks"":2,""started"":0,""wait"":null,""unstarted"":2},{""node"":""N7"",""tasks"":4,""started"":1,""wait"":23.0,""unstarted"":3},{""node"":""N8"",""tasks"":4,""started"":0,""wait"":null,""unstarted"":4}]"
0,0.75,18,high,greedy,23,36,0.6,29.6,39.36363636363637,2982,25,32,132,384,25,14,0,0.14615020000201184,22,22,0.25584795321637427,0,"[{""node"":""N3"",""tasks"":3,""started"":3,""wait"":8.0,""unstarted"":0},{""node"":""N4"",""tasks"":9,""started"":6,""wait"":39.5,""unstarted"":3},{""node"":""N5"",""tasks"":9,""started"":8,""wait"":39.0,""unstarted"":1},{""node"":""N6"",""tasks"":3,""started"":3,""wait"":17.333333333333332,""unstarted"":0},{""node"":""N7"",""tasks"":6,""started"":3,""wait"":18.666666666666668,""unstarted"":3},{""node"":""N8"",""tasks"":6,""started"":2,""wait"":29.5,""unstarted"":4}]"
0,0.75,18,high,rolling,23,36,0.6,29.6,39.36363636363637,2982,25,32,132,384,26,18,0,3.422727700031828,22,16,0.25584795321637427,0,"[{""node"":""N3"",""tasks"":3,""started"":3,""wait"":8.0,""unstarted"":0},{""node"":""N4"",""tasks"":9,""started"":6,""wait"":39.5,""unstarted"":3},{""node"":""N5"",""tasks"":9,""started"":8,""wait"":39.0,""unstarted"":1},{""node"":""N6"",""tasks"":3,""started"":3,""wait"":17.333333333333332,""unstarted"":0},{""node"":""N7"",""tasks"":6,""started"":3,""wait"":18.666666666666668,""unstarted"":3},{""node"":""N8"",""tasks"":6,""started"":2,""wait"":29.5,""unstarted"":4}]"
0,0.75,18,high,rolling_forecast,21,36,0.5333333333333333,35.23076923076923,43.36363636363637,3614,26,38,217,389,30,33,0,2.999084800001583,22,12,0.2164062500000001,0,"[{""node"":""N3"",""tasks"":3,""started"":3,""wait"":13.333333333333334,""unstarted"":0},{""node"":""N4"",""tasks"":9,""started"":7,""wait"":46.42857142857143,""unstarted"":2},{""node"":""N5"",""tasks"":9,""started"":7,""wait"":44.42857142857143,""unstarted"":2},{""node"":""N6"",""tasks"":3,""started"":2,""wait"":22.0,""unstarted"":1},{""node"":""N7"",""tasks"":6,""started"":4,""wait"":26.0,""unstarted"":2},{""node"":""N8"",""tasks"":6,""started"":3,""wait"":30.666666666666668,""unstarted"":3}]"
0,0.75,18,high,static,4,36,0.13333333333333333,14.75,15.0,237,4,78,0,119,0,0,0,0.05670660000760108,1,0,0.2076271186440678,2,"[{""node"":""N3"",""tasks"":3,""started"":1,""wait"":7.0,""unstarted"":2},{""node"":""N4"",""tasks"":9,""started"":1,""wait"":13.0,""unstarted"":8},{""node"":""N5"",""tasks"":9,""started"":1,""wait"":17.0,""unstarted"":8},{""node"":""N6"",""tasks"":3,""started"":0,""wait"":null,""unstarted"":3},{""node"":""N7"",""tasks"":6,""started"":1,""wait"":22.0,""unstarted"":5},{""node"":""N8"",""tasks"":6,""started"":0,""wait"":null,""unstarted"":6}]"
0,0.75,18,low,greedy,12,12,1.0,19.5,18.2,846,12,0,0,313,0,0,0,0.01072089996887371,14,14,0.17512437810945272,0,"[{""node"":""N3"",""tasks"":1,""started"":1,""wait"":7.0,""unstarted"":0},{""node"":""N4"",""tasks"":3,""started"":3,""wait"":20.333333333333332,""unstarted"":0},{""node"":""N5"",""tasks"":3,""started"":3,""wait"":16.333333333333332,""unstarted"":0},{""node"":""N6"",""tasks"":1,""started"":1,""wait"":19.0,""unstarted"":0},{""node"":""N7"",""tasks"":2,""started"":2,""wait"":22.5,""unstarted"":0},{""node"":""N8"",""tasks"":2,""started"":2,""wait"":26.5,""unstarted"":0}]"
0,0.75,18,low,rolling,12,12,1.0,19.5,18.2,846,12,0,0,313,0,0,0,0.3928532000281848,14,0,0.17512437810945272,0,"[{""node"":""N3"",""tasks"":1,""started"":1,""wait"":7.0,""unstarted"":0},{""node"":""N4"",""tasks"":3,""started"":3,""wait"":20.333333333333332,""unstarted"":0},{""node"":""N5"",""tasks"":3,""started"":3,""wait"":16.333333333333332,""unstarted"":0},{""node"":""N6"",""tasks"":1,""started"":1,""wait"":19.0,""unstarted"":0},{""node"":""N7"",""tasks"":2,""started"":2,""wait"":22.5,""unstarted"":0},{""node"":""N8"",""tasks"":2,""started"":2,""wait"":26.5,""unstarted"":0}]"
0,0.75,18,low,rolling_forecast,12,12,1.0,17.583333333333332,18.2,791,12,0,0,339,0,0,0,0.3855065999960061,14,0,0.17701149425287355,0,"[{""node"":""N3"",""tasks"":1,""started"":1,""wait"":7.0,""unstarted"":0},{""node"":""N4"",""tasks"":3,""started"":3,""wait"":20.333333333333332,""unstarted"":0},{""node"":""N5"",""tasks"":3,""started"":3,""wait"":16.333333333333332,""unstarted"":0},{""node"":""N6"",""tasks"":1,""started"":1,""wait"":12.0,""unstarted"":0},{""node"":""N7"",""tasks"":2,""started"":2,""wait"":19.0,""unstarted"":0},{""node"":""N8"",""tasks"":2,""started"":2,""wait"":22.0,""unstarted"":0}]"
0,0.75,18,low,static,4,12,0.4,14.75,15.0,237,4,20,0,119,0,0,0,0.052963699999963865,1,0,0.2076271186440678,2,"[{""node"":""N3"",""tasks"":1,""started"":1,""wait"":7.0,""unstarted"":0},{""node"":""N4"",""tasks"":3,""started"":1,""wait"":13.0,""unstarted"":2},{""node"":""N5"",""tasks"":3,""started"":1,""wait"":17.0,""unstarted"":2},{""node"":""N6"",""tasks"":1,""started"":0,""wait"":null,""unstarted"":1},{""node"":""N7"",""tasks"":2,""started"":1,""wait"":22.0,""unstarted"":1},{""node"":""N8"",""tasks"":2,""started"":0,""wait"":null,""unstarted"":2}]"
0,0.75,18,medium,greedy,19,24,1.0,29.761904761904763,23.4,2343,21,10,106,291,12,6,0,0.0426321000122698,18,18,0.329125138427464,1,"[{""node"":""N3"",""tasks"":2,""started"":2,""wait"":6.0,""unstarted"":0},{""node"":""N4"",""tasks"":6,""started"":6,""wait"":26.333333333333332,""unstarted"":0},{""node"":""N5"",""tasks"":6,""started"":6,""wait"":21.666666666666668,""unstarted"":0},{""node"":""N6"",""tasks"":2,""started"":0,""wait"":null,""unstarted"":2},{""node"":""N7"",""tasks"":4,""started"":4,""wait"":35.5,""unstarted"":0},{""node"":""N8"",""tasks"":4,""started"":3,""wait"":61.0,""unstarted"":1}]"
0,0.75,18,medium,rolling,22,24,0.9,24.541666666666668,27.7,2277,24,5,53,415,4,8,0,1.724278400070034,18,1,0.24837451235370608,0,"[{""node"":""N3"",""tasks"":2,""started"":2,""wait"":6.0,""unstarted"":0},{""node"":""N4"",""tasks"":6,""started"":6,""wait"":24.5,""unstarted"":0},{""node"":""N5"",""tasks"":6,""started"":6,""wait"":30.666666666666668,""unstarted"":0},{""node"":""N6"",""tasks"":2,""started"":2,""wait"":11.0,""unstarted"":0},{""node"":""N7"",""tasks"":4,""started"":4,""wait"":23.75,""unstarted"":0},{""node"":""N8"",""tasks"":4,""started"":4,""wait"":32.25,""unstarted"":0}]"
0,0.75,18,medium,rolling_forecast,18,24,1.0,29.2,28.1,2314,20,12,84,332,5,26,0,2.1307111000205623,18,6,0.22060606060606056,1,"[{""node"":""N3"",""tasks"":2,""started"":2,""wait"":6.0,""unstarted"":0},{""node"":""N4"",""tasks"":6,""started"":6,""wait"":32.166666666666664,""unstarted"":0},{""node"":""N5"",""tasks"":6,""started"":6,""wait"":27.0,""unstarted"":0},{""node"":""N6"",""tasks"":2,""started"":0,""wait"":null,""unstarted"":2},{""node"":""N7"",""tasks"":4,""started"":3,""wait"":31.0,""unstarted"":1},{""node"":""N8"",""tasks"":4,""started"":3,""wait"":41.333333333333336,""unstarted"":1}]"
0,0.75,18,medium,static,4,24,0.2,14.75,15.0,237,4,49,0,119,0,0,0,0.05371980000927579,1,0,0.2076271186440678,2,"[{""node"":""N3"",""tasks"":2,""started"":1,""wait"":7.0,""unstarted"":1},{""node"":""N4"",""tasks"":6,""started"":1,""wait"":13.0,""unstarted"":5},{""node"":""N5"",""tasks"":6,""started"":1,""wait"":17.0,""unstarted"":5},{""node"":""N6"",""tasks"":2,""started"":0,""wait"":null,""unstarted"":2},{""node"":""N7"",""tasks"":4,""started"":1,""wait"":22.0,""unstarted"":3},{""node"":""N8"",""tasks"":4,""started"":0,""wait"":null,""unstarted"":4}]"
0,1,26,high,greedy,26,36,0.8,31.357142857142858,36.5,3616,28,23,118,544,23,19,0,0.1458555999561213,22,22,0.21247863247863252,0,"[{""node"":""N3"",""tasks"":3,""started"":3,""wait"":8.0,""unstarted"":0},{""node"":""N4"",""tasks"":9,""started"":8,""wait"":37.5,""unstarted"":1},{""node"":""N5"",""tasks"":9,""started"":9,""wait"":36.333333333333336,""unstarted"":0},{""node"":""N6"",""tasks"":3,""started"":1,""wait"":20.0,""unstarted"":2},{""node"":""N7"",""tasks"":6,""started"":4,""wait"":25.0,""unstarted"":2},{""node"":""N8"",""tasks"":6,""started"":3,""wait"":35.666666666666664,""unstarted"":3}]"
0,1,26,high,rolling,26,36,0.8,32.0,36.5,3670,28,23,119,541,26,26,0,3.5891765999258496,22,16,0.18189341277722612,0,"[{""node"":""N3"",""tasks"":3,""started"":3,""wait"":13.0,""unstarted"":0},{""node"":""N4"",""tasks"":9,""started"":8,""wait"":37.5,""unstarted"":1},{""node"":""N5"",""tasks"":9,""started"":9,""wait"":36.666666666666664,""unstarted"":0},{""node"":""N6"",""tasks"":3,""started"":1,""wait"":20.0,""unstarted"":2},{""node"":""N7"",""tasks"":6,""started"":4,""wait"":25.0,""unstarted"":2},{""node"":""N8"",""tasks"":6,""started"":3,""wait"":35.666666666666664,""unstarted"":3}]"
0,1,26,high,rolling_forecast,26,36,0.8,30.214285714285715,37.5,3548,28,23,110,491,18,25,0,2.9369662000244716,22,18,0.23493751165827267,0,"[{""node"":""N3"",""tasks"":3,""started"":3,""wait"":8.0,""unstarted"":0},{""node"":""N4"",""tasks"":9,""started"":8,""wait"":39.25,""unstarted"":1},{""node"":""N5"",""tasks"":9,""started"":9,""wait"":36.333333333333336,""unstarted"":0},{""node"":""N6"",""tasks"":3,""started"":1,""wait"":20.0,""unstarted"":2},{""node"":""N7"",""tasks"":6,""started"":4,""wait"":25.0,""unstarted"":2},{""node"":""N8"",""tasks"":6,""started"":3,""wait"":20.333333333333332,""unstarted"":3}]"
0,1,26,high,static,4,36,0.13333333333333333,14.75,15.0,237,4,78,0,119,0,0,0,0.12511649999942165,1,0,0.2076271186440678,2,"[{""node"":""N3"",""tasks"":3,""started"":1,""wait"":7.0,""unstarted"":2},{""node"":""N4"",""tasks"":9,""started"":1,""wait"":13.0,""unstarted"":8},{""node"":""N5"",""tasks"":9,""started"":1,""wait"":17.0,""unstarted"":8},{""node"":""N6"",""tasks"":3,""started"":0,""wait"":null,""unstarted"":3},{""node"":""N7"",""tasks"":6,""started"":1,""wait"":22.0,""unstarted"":5},{""node"":""N8"",""tasks"":6,""started"":0,""wait"":null,""unstarted"":6}]"
0,1,26,low,greedy,12,12,1.0,18.75,18.0,831,12,0,0,312,0,0,0,0.020727500042994507,14,14,0.21054039593365434,0,"[{""node"":""N3"",""tasks"":1,""started"":1,""wait"":7.0,""unstarted"":0},{""node"":""N4"",""tasks"":3,""started"":3,""wait"":20.0,""unstarted"":0},{""node"":""N5"",""tasks"":3,""started"":3,""wait"":16.333333333333332,""unstarted"":0},{""node"":""N6"",""tasks"":1,""started"":1,""wait"":12.0,""unstarted"":0},{""node"":""N7"",""tasks"":2,""started"":2,""wait"":22.0,""unstarted"":0},{""node"":""N8"",""tasks"":2,""started"":2,""wait"":26.5,""unstarted"":0}]"
0,1,26,low,rolling,12,12,1.0,18.75,18.0,831,12,0,0,312,0,0,0,0.5089952000125777,14,0,0.21054039593365434,0,"[{""node"":""N3"",""tasks"":1,""started"":1,""wait"":7.0,""unstarted"":0},{""node"":""N4"",""tasks"":3,""started"":3,""wait"":20.0,""unstarted"":0},{""node"":""N5"",""tasks"":3,""started"":3,""wait"":16.333333333333332,""unstarted"":0},{""node"":""N6"",""tasks"":1,""started"":1,""wait"":12.0,""unstarted"":0},{""node"":""N7"",""tasks"":2,""started"":2,""wait"":22.0,""unstarted"":0},{""node"":""N8"",""tasks"":2,""started"":2,""wait"":26.5,""unstarted"":0}]"
0,1,26,low,rolling_forecast,12,12,1.0,17.416666666666668,17.8,781,12,0,0,378,0,0,0,0.4273727999825496,14,0,0.17708333333333334,0,"[{""node"":""N3"",""tasks"":1,""started"":1,""wait"":7.0,""unstarted"":0},{""node"":""N4"",""tasks"":3,""started"":3,""wait"":20.0,""unstarted"":0},{""node"":""N5"",""tasks"":3,""started"":3,""wait"":16.0,""unstarted"":0},{""node"":""N6"",""tasks"":1,""started"":1,""wait"":12.0,""unstarted"":0},{""node"":""N7"",""tasks"":2,""started"":2,""wait"":19.0,""unstarted"":0},{""node"":""N8"",""tasks"":2,""started"":2,""wait"":22.0,""unstarted"":0}]"
0,1,26,low,static,4,12,0.4,14.75,15.0,237,4,20,0,119,0,0,0,0.08439769998949487,1,0,0.2076271186440678,2,"[{""node"":""N3"",""tasks"":1,""started"":1,""wait"":7.0,""unstarted"":0},{""node"":""N4"",""tasks"":3,""started"":1,""wait"":13.0,""unstarted"":2},{""node"":""N5"",""tasks"":3,""started"":1,""wait"":17.0,""unstarted"":2},{""node"":""N6"",""tasks"":1,""started"":0,""wait"":null,""unstarted"":1},{""node"":""N7"",""tasks"":2,""started"":1,""wait"":22.0,""unstarted"":1},{""node"":""N8"",""tasks"":2,""started"":0,""wait"":null,""unstarted"":2}]"
0,1,26,medium,greedy,24,24,1.0,21.25,19.2,1870,24,0,22,406,3,4,0,0.033896799955982715,18,18,0.2686387686387686,0,"[{""node"":""N3"",""tasks"":2,""started"":2,""wait"":6.0,""unstarted"":0},{""node"":""N4"",""tasks"":6,""started"":6,""wait"":19.333333333333332,""unstarted"":0},{""node"":""N5"",""tasks"":6,""started"":6,""wait"":21.666666666666668,""unstarted"":0},{""node"":""N6"",""tasks"":2,""started"":2,""wait"":11.0,""unstarted"":0},{""node"":""N7"",""tasks"":4,""started"":4,""wait"":21.0,""unstarted"":0},{""node"":""N8"",""tasks"":4,""started"":4,""wait"":36.5,""unstarted"":0}]"
0,1,26,medium,rolling,24,24,1.0,23.625,22.9,2115,24,0,31,461,3,17,0,1.889763099999982,18,2,0.24811863656485167,0,"[{""node"":""N3"",""tasks"":2,""started"":2,""wait"":6.0,""unstarted"":0},{""node"":""N4"",""tasks"":6,""started"":6,""wait"":23.166666666666668,""unstarted"":0},{""node"":""N5"",""tasks"":6,""started"":6,""wait"":26.333333333333332,""unstarted"":0},{""node"":""N6"",""tasks"":2,""started"":2,""wait"":11.0,""unstarted"":0},{""node"":""N7"",""tasks"":4,""started"":4,""wait"":25.25,""unstarted"":0},{""node"":""N8"",""tasks"":4,""started"":4,""wait"":33.75,""unstarted"":0}]"
0,1,26,medium,rolling_forecast,24,24,1.0,18.041666666666668,19.4,1643,24,0,0,415,2,10,0,1.6407518000341952,18,1,0.1970222607690084,0,"[{""node"":""N3"",""tasks"":2,""started"":2,""wait"":6.0,""unstarted"":0},{""node"":""N4"",""tasks"":6,""started"":6,""wait"":22.0,""unstarted"":0},{""node"":""N5"",""tasks"":6,""started"":6,""wait"":19.333333333333332,""unstarted"":0},{""node"":""N6"",""tasks"":2,""started"":2,""wait"":11.0,""unstarted"":0},{""node"":""N7"",""tasks"":4,""started"":4,""wait"":16.5,""unstarted"":0},{""node"":""N8"",""tasks"":4,""started"":4,""wait"":21.25,""unstarted"":0}]"
0,1,26,medium,static,4,24,0.2,14.75,15.0,237,4,49,0,119,0,0,0,0.056446700007654727,1,0,0.2076271186440678,2,"[{""node"":""N3"",""tasks"":2,""started"":1,""wait"":7.0,""unstarted"":1},{""node"":""N4"",""tasks"":6,""started"":1,""wait"":13.0,""unstarted"":5},{""node"":""N5"",""tasks"":6,""started"":1,""wait"":17.0,""unstarted"":5},{""node"":""N6"",""tasks"":2,""started"":0,""wait"":null,""unstarted"":2},{""node"":""N7"",""tasks"":4,""started"":1,""wait"":22.0,""unstarted"":3},{""node"":""N8"",""tasks"":4,""started"":0,""wait"":null,""unstarted"":4}]"
1,0.35,8,high,greedy,12,36,0.26666666666666666,27.23076923076923,41.6,1478,13,62,63,135,2,2,0,0.08580879993678536,22,22,0.21902654867256635,2,"[{""node"":""N3"",""tasks"":3,""started"":3,""wait"":14.333333333333334,""unstarted"":0},{""node"":""N4"",""tasks"":9,""started"":5,""wait"":41.6,""unstarted"":4},{""node"":""N5"",""tasks"":9,""started"":0,""wait"":null,""unstarted"":9},{""node"":""N6"",""tasks"":3,""started"":0,""wait"":null,""unstarted"":3},{""node"":""N7"",""tasks"":6,""started"":3,""wait"":19.0,""unstarted"":3},{""node"":""N8"",""tasks"":6,""started"":2,""wait"":23.0,""unstarted"":4}]"
1,0.35,8,high,rolling,12,36,0.2,27.5,24.666666666666668,1138,12,63,60,167,6,14,0,1.6428630000154953,22,0,0.26790633608815423,2,"[{""node"":""N3"",""tasks"":3,""started"":3,""wait"":14.333333333333334,""unstarted"":0},{""node"":""N4"",""tasks"":9,""started"":3,""wait"":24.666666666666668,""unstarted"":6},{""node"":""N5"",""tasks"":9,""started"":0,""wait"":null,""unstarted"":9},{""node"":""N6"",""tasks"":3,""started"":0,""wait"":null,""unstarted"":3},{""node"":""N7"",""tasks"":6,""started"":4,""wait"":24.5,""unstarted"":2},{""node"":""N8"",""tasks"":6,""started"":2,""wait"":57.5,""unstarted"":4}]"
1,0.35,8,high,rolling_forecast,12,36,0.2,32.357142857142854,24.666666666666668,1507,14,63,103,160,9,14,0,1.6041818000376225,22,0,0.24738082765845995,2,"[{""node"":""N3"",""tasks"":3,""started"":3,""wait"":14.333333333333334,""unstarted"":0},{""node"":""N4"",""tasks"":9,""started"":3,""wait"":24.666666666666668,""unstarted"":6},{""node"":""N5"",""tasks"":9,""started"":0,""wait"":null,""unstarted"":9},{""node"":""N6"",""tasks"":3,""started"":0,""wait"":null,""unstarted"":3},{""node"":""N7"",""tasks"":6,""started"":5,""wait"":35.6,""unstarted"":1},{""node"":""N8"",""tasks"":6,""started"":3,""wait"":52.666666666666664,""unstarted"":3}]"
1,0.35,8,high,static,3,36,0.06666666666666667,17.333333333333332,17.0,190,3,81,0,93,0,0,0,0.005656499997712672,1,0,0.19230769230769232,3,"[{""node"":""N3"",""tasks"":3,""started"":1,""wait"":10.0,""unstarted"":2},{""node"":""N4"",""tasks"":9,""started"":1,""wait"":17.0,""unstarted"":8},{""node"":""N5"",""tasks"":9,""started"":0,""wait"":null,""unstarted"":9},{""node"":""N6"",""tasks"":3,""started"":0,""wait"":null,""unstarted"":3},{""node"":""N7"",""tasks"":6,""started"":1,""wait"":25.0,""unstarted"":5},{""node"":""N8"",""tasks"":6,""started"":0,""wait"":null,""unstarted"":6}]"
1,0.35,8,low,greedy,7,12,0.6,37.75,19.0,1020,8,13,85,151,1,3,0,0.021008900032029487,14,14,0.39753846153846156,1,"[{""node"":""N3"",""tasks"":1,""started"":1,""wait"":10.0,""unstarted"":0},{""node"":""N4"",""tasks"":3,""started"":2,""wait"":22.0,""unstarted"":1},{""node"":""N5"",""tasks"":3,""started"":1,""wait"":13.0,""unstarted"":2},{""node"":""N6"",""tasks"":1,""started"":0,""wait"":null,""unstarted"":1},{""node"":""N7"",""tasks"":2,""started"":2,""wait"":40.5,""unstarted"":0},{""node"":""N8"",""tasks"":2,""started"":2,""wait"":77.0,""unstarted"":0}]"
1,0.35,8,low,rolling,7,12,0.6,25.428571428571427,28.0,702,7,13,0,165,0,2,0,0.5451011000113795,14,0,0.2380566801619433,1,"[{""node"":""N3"",""tasks"":1,""started"":1,""wait"":10.0,""unstarted"":0},{""node"":""N4"",""tasks"":3,""started"":2,""wait"":22.0,""unstarted"":1},{""node"":""N5"",""tasks"":3,""started"":1,""wait"":40.0,""unstarted"":2},{""node"":""N6"",""tasks"":1,""started"":0,""wait"":null,""unstarted"":1},{""node"":""N7"",""tasks"":2,""started"":2,""wait"":32.5,""unstarted"":0},{""node"":""N8"",""tasks"":2,""started"":1,""wait"":19.0,""unstarted"":1}]"
1,0.35,8,low,rolling_forecast,7,12,0.6,25.428571428571427,28.0,702,7,13,0,165,0,2,0,0.509744100010721,14,0,0.2380566801619433,1,"[{""node"":""N3"",""tasks"":1,""started"":1,""wait"":10.0,""unstarted"":0},{""node"":""N4"",""tasks"":3,""started"":2,""wait"":22.0,""unstarted"":1},{""node"":""N5"",""tasks"":3,""started"":1,""wait"":40.0,""unstarted"":2},{""node"":""N6"",""tasks"":1,""started"":0,""wait"":null,""unstarted"":1},{""node"":""N7"",""tasks"":2,""started"":2,""wait"":32.5,""unstarted"":0},{""node"":""N8"",""tasks"":2,""started"":1,""wait"":19.0,""unstarted"":1}]"
1,0.35,8,low,static,3,12,0.2,17.333333333333332,17.0,190,3,23,0,93,0,0,0,0.024699599991436116,1,0,0.19230769230769232,3,"[{""node"":""N3"",""tasks"":1,""started"":1,""wait"":10.0,""unstarted"":0},{""node"":""N4"",""tasks"":3,""started"":1,""wait"":17.0,""unstarted"":2},{""node"":""N5"",""tasks"":3,""started"":0,""wait"":null,""unstarted"":3},{""node"":""N6"",""tasks"":1,""started"":0,""wait"":null,""unstarted"":1},{""node"":""N7"",""tasks"":2,""started"":1,""wait"":25.0,""unstarted"":1},{""node"":""N8"",""tasks"":2,""started"":0,""wait"":null,""unstarted"":2}]"
1,0.35,8,medium,greedy,9,24,0.4,26.3,38.4,1173,10,38,42,152,1,0,0,0.06291219998092856,18,18,0.31864406779661014,1,"[{""node"":""N3"",""tasks"":2,""started"":2,""wait"":9.0,""unstarted"":0},{""node"":""N4"",""tasks"":6,""started"":4,""wait"":34.75,""unstarted"":2},{""node"":""N5"",""tasks"":6,""started"":1,""wait"":53.0,""unstarted"":5},{""node"":""N6"",""tasks"":2,""started"":0,""wait"":null,""unstarted"":2},{""node"":""N7"",""tasks"":4,""started"":2,""wait"":17.0,""unstarted"":2},{""node"":""N8"",""tasks"":4,""started"":1,""wait"":19.0,""unstarted"":3}]"
1,0.35,8,medium,rolling,9,24,0.3,23.6,26.0,916,10,39,25,149,10,12,0,1.9732125000009546,18,0,0.28933002481389586,1,"[{""node"":""N3"",""tasks"":2,""started"":2,""wait"":9.0,""unstarted"":0},{""node"":""N4"",""tasks"":6,""started"":2,""wait"":22.5,""unstarted"":4},{""node"":""N5"",""tasks"":6,""started"":2,""wait"":29.5,""unstarted"":4},{""node"":""N6"",""tasks"":2,""started"":0,""wait"":null,""unstarted"":2},{""node"":""N7"",""tasks"":4,""started"":3,""wait"":20.333333333333332,""unstarted"":1},{""node"":""N8"",""tasks"":4,""started"":1,""wait"":53.0,""unstarted"":3}]"
1,0.35,8,medium,rolling_forecast,10,24,0.3,27.8,34.0,1038,10,37,40,195,10,12,0,1.601400899962755,18,1,0.29545454545454547,2,"[{""node"":""N3"",""tasks"":2,""started"":2,""wait"":9.0,""unstarted"":0},{""node"":""N4"",""tasks"":6,""started"":3,""wait"":34.0,""unstarted"":3},{""node"":""N5"",""tasks"":6,""started"":0,""wait"":null,""unstarted"":6},{""node"":""N6"",""tasks"":2,""started"":0,""wait"":null,""unstarted"":2},{""node"":""N7"",""tasks"":4,""started"":3,""wait"":20.333333333333332,""unstarted"":1},{""node"":""N8"",""tasks"":4,""started"":2,""wait"":48.5,""unstarted"":2}]"
1,0.35,8,medium,static,3,24,0.1,17.333333333333332,17.0,190,3,52,0,93,0,0,0,0.022679999994579703,1,0,0.19230769230769232,3,"[{""node"":""N3"",""tasks"":2,""started"":1,""wait"":10.0,""unstarted"":1},{""node"":""N4"",""tasks"":6,""started"":1,""wait"":17.0,""unstarted"":5},{""node"":""N5"",""tasks"":6,""started"":0,""wait"":null,""unstarted"":6},{""node"":""N6"",""tasks"":2,""started"":0,""wait"":null,""unstarted"":2},{""node"":""N7"",""tasks"":4,""started"":1,""wait"":25.0,""unstarted"":3},{""node"":""N8"",""tasks"":4,""started"":0,""wait"":null,""unstarted"":4}]"
1,0.5,11,high,greedy,16,36,0.4666666666666667,34.0,43.75,2434,17,51,137,212,14,13,0,0.14153380003699567,22,22,0.19536798764796706,1,"[{""node"":""N3"",""tasks"":3,""started"":3,""wait"":14.333333333333334,""unstarted"":0},{""node"":""N4"",""tasks"":9,""started"":5,""wait"":50.0,""unstarted"":4},{""node"":""N5"",""tasks"":9,""started"":3,""wait"":33.333333333333336,""unstarted"":6},{""node"":""N6"",""tasks"":3,""started"":0,""wait"":null,""unstarted"":3},{""node"":""N7"",""tasks"":6,""started"":4,""wait"":28.25,""unstarted"":2},{""node"":""N8"",""tasks"":6,""started"":2,""wait"":36.0,""unstarted"":4}]"
1,0.5,11,high,rolling,15,36,0.4666666666666667,36.5625,48.25,2527,16,53,162,237,18,21,0,3.369732599981944,22,15,0.25813188938309806,1,"[{""node"":""N3"",""tasks"":3,""started"":3,""wait"":14.333333333333334,""unstarted"":0},{""node"":""N4"",""tasks"":9,""started"":5,""wait"":57.2,""unstarted"":4},{""node"":""N5"",""tasks"":9,""started"":3,""wait"":33.333333333333336,""unstarted"":6},{""node"":""N6"",""tasks"":3,""started"":0,""wait"":null,""unstarted"":3},{""node"":""N7"",""tasks"":6,""started"":3,""wait"":21.0,""unstarted"":3},{""node"":""N8"",""tasks"":6,""started"":2,""wait"":46.5,""unstarted"":4}]"
1,0.5,11,high,rolling_forecast,16,36,0.4666666666666667,34.0,43.75,2434,17,51,137,212,15,17,0,2.605431000032695,22,16,0.19536798764796706,1,"[{""node"":""N3"",""tasks"":3,""started"":3,""wait"":14.333333333333334,""unstarted"":0},{""node"":""N4"",""tasks"":9,""started"":5,""wait"":50.0,""unstarted"":4},{""node"":""N5"",""tasks"":9,""started"":3,""wait"":33.333333333333336,""unstarted"":6},{""node"":""N6"",""tasks"":3,""started"":0,""wait"":null,""unstarted"":3},{""node"":""N7"",""tasks"":6,""started"":4,""wait"":28.25,""unstarted"":2},{""node"":""N8"",""tasks"":6,""started"":2,""wait"":36.0,""unstarted"":4}]"
1,0.5,11,high,static,4,36,0.13333333333333333,17.5,17.5,280,4,78,0,135,0,0,0,0.04447660000005271,1,0,0.16428571428571428,2,"[{""node"":""N3"",""tasks"":3,""started"":1,""wait"":10.0,""unstarted"":2},{""node"":""N4"",""tasks"":9,""started"":1,""wait"":17.0,""unstarted"":8},{""node"":""N5"",""tasks"":9,""started"":1,""wait"":18.0,""unstarted"":8},{""node"":""N6"",""tasks"":3,""started"":0,""wait"":null,""unstarted"":3},{""node"":""N7"",""tasks"":6,""started"":1,""wait"":25.0,""unstarted"":5},{""node"":""N8"",""tasks"":6,""started"":0,""wait"":null,""unstarted"":6}]"
1,0.5,11,low,greedy,10,12,1.0,28.3,20.8,1057,10,5,23,252,0,1,0,0.014822200042544864,14,14,0.29739776951672864,1,"[{""node"":""N3"",""tasks"":1,""started"":1,""wait"":10.0,""unstarted"":0},{""node"":""N4"",""tasks"":3,""started"":3,""wait"":24.0,""unstarted"":0},{""node"":""N5"",""tasks"":3,""started"":2,""wait"":16.0,""unstarted"":1},{""node"":""N6"",""tasks"":1,""started"":0,""wait"":null,""unstarted"":1},{""node"":""N7"",""tasks"":2,""started"":2,""wait"":33.0,""unstarted"":0},{""node"":""N8"",""tasks"":2,""started"":2,""wait"":51.5,""unstarted"":0}]"
1,0.5,11,low,rolling,10,12,1.0,24.3,24.8,977,10,5,7,245,0,0,0,0.3505736000079196,14,0,0.1433628318584071,1,"[{""node"":""N3"",""tasks"":1,""started"":1,""wait"":10.0,""unstarted"":0},{""node"":""N4"",""tasks"":3,""started"":3,""wait"":27.0,""unstarted"":0},{""node"":""N5"",""tasks"":3,""started"":2,""wait"":21.5,""unstarted"":1},{""node"":""N6"",""tasks"":1,""started"":0,""wait"":null,""unstarted"":1},{""node"":""N7"",""tasks"":2,""started"":2,""wait"":27.5,""unstarted"":0},{""node"":""N8"",""tasks"":2,""started"":2,""wait"":27.0,""unstarted"":0}]"
1,0.5,11,low,rolling_forecast,10,12,1.0,24.3,24.8,977,10,5,7,245,0,0,0,0.35529800002404954,14,0,0.1433628318584071,1,"[{""node"":""N3"",""tasks"":1,""started"":1,""wait"":10.0,""unstarted"":0},{""node"":""N4"",""tasks"":3,""started"":3,""wait"":27.0,""unstarted"":0},{""node"":""N5"",""tasks"":3,""started"":2,""wait"":21.5,""unstarted"":1},{""node"":""N6"",""tasks"":1,""started"":0,""wait"":null,""unstarted"":1},{""node"":""N7"",""tasks"":2,""started"":2,""wait"":27.5,""unstarted"":0},{""node"":""N8"",""tasks"":2,""started"":2,""wait"":27.0,""unstarted"":0}]"
1,0.5,11,low,static,4,12,0.4,17.5,17.5,280,4,20,0,135,0,0,0,0.04486539999197703,1,0,0.16428571428571428,2,"[{""node"":""N3"",""tasks"":1,""started"":1,""wait"":10.0,""unstarted"":0},{""node"":""N4"",""tasks"":3,""started"":1,""wait"":17.0,""unstarted"":2},{""node"":""N5"",""tasks"":3,""started"":1,""wait"":18.0,""unstarted"":2},{""node"":""N6"",""tasks"":1,""started"":0,""wait"":null,""unstarted"":1},{""node"":""N7"",""tasks"":2,""started"":1,""wait"":25.0,""unstarted"":1},{""node"":""N8"",""tasks"":2,""started"":0,""wait"":null,""unstarted"":2}]"
1,0.5,11,medium,greedy,13,24,0.8,28.428571428571427,36.333333333333336,1848,14,26,59,211,15,7,0,0.05579449998913333,18,18,0.25407725321888414,1,"[{""node"":""N3"",""tasks"":2,""started"":2,""wait"":9.0,""unstarted"":0},{""node"":""N4"",""tasks"":6,""started"":6,""wait"":37.5,""unstarted"":0},{""node"":""N5"",""tasks"":6,""started"":3,""wait"":34.0,""unstarted"":3},{""node"":""N6"",""tasks"":2,""started"":0,""wait"":null,""unstarted"":2},{""node"":""N7"",""tasks"":4,""started"":2,""wait"":17.0,""unstarted"":2},{""node"":""N8"",""tasks"":4,""started"":1,""wait"":19.0,""unstarted"":3}]"
1,0.5,11,medium,rolling,11,24,0.6,35.166666666666664,43.142857142857146,1870,12,32,137,216,11,22,0,2.6291790999966906,18,3,0.3466357308584687,1,"[{""node"":""N3"",""tasks"":2,""started"":2,""wait"":9.0,""unstarted"":0},{""node"":""N4"",""tasks"":6,""started"":5,""wait"":48.4,""unstarted"":1},{""node"":""N5"",""tasks"":6,""started"":2,""wait"":30.0,""unstarted"":4},{""node"":""N6"",""tasks"":2,""started"":0,""wait"":null,""unstarted"":2},{""node"":""N7"",""tasks"":4,""started"":2,""wait"":17.0,""unstarted"":2},{""node"":""N8"",""tasks"":4,""started"":1,""wait"":68.0,""unstarted"":3}]"
1,0.5,11,medium,rolling_forecast,14,24,0.6,35.46666666666667,41.142857142857146,2172,15,26,140,261,4,33,0,2.023633900011191,18,3,0.2945209493114562,1,"[{""node"":""N3"",""tasks"":2,""started"":2,""wait"":9.0,""unstarted"":0},{""node"":""N4"",""tasks"":6,""started"":5,""wait"":46.4,""unstarted"":1},{""node"":""N5"",""tasks"":6,""started"":2,""wait"":28.0,""unstarted"":4},{""node"":""N6"",""tasks"":2,""started"":0,""wait"":null,""unstarted"":2},{""node"":""N7"",""tasks"":4,""started"":4,""wait"":25.75,""unstarted"":0},{""node"":""N8"",""tasks"":4,""started"":2,""wait"":61.5,""unstarted"":2}]"
1,0.5,11,medium,static,4,24,0.2,17.5,17.5,280,4,49,0,135,0,0,0,0.04607519999262877,1,0,0.16428571428571428,2,"[{""node"":""N3"",""tasks"":2,""started"":1,""wait"":10.0,""unstarted"":1},{""node"":""N4"",""tasks"":6,""started"":1,""wait"":17.0,""unstarted"":5},{""node"":""N5"",""tasks"":6,""started"":1,""wait"":18.0,""unstarted"":5},{""node"":""N6"",""tasks"":2,""started"":0,""wait"":null,""unstarted"":2},{""node"":""N7"",""tasks"":4,""started"":1,""wait"":25.0,""unstarted"":3},{""node"":""N8"",""tasks"":4,""started"":0,""wait"":null,""unstarted"":4}]"
1,0.75,18,high,greedy,23,36,0.6666666666666666,31.615384615384617,41.69230769230769,3492,26,31,174,364,38,11,0,0.1566189000441227,22,22,0.2896510886398834,0,"[{""node"":""N3"",""tasks"":3,""started"":3,""wait"":8.333333333333334,""unstarted"":0},{""node"":""N4"",""tasks"":9,""started"":8,""wait"":44.125,""unstarted"":1},{""node"":""N5"",""tasks"":9,""started"":8,""wait"":38.0,""unstarted"":1},{""node"":""N6"",""tasks"":3,""started"":2,""wait"":14.5,""unstarted"":1},{""node"":""N7"",""tasks"":6,""started"":3,""wait"":16.0,""unstarted"":3},{""node"":""N8"",""tasks"":6,""started"":2,""wait"":31.5,""unstarted"":4}]"
1,0.75,18,high,rolling,24,36,0.6666666666666666,31.266666666666666,33.166666666666664,3580,30,30,178,432,23,45,0,3.5678817000298295,22,1,0.22148762965742724,0,"[{""node"":""N3"",""tasks"":3,""started"":3,""wait"":8.333333333333334,""unstarted"":0},{""node"":""N4"",""tasks"":9,""started"":8,""wait"":36.375,""unstarted"":1},{""node"":""N5"",""tasks"":9,""started"":7,""wait"":32.714285714285715,""unstarted"":2},{""node"":""N6"",""tasks"":3,""started"":1,""wait"":15.0,""unstarted"":2},{""node"":""N7"",""tasks"":6,""started"":5,""wait"":38.2,""unstarted"":1},{""node"":""N8"",""tasks"":6,""started"":6,""wait"":31.166666666666668,""unstarted"":0}]"
1,0.75,18,high,rolling_forecast,24,36,0.7333333333333333,28.346153846153847,34.76923076923077,3081,26,28,103,389,11,18,0,2.5088215000287164,22,14,0.2709820966573528,0,"[{""node"":""N3"",""tasks"":3,""started"":3,""wait"":8.333333333333334,""unstarted"":0},{""node"":""N4"",""tasks"":9,""started"":8,""wait"":33.75,""unstarted"":1},{""node"":""N5"",""tasks"":9,""started"":8,""wait"":37.125,""unstarted"":1},{""node"":""N6"",""tasks"":3,""started"":1,""wait"":17.0,""unstarted"":2},{""node"":""N7"",""tasks"":6,""started"":4,""wait"":26.0,""unstarted"":2},{""node"":""N8"",""tasks"":6,""started"":2,""wait"":12.0,""unstarted"":4}]"
1,0.75,18,high,static,4,36,0.13333333333333333,14.5,14.5,232,4,78,0,114,0,0,0,0.0741412999923341,1,0,0.19827586206896552,2,"[{""node"":""N3"",""tasks"":3,""started"":1,""wait"":7.0,""unstarted"":2},{""node"":""N4"",""tasks"":9,""started"":1,""wait"":14.0,""unstarted"":8},{""node"":""N5"",""tasks"":9,""started"":1,""wait"":15.0,""unstarted"":8},{""node"":""N6"",""tasks"":3,""started"":0,""wait"":null,""unstarted"":3},{""node"":""N7"",""tasks"":6,""started"":1,""wait"":22.0,""unstarted"":5},{""node"":""N8"",""tasks"":6,""started"":0,""wait"":null,""unstarted"":6}]"
1,0.75,18,low,greedy,12,12,1.0,17.666666666666668,16.0,766,12,0,0,283,0,1,0,0.010663499982911162,14,14,0.1870860927152318,0,"[{""node"":""N3"",""tasks"":1,""started"":1,""wait"":7.0,""unstarted"":0},{""node"":""N4"",""tasks"":3,""started"":3,""wait"":18.0,""unstarted"":0},{""node"":""N5"",""tasks"":3,""started"":3,""wait"":14.666666666666666,""unstarted"":0},{""node"":""N6"",""tasks"":1,""started"":1,""wait"":15.0,""unstarted"":0},{""node"":""N7"",""tasks"":2,""started"":2,""wait"":20.5,""unstarted"":0},{""node"":""N8"",""tasks"":2,""started"":2,""wait"":25.5,""unstarted"":0}]"
1,0.75,18,low,rolling,12,12,1.0,17.333333333333332,16.0,754,12,0,0,273,0,0,0,0.3831985999859171,14,0,0.17398648648648649,0,"[{""node"":""N3"",""tasks"":1,""started"":1,""wait"":7.0,""unstarted"":0},{""node"":""N4"",""tasks"":3,""started"":3,""wait"":18.0,""unstarted"":0},{""node"":""N5"",""tasks"":3,""started"":3,""wait"":14.666666666666666,""unstarted"":0},{""node"":""N6"",""tasks"":1,""started"":1,""wait"":15.0,""unstarted"":0},{""node"":""N7"",""tasks"":2,""started"":2,""wait"":20.5,""unstarted"":0},{""node"":""N8"",""tasks"":2,""started"":2,""wait"":23.5,""unstarted"":0}]"
1,0.75,18,low,rolling_forecast,12,12,1.0,16.083333333333332,16.0,709,12,0,0,293,0,0,0,0.363864700004342,14,0,0.1325411334552102,0,"[{""node"":""N3"",""tasks"":1,""started"":1,""wait"":7.0,""unstarted"":0},{""node"":""N4"",""tasks"":3,""started"":3,""wait"":18.0,""unstarted"":0},{""node"":""N5"",""tasks"":3,""started"":3,""wait"":14.666666666666666,""unstarted"":0},{""node"":""N6"",""tasks"":1,""started"":1,""wait"":15.0,""unstarted"":0},{""node"":""N7"",""tasks"":2,""started"":2,""wait"":17.5,""unstarted"":0},{""node"":""N8"",""tasks"":2,""started"":2,""wait"":19.0,""unstarted"":0}]"
1,0.75,18,low,static,4,12,0.4,14.5,14.5,232,4,20,0,114,0,0,0,0.05564540000341367,1,0,0.19827586206896552,2,"[{""node"":""N3"",""tasks"":1,""started"":1,""wait"":7.0,""unstarted"":0},{""node"":""N4"",""tasks"":3,""started"":1,""wait"":14.0,""unstarted"":2},{""node"":""N5"",""tasks"":3,""started"":1,""wait"":15.0,""unstarted"":2},{""node"":""N6"",""tasks"":1,""started"":0,""wait"":null,""unstarted"":1},{""node"":""N7"",""tasks"":2,""started"":1,""wait"":22.0,""unstarted"":1},{""node"":""N8"",""tasks"":2,""started"":0,""wait"":null,""unstarted"":2}]"
1,0.75,18,medium,greedy,17,24,1.0,28.473684210526315,21.8,2059,19,14,108,312,14,5,0,0.04811569994490128,18,18,0.3877551020408164,1,"[{""node"":""N3"",""tasks"":2,""started"":2,""wait"":6.0,""unstarted"":0},{""node"":""N4"",""tasks"":6,""started"":6,""wait"":24.833333333333332,""unstarted"":0},{""node"":""N5"",""tasks"":6,""started"":6,""wait"":20.333333333333332,""unstarted"":0},{""node"":""N6"",""tasks"":2,""started"":0,""wait"":null,""unstarted"":2},{""node"":""N7"",""tasks"":4,""started"":3,""wait"":33.666666666666664,""unstarted"":1},{""node"":""N8"",""tasks"":4,""started"":2,""wait"":78.5,""unstarted"":2}]"
1,0.75,18,medium,rolling,23,24,1.0,23.130434782608695,26.7,2056,23,2,48,340,0,5,0,1.8682144999329466,18,0,0.25409836065573765,0,"[{""node"":""N3"",""tasks"":2,""started"":2,""wait"":6.0,""unstarted"":0},{""node"":""N4"",""tasks"":6,""started"":6,""wait"":32.666666666666664,""unstarted"":0},{""node"":""N5"",""tasks"":6,""started"":6,""wait"":20.666666666666668,""unstarted"":0},{""node"":""N6"",""tasks"":2,""started"":2,""wait"":18.5,""unstarted"":0},{""node"":""N7"",""tasks"":4,""started"":3,""wait"":13.666666666666666,""unstarted"":1},{""node"":""N8"",""tasks"":4,""started"":4,""wait"":30.5,""unstarted"":0}]"
1,0.75,18,medium,rolling_forecast,19,24,1.0,29.55,31.7,2407,20,10,81,344,17,18,0,2.3791304000187665,18,6,0.22139303482587067,1,"[{""node"":""N3"",""tasks"":2,""started"":2,""wait"":6.0,""unstarted"":0},{""node"":""N4"",""tasks"":6,""started"":6,""wait"":36.166666666666664,""unstarted"":0},{""node"":""N5"",""tasks"":6,""started"":6,""wait"":28.833333333333332,""unstarted"":0},{""node"":""N6"",""tasks"":2,""started"":0,""wait"":null,""unstarted"":2},{""node"":""N7"",""tasks"":4,""started"":3,""wait"":37.666666666666664,""unstarted"":1},{""node"":""N8"",""tasks"":4,""started"":3,""wait"":25.333333333333332,""unstarted"":1}]"
1,0.75,18,medium,static,4,24,0.2,14.5,14.5,232,4,49,0,114,0,0,0,0.06548950000433251,1,0,0.19827586206896552,2,"[{""node"":""N3"",""tasks"":2,""started"":1,""wait"":7.0,""unstarted"":1},{""node"":""N4"",""tasks"":6,""started"":1,""wait"":14.0,""unstarted"":5},{""node"":""N5"",""tasks"":6,""started"":1,""wait"":15.0,""unstarted"":5},{""node"":""N6"",""tasks"":2,""started"":0,""wait"":null,""unstarted"":2},{""node"":""N7"",""tasks"":4,""started"":1,""wait"":22.0,""unstarted"":3},{""node"":""N8"",""tasks"":4,""started"":0,""wait"":null,""unstarted"":4}]"
1,1,26,high,greedy,23,36,0.8,27.03846153846154,31.733333333333334,3031,26,29,61,431,32,23,0,0.2090100999630522,22,22,0.23786965259833479,0,"[{""node"":""N3"",""tasks"":3,""started"":3,""wait"":8.333333333333334,""unstarted"":0},{""node"":""N4"",""tasks"":9,""started"":9,""wait"":32.888888888888886,""unstarted"":0},{""node"":""N5"",""tasks"":9,""started"":9,""wait"":32.77777777777778,""unstarted"":0},{""node"":""N6"",""tasks"":3,""started"":1,""wait"":15.0,""unstarted"":2},{""node"":""N7"",""tasks"":6,""started"":3,""wait"":16.0,""unstarted"":3},{""node"":""N8"",""tasks"":6,""started"":1,""wait"":24.0,""unstarted"":5}]"
1,1,26,high,rolling,23,36,0.8,27.653846153846153,31.733333333333334,3079,26,29,61,431,31,31,0,3.546946900009061,22,16,0.1953405017921147,0,"[{""node"":""N3"",""tasks"":3,""started"":3,""wait"":13.666666666666666,""unstarted"":0},{""node"":""N4"",""tasks"":9,""started"":9,""wait"":32.888888888888886,""unstarted"":0},{""node"":""N5"",""tasks"":9,""started"":9,""wait"":32.77777777777778,""unstarted"":0},{""node"":""N6"",""tasks"":3,""started"":1,""wait"":15.0,""unstarted"":2},{""node"":""N7"",""tasks"":6,""started"":3,""wait"":16.0,""unstarted"":3},{""node"":""N8"",""tasks"":6,""started"":1,""wait"":24.0,""unstarted"":5}]"
1,1,26,high,rolling_forecast,26,36,0.8,26.17241379310345,32.93333333333333,3207,29,23,72,453,27,31,0,3.0882173999852967,22,18,0.2552532123960695,0,"[{""node"":""N3"",""tasks"":3,""started"":3,""wait"":8.333333333333334,""unstarted"":0},{""node"":""N4"",""tasks"":9,""started"":9,""wait"":34.888888888888886,""unstarted"":0},{""node"":""N5"",""tasks"":9,""started"":9,""wait"":32.77777777777778,""unstarted"":0},{""node"":""N6"",""tasks"":3,""started"":2,""wait"":14.5,""unstarted"":1},{""node"":""N7"",""tasks"":6,""started"":3,""wait"":16.0,""unstarted"":3},{""node"":""N8"",""tasks"":6,""started"":3,""wait"":16.0,""unstarted"":3}]"
1,1,26,high,static,4,36,0.13333333333333333,14.5,14.5,232,4,78,0,114,0,0,0,0.06708439999783877,1,0,0.19827586206896552,2,"[{""node"":""N3"",""tasks"":3,""started"":1,""wait"":7.0,""unstarted"":2},{""node"":""N4"",""tasks"":9,""started"":1,""wait"":14.0,""unstarted"":8},{""node"":""N5"",""tasks"":9,""started"":1,""wait"":15.0,""unstarted"":8},{""node"":""N6"",""tasks"":3,""started"":0,""wait"":null,""unstarted"":3},{""node"":""N7"",""tasks"":6,""started"":1,""wait"":22.0,""unstarted"":5},{""node"":""N8"",""tasks"":6,""started"":0,""wait"":null,""unstarted"":6}]"
1,1,26,low,greedy,12,12,1.0,17.416666666666668,16.0,763,12,0,0,280,0,1,0,0.023254100015037693,14,14,0.20705346985210465,0,"[{""node"":""N3"",""tasks"":1,""started"":1,""wait"":7.0,""unstarted"":0},{""node"":""N4"",""tasks"":3,""started"":3,""wait"":18.0,""unstarted"":0},{""node"":""N5"",""tasks"":3,""started"":3,""wait"":14.666666666666666,""unstarted"":0},{""node"":""N6"",""tasks"":1,""started"":1,""wait"":12.0,""unstarted"":0},{""node"":""N7"",""tasks"":2,""started"":2,""wait"":20.5,""unstarted"":0},{""node"":""N8"",""tasks"":2,""started"":2,""wait"":25.5,""unstarted"":0}]"
1,1,26,low,rolling,12,12,1.0,17.083333333333332,16.0,751,12,0,0,270,0,0,0,0.47300459994585253,14,0,0.19396051103368178,0,"[{""node"":""N3"",""tasks"":1,""started"":1,""wait"":7.0,""unstarted"":0},{""node"":""N4"",""tasks"":3,""started"":3,""wait"":18.0,""unstarted"":0},{""node"":""N5"",""tasks"":3,""started"":3,""wait"":14.666666666666666,""unstarted"":0},{""node"":""N6"",""tasks"":1,""started"":1,""wait"":12.0,""unstarted"":0},{""node"":""N7"",""tasks"":2,""started"":2,""wait"":20.5,""unstarted"":0},{""node"":""N8"",""tasks"":2,""started"":2,""wait"":23.5,""unstarted"":0}]"
1,1,26,low,rolling_forecast,12,12,1.0,14.75,13.8,649,12,0,0,334,0,0,0,0.44070420000934973,14,0,0.18282828282828284,0,"[{""node"":""N3"",""tasks"":1,""started"":1,""wait"":7.0,""unstarted"":0},{""node"":""N4"",""tasks"":3,""started"":3,""wait"":18.0,""unstarted"":0},{""node"":""N5"",""tasks"":3,""started"":3,""wait"":11.0,""unstarted"":0},{""node"":""N6"",""tasks"":1,""started"":1,""wait"":10.0,""unstarted"":0},{""node"":""N7"",""tasks"":2,""started"":2,""wait"":17.5,""unstarted"":0},{""node"":""N8"",""tasks"":2,""started"":2,""wait"":19.0,""unstarted"":0}]"
1,1,26,low,static,4,12,0.4,14.5,14.5,232,4,20,0,114,0,0,0,0.07494400000723545,1,0,0.19827586206896552,2,"[{""node"":""N3"",""tasks"":1,""started"":1,""wait"":7.0,""unstarted"":0},{""node"":""N4"",""tasks"":3,""started"":1,""wait"":14.0,""unstarted"":2},{""node"":""N5"",""tasks"":3,""started"":1,""wait"":15.0,""unstarted"":2},{""node"":""N6"",""tasks"":1,""started"":0,""wait"":null,""unstarted"":1},{""node"":""N7"",""tasks"":2,""started"":1,""wait"":22.0,""unstarted"":1},{""node"":""N8"",""tasks"":2,""started"":0,""wait"":null,""unstarted"":2}]"
1,1,26,medium,greedy,24,24,1.0,22.916666666666668,19.4,1944,24,0,20,439,2,6,0,0.034113799993065186,18,18,0.20548523206751054,0,"[{""node"":""N3"",""tasks"":2,""started"":2,""wait"":6.0,""unstarted"":0},{""node"":""N4"",""tasks"":6,""started"":6,""wait"":19.5,""unstarted"":0},{""node"":""N5"",""tasks"":6,""started"":6,""wait"":21.666666666666668,""unstarted"":0},{""node"":""N6"",""tasks"":2,""started"":2,""wait"":23.5,""unstarted"":0},{""node"":""N7"",""tasks"":4,""started"":4,""wait"":28.0,""unstarted"":0},{""node"":""N8"",""tasks"":4,""started"":4,""wait"":33.0,""unstarted"":0}]"
1,1,26,medium,rolling,24,24,1.0,23.166666666666668,21.3,2000,24,0,11,366,0,6,0,1.8917616999824531,18,1,0.15816868493732736,0,"[{""node"":""N3"",""tasks"":2,""started"":2,""wait"":6.0,""unstarted"":0},{""node"":""N4"",""tasks"":6,""started"":6,""wait"":23.166666666666668,""unstarted"":0},{""node"":""N5"",""tasks"":6,""started"":6,""wait"":22.833333333333332,""unstarted"":0},{""node"":""N6"",""tasks"":2,""started"":2,""wait"":23.5,""unstarted"":0},{""node"":""N7"",""tasks"":4,""started"":4,""wait"":27.0,""unstarted"":0},{""node"":""N8"",""tasks"":4,""started"":4,""wait"":28.25,""unstarted"":0}]"
1,1,26,medium,rolling_forecast,24,24,1.0,15.958333333333334,16.2,1419,24,0,0,390,2,6,0,1.4774655000219354,18,0,0.046690307328605185,0,"[{""node"":""N3"",""tasks"":2,""started"":2,""wait"":16.5,""unstarted"":0},{""node"":""N4"",""tasks"":6,""started"":6,""wait"":17.833333333333332,""unstarted"":0},{""node"":""N5"",""tasks"":6,""started"":6,""wait"":15.666666666666666,""unstarted"":0},{""node"":""N6"",""tasks"":2,""started"":2,""wait"":13.5,""unstarted"":0},{""node"":""N7"",""tasks"":4,""started"":4,""wait"":15.5,""unstarted"":0},{""node"":""N8"",""tasks"":4,""started"":4,""wait"":15.0,""unstarted"":0}]"
1,1,26,medium,static,4,24,0.2,14.5,14.5,232,4,49,0,114,0,0,0,0.06592330000421498,1,0,0.19827586206896552,2,"[{""node"":""N3"",""tasks"":2,""started"":1,""wait"":7.0,""unstarted"":1},{""node"":""N4"",""tasks"":6,""started"":1,""wait"":14.0,""unstarted"":5},{""node"":""N5"",""tasks"":6,""started"":1,""wait"":15.0,""unstarted"":5},{""node"":""N6"",""tasks"":2,""started"":0,""wait"":null,""unstarted"":2},{""node"":""N7"",""tasks"":4,""started"":1,""wait"":22.0,""unstarted"":3},{""node"":""N8"",""tasks"":4,""started"":0,""wait"":null,""unstarted"":4}]"
2,0.35,8,high,greedy,12,36,0.26666666666666666,27.53846153846154,42.4,1498,13,62,64,132,6,3,0,0.058941100040101446,22,22,0.23351278600269182,2,"[{""node"":""N3"",""tasks"":3,""started"":3,""wait"":13.0,""unstarted"":0},{""node"":""N4"",""tasks"":9,""started"":5,""wait"":42.4,""unstarted"":4},{""node"":""N5"",""tasks"":9,""started"":0,""wait"":null,""unstarted"":9},{""node"":""N6"",""tasks"":3,""started"":0,""wait"":null,""unstarted"":3},{""node"":""N7"",""tasks"":6,""started"":3,""wait"":19.666666666666668,""unstarted"":3},{""node"":""N8"",""tasks"":6,""started"":2,""wait"":24.0,""unstarted"":4}]"
2,0.35,8,high,rolling,12,36,0.26666666666666666,27.846153846153847,43.2,1518,13,62,71,132,8,10,0,2.1862957999983337,22,8,0.23765020026702272,2,"[{""node"":""N3"",""tasks"":3,""started"":3,""wait"":13.0,""unstarted"":0},{""node"":""N4"",""tasks"":9,""started"":5,""wait"":43.2,""unstarted"":4},{""node"":""N5"",""tasks"":9,""started"":0,""wait"":null,""unstarted"":9},{""node"":""N6"",""tasks"":3,""started"":0,""wait"":null,""unstarted"":3},{""node"":""N7"",""tasks"":6,""started"":3,""wait"":19.666666666666668,""unstarted"":3},{""node"":""N8"",""tasks"":6,""started"":2,""wait"":24.0,""unstarted"":4}]"
2,0.35,8,high,rolling_forecast,11,36,0.26666666666666666,30.25,42.4,1513,12,64,64,132,4,16,0,2.791148999996949,22,12,0.20585785674625204,2,"[{""node"":""N3"",""tasks"":3,""started"":3,""wait"":16.333333333333332,""unstarted"":0},{""node"":""N4"",""tasks"":9,""started"":5,""wait"":42.4,""unstarted"":4},{""node"":""N5"",""tasks"":9,""started"":0,""wait"":null,""unstarted"":9},{""node"":""N6"",""tasks"":3,""started"":0,""wait"":null,""unstarted"":3},{""node"":""N7"",""tasks"":6,""started"":3,""wait"":20.333333333333332,""unstarted"":3},{""node"":""N8"",""tasks"":6,""started"":1,""wait"":41.0,""unstarted"":5}]"
2,0.35,8,high,static,3,36,0.06666666666666667,17.0,16.0,185,3,81,0,91,0,0,0,0.007775300007779151,1,0,0.19607843137254902,3,"[{""node"":""N3"",""tasks"":3,""started"":1,""wait"":10.0,""unstarted"":2},{""node"":""N4"",""tasks"":9,""started"":1,""wait"":16.0,""unstarted"":8},{""node"":""N5"",""tasks"":9,""started"":0,""wait"":null,""unstarted"":9},{""node"":""N6"",""tasks"":3,""started"":0,""wait"":null,""unstarted"":3},{""node"":""N7"",""tasks"":6,""started"":1,""wait"":25.0,""unstarted"":5},{""node"":""N8"",""tasks"":6,""started"":0,""wait"":null,""unstarted"":6}]"
2,0.35,8,low,greedy,7,12,0.6,36.625,16.333333333333332,977,8,13,84,146,1,1,0,0.03999609997845255,14,14,0.44129032258064516,1,"[{""node"":""N3"",""tasks"":1,""started"":1,""wait"":10.0,""unstarted"":0},{""node"":""N4"",""tasks"":3,""started"":2,""wait"":21.0,""unstarted"":1},{""node"":""N5"",""tasks"":3,""started"":1,""wait"":7.0,""unstarted"":2},{""node"":""N6"",""tasks"":1,""started"":0,""wait"":null,""unstarted"":1},{""node"":""N7"",""tasks"":2,""started"":2,""wait"":39.0,""unstarted"":0},{""node"":""N8"",""tasks"":2,""started"":2,""wait"":78.0,""unstarted"":0}]"
2,0.35,8,low,rolling,7,12,0.6,23.428571428571427,25.0,642,7,13,0,154,1,1,0,0.8687470999866491,14,0,0.18947368421052632,1,"[{""node"":""N3"",""tasks"":1,""started"":1,""wait"":10.0,""unstarted"":0},{""node"":""N4"",""tasks"":3,""started"":2,""wait"":21.0,""unstarted"":1},{""node"":""N5"",""tasks"":3,""started"":1,""wait"":33.0,""unstarted"":2},{""node"":""N6"",""tasks"":1,""started"":0,""wait"":null,""unstarted"":1},{""node"":""N7"",""tasks"":2,""started"":2,""wait"":29.0,""unstarted"":0},{""node"":""N8"",""tasks"":2,""started"":1,""wait"":21.0,""unstarted"":1}]"
2,0.35,8,low,rolling_forecast,7,12,0.6,23.428571428571427,25.0,642,7,13,0,154,1,1,0,0.7473446000076365,14,0,0.18947368421052632,1,"[{""node"":""N3"",""tasks"":1,""started"":1,""wait"":10.0,""unstarted"":0},{""node"":""N4"",""tasks"":3,""started"":2,""wait"":21.0,""unstarted"":1},{""node"":""N5"",""tasks"":3,""started"":1,""wait"":33.0,""unstarted"":2},{""node"":""N6"",""tasks"":1,""started"":0,""wait"":null,""unstarted"":1},{""node"":""N7"",""tasks"":2,""started"":2,""wait"":29.0,""unstarted"":0},{""node"":""N8"",""tasks"":2,""started"":1,""wait"":21.0,""unstarted"":1}]"
2,0.35,8,low,static,3,12,0.2,17.0,16.0,185,3,23,0,91,0,0,0,0.03861450000840705,1,0,0.19607843137254902,3,"[{""node"":""N3"",""tasks"":1,""started"":1,""wait"":10.0,""unstarted"":0},{""node"":""N4"",""tasks"":3,""started"":1,""wait"":16.0,""unstarted"":2},{""node"":""N5"",""tasks"":3,""started"":0,""wait"":null,""unstarted"":3},{""node"":""N6"",""tasks"":1,""started"":0,""wait"":null,""unstarted"":1},{""node"":""N7"",""tasks"":2,""started"":1,""wait"":25.0,""unstarted"":1},{""node"":""N8"",""tasks"":2,""started"":0,""wait"":null,""unstarted"":2}]"
2,0.35,8,medium,greedy,9,24,0.4,27.1,39.0,1203,10,38,42,146,3,1,0,0.04916330006381031,18,18,0.304,1,"[{""node"":""N3"",""tasks"":2,""started"":2,""wait"":8.0,""unstarted"":0},{""node"":""N4"",""tasks"":6,""started"":4,""wait"":36.0,""unstarted"":2},{""node"":""N5"",""tasks"":6,""started"":1,""wait"":51.0,""unstarted"":5},{""node"":""N6"",""tasks"":2,""started"":0,""wait"":null,""unstarted"":2},{""node"":""N7"",""tasks"":4,""started"":2,""wait"":17.5,""unstarted"":2},{""node"":""N8"",""tasks"":4,""started"":1,""wait"":25.0,""unstarted"":3}]"
2,0.35,8,medium,rolling,9,24,0.4,24.9,34.6,1093,10,38,35,149,5,8,0,0.898778200004017,18,0,0.24585635359116026,1,"[{""node"":""N3"",""tasks"":2,""started"":2,""wait"":8.0,""unstarted"":0},{""node"":""N4"",""tasks"":6,""started"":3,""wait"":32.666666666666664,""unstarted"":3},{""node"":""N5"",""tasks"":6,""started"":2,""wait"":37.5,""unstarted"":4},{""node"":""N6"",""tasks"":2,""started"":0,""wait"":null,""unstarted"":2},{""node"":""N7"",""tasks"":4,""started"":2,""wait"":17.5,""unstarted"":2},{""node"":""N8"",""tasks"":4,""started"":1,""wait"":25.0,""unstarted"":3}]"
2,0.35,8,medium,rolling_forecast,10,24,0.3,33.18181818181818,45.5,1459,11,37,85,184,5,10,0,1.890500699984841,18,2,0.285820203892493,1,"[{""node"":""N3"",""tasks"":2,""started"":2,""wait"":8.0,""unstarted"":0},{""node"":""N4"",""tasks"":6,""started"":3,""wait"":41.333333333333336,""unstarted"":3},{""node"":""N5"",""tasks"":6,""started"":1,""wait"":58.0,""unstarted"":5},{""node"":""N6"",""tasks"":2,""started"":0,""wait"":null,""unstarted"":2},{""node"":""N7"",""tasks"":4,""started"":3,""wait"":22.0,""unstarted"":1},{""node"":""N8"",""tasks"":4,""started"":2,""wait"":50.5,""unstarted"":2}]"
2,0.35,8,medium,static,3,24,0.1,17.0,16.0,185,3,52,0,91,0,0,0,0.009093600005144253,1,0,0.19607843137254902,3,"[{""node"":""N3"",""tasks"":2,""started"":1,""wait"":10.0,""unstarted"":1},{""node"":""N4"",""tasks"":6,""started"":1,""wait"":16.0,""unstarted"":5},{""node"":""N5"",""tasks"":6,""started"":0,""wait"":null,""unstarted"":6},{""node"":""N6"",""tasks"":2,""started"":0,""wait"":null,""unstarted"":2},{""node"":""N7"",""tasks"":4,""started"":1,""wait"":25.0,""unstarted"":3},{""node"":""N8"",""tasks"":4,""started"":0,""wait"":null,""unstarted"":4}]"
2,0.5,11,high,greedy,15,36,0.4,39.125,50.714285714285715,2588,16,54,216,255,15,17,0,0.1945312999887392,22,22,0.2306351183063512,1,"[{""node"":""N3"",""tasks"":3,""started"":3,""wait"":13.0,""unstarted"":0},{""node"":""N4"",""tasks"":9,""started"":4,""wait"":53.5,""unstarted"":5},{""node"":""N5"",""tasks"":9,""started"":3,""wait"":47.0,""unstarted"":6},{""node"":""N6"",""tasks"":3,""started"":0,""wait"":null,""unstarted"":3},{""node"":""N7"",""tasks"":6,""started"":4,""wait"":28.75,""unstarted"":2},{""node"":""N8"",""tasks"":6,""started"":2,""wait"":58.5,""unstarted"":4}]"
2,0.5,11,high,rolling,15,36,0.4,39.125,50.714285714285715,2588,16,54,216,255,15,27,0,3.596010000008391,22,16,0.2306351183063512,1,"[{""node"":""N3"",""tasks"":3,""started"":3,""wait"":13.0,""unstarted"":0},{""node"":""N4"",""tasks"":9,""started"":4,""wait"":53.5,""unstarted"":5},{""node"":""N5"",""tasks"":9,""started"":3,""wait"":47.0,""unstarted"":6},{""node"":""N6"",""tasks"":3,""started"":0,""wait"":null,""unstarted"":3},{""node"":""N7"",""tasks"":6,""started"":4,""wait"":28.75,""unstarted"":2},{""node"":""N8"",""tasks"":6,""started"":2,""wait"":58.5,""unstarted"":4}]"
2,0.5,11,high,rolling_forecast,15,36,0.4,39.125,50.714285714285715,2588,16,54,216,255,15,24,0,3.1248369999811985,22,18,0.2306351183063512,1,"[{""node"":""N3"",""tasks"":3,""started"":3,""wait"":13.0,""unstarted"":0},{""node"":""N4"",""tasks"":9,""started"":4,""wait"":53.5,""unstarted"":5},{""node"":""N5"",""tasks"":9,""started"":3,""wait"":47.0,""unstarted"":6},{""node"":""N6"",""tasks"":3,""started"":0,""wait"":null,""unstarted"":3},{""node"":""N7"",""tasks"":6,""started"":4,""wait"":28.75,""unstarted"":2},{""node"":""N8"",""tasks"":6,""started"":2,""wait"":58.5,""unstarted"":4}]"
2,0.5,11,high,static,4,36,0.13333333333333333,18.0,18.5,290,4,78,0,145,0,0,0,0.015652699992642738,1,0,0.1736111111111111,2,"[{""node"":""N3"",""tasks"":3,""started"":1,""wait"":10.0,""unstarted"":2},{""node"":""N4"",""tasks"":9,""started"":1,""wait"":16.0,""unstarted"":8},{""node"":""N5"",""tasks"":9,""started"":1,""wait"":21.0,""unstarted"":8},{""node"":""N6"",""tasks"":3,""started"":0,""wait"":null,""unstarted"":3},{""node"":""N7"",""tasks"":6,""started"":1,""wait"":25.0,""unstarted"":5},{""node"":""N8"",""tasks"":6,""started"":0,""wait"":null,""unstarted"":6}]"
2,0.5,11,low,greedy,9,12,1.0,28.9,21.0,1077,10,7,27,254,2,3,0,0.005507699985173531,14,14,0.29529553679131476,1,"[{""node"":""N3"",""tasks"":1,""started"":1,""wait"":10.0,""unstarted"":0},{""node"":""N4"",""tasks"":3,""started"":3,""wait"":22.666666666666668,""unstarted"":0},{""node"":""N5"",""tasks"":3,""started"":2,""wait"":18.5,""unstarted"":1},{""node"":""N6"",""tasks"":1,""started"":0,""wait"":null,""unstarted"":1},{""node"":""N7"",""tasks"":2,""started"":2,""wait"":33.5,""unstarted"":0},{""node"":""N8"",""tasks"":2,""started"":2,""wait"":53.5,""unstarted"":0}]"
2,0.5,11,low,rolling,10,12,1.0,25.6,26.0,1028,10,5,8,249,0,0,0,0.13856930001929868,14,0,0.13666666666666666,1,"[{""node"":""N3"",""tasks"":1,""started"":1,""wait"":10.0,""unstarted"":0},{""node"":""N4"",""tasks"":3,""started"":3,""wait"":26.0,""unstarted"":0},{""node"":""N5"",""tasks"":3,""started"":2,""wait"":26.0,""unstarted"":1},{""node"":""N6"",""tasks"":1,""started"":0,""wait"":null,""unstarted"":1},{""node"":""N7"",""tasks"":2,""started"":2,""wait"":29.0,""unstarted"":0},{""node"":""N8"",""tasks"":2,""started"":2,""wait"":29.0,""unstarted"":0}]"
2,0.5,11,low,rolling_forecast,10,12,1.0,25.6,26.0,1028,10,5,8,249,0,0,0,0.15184379999118391,14,0,0.13666666666666666,1,"[{""node"":""N3"",""tasks"":1,""started"":1,""wait"":10.0,""unstarted"":0},{""node"":""N4"",""tasks"":3,""started"":3,""wait"":26.0,""unstarted"":0},{""node"":""N5"",""tasks"":3,""started"":2,""wait"":26.0,""unstarted"":1},{""node"":""N6"",""tasks"":1,""started"":0,""wait"":null,""unstarted"":1},{""node"":""N7"",""tasks"":2,""started"":2,""wait"":29.0,""unstarted"":0},{""node"":""N8"",""tasks"":2,""started"":2,""wait"":29.0,""unstarted"":0}]"
2,0.5,11,low,static,4,12,0.4,18.0,18.5,290,4,20,0,145,0,0,0,0.019750899999053217,1,0,0.1736111111111111,2,"[{""node"":""N3"",""tasks"":1,""started"":1,""wait"":10.0,""unstarted"":0},{""node"":""N4"",""tasks"":3,""started"":1,""wait"":16.0,""unstarted"":2},{""node"":""N5"",""tasks"":3,""started"":1,""wait"":21.0,""unstarted"":2},{""node"":""N6"",""tasks"":1,""started"":0,""wait"":null,""unstarted"":1},{""node"":""N7"",""tasks"":2,""started"":1,""wait"":25.0,""unstarted"":1},{""node"":""N8"",""tasks"":2,""started"":0,""wait"":null,""unstarted"":2}]"
2,0.5,11,medium,greedy,12,24,0.8,28.153846153846153,35.0,1728,13,28,42,190,12,2,0,0.03851480000594165,18,18,0.26504424778761065,2,"[{""node"":""N3"",""tasks"":2,""started"":2,""wait"":8.0,""unstarted"":0},{""node"":""N4"",""tasks"":6,""started"":6,""wait"":36.333333333333336,""unstarted"":0},{""node"":""N5"",""tasks"":6,""started"":3,""wait"":32.333333333333336,""unstarted"":3},{""node"":""N6"",""tasks"":2,""started"":0,""wait"":null,""unstarted"":2},{""node"":""N7"",""tasks"":4,""started"":2,""wait"":17.5,""unstarted"":2},{""node"":""N8"",""tasks"":4,""started"":0,""wait"":null,""unstarted"":4}]"
2,0.5,11,medium,rolling,12,24,0.8,28.153846153846153,35.0,1728,13,28,42,190,13,2,0,2.8801618999859784,18,12,0.26504424778761065,2,"[{""node"":""N3"",""tasks"":2,""started"":2,""wait"":8.0,""unstarted"":0},{""node"":""N4"",""tasks"":6,""started"":6,""wait"":36.333333333333336,""unstarted"":0},{""node"":""N5"",""tasks"":6,""started"":3,""wait"":32.333333333333336,""unstarted"":3},{""node"":""N6"",""tasks"":2,""started"":0,""wait"":null,""unstarted"":2},{""node"":""N7"",""tasks"":4,""started"":2,""wait"":17.5,""unstarted"":2},{""node"":""N8"",""tasks"":4,""started"":0,""wait"":null,""unstarted"":4}]"
2,0.5,11,medium,rolling_forecast,12,24,0.8,28.153846153846153,35.0,1728,13,28,42,190,13,2,0,2.4110206999466754,18,12,0.26504424778761065,2,"[{""node"":""N3"",""tasks"":2,""started"":2,""wait"":8.0,""unstarted"":0},{""node"":""N4"",""tasks"":6,""started"":6,""wait"":36.333333333333336,""unstarted"":0},{""node"":""N5"",""tasks"":6,""started"":3,""wait"":32.333333333333336,""unstarted"":3},{""node"":""N6"",""tasks"":2,""started"":0,""wait"":null,""unstarted"":2},{""node"":""N7"",""tasks"":4,""started"":2,""wait"":17.5,""unstarted"":2},{""node"":""N8"",""tasks"":4,""started"":0,""wait"":null,""unstarted"":4}]"
2,0.5,11,medium,static,4,24,0.2,18.0,18.5,290,4,49,0,145,0,0,0,0.037079600006109104,1,0,0.1736111111111111,2,"[{""node"":""N3"",""tasks"":2,""started"":1,""wait"":10.0,""unstarted"":1},{""node"":""N4"",""tasks"":6,""started"":1,""wait"":16.0,""unstarted"":5},{""node"":""N5"",""tasks"":6,""started"":1,""wait"":21.0,""unstarted"":5},{""node"":""N6"",""tasks"":2,""started"":0,""wait"":null,""unstarted"":2},{""node"":""N7"",""tasks"":4,""started"":1,""wait"":25.0,""unstarted"":3},{""node"":""N8"",""tasks"":4,""started"":0,""wait"":null,""unstarted"":4}]"
2,0.75,18,high,greedy,22,36,0.5333333333333333,32.96,46.72727272727273,3394,25,35,231,393,13,14,0,0.055597400016267784,22,22,0.29342518733381673,0,"[{""node"":""N3"",""tasks"":3,""started"":3,""wait"":8.333333333333334,""unstarted"":0},{""node"":""N4"",""tasks"":9,""started"":7,""wait"":52.42857142857143,""unstarted"":2},{""node"":""N5"",""tasks"":9,""started"":7,""wait"":37.57142857142857,""unstarted"":2},{""node"":""N6"",""tasks"":3,""started"":3,""wait"":17.666666666666668,""unstarted"":0},{""node"":""N7"",""tasks"":6,""started"":3,""wait"":19.666666666666668,""unstarted"":3},{""node"":""N8"",""tasks"":6,""started"":2,""wait"":28.5,""unstarted"":4}]"
2,0.75,18,high,rolling,24,36,0.7333333333333333,30.22222222222222,34.25,3200,27,29,94,401,19,61,0,3.245372799996403,22,2,0.1702170580166223,0,"[{""node"":""N3"",""tasks"":3,""started"":3,""wait"":8.333333333333334,""unstarted"":0},{""node"":""N4"",""tasks"":9,""started"":8,""wait"":33.375,""unstarted"":1},{""node"":""N5"",""tasks"":9,""started"":6,""wait"":37.666666666666664,""unstarted"":3},{""node"":""N6"",""tasks"":3,""started"":1,""wait"":35.0,""unstarted"":2},{""node"":""N7"",""tasks"":6,""started"":4,""wait"":25.75,""unstarted"":2},{""node"":""N8"",""tasks"":6,""started"":5,""wait"":32.0,""unstarted"":1}]"
2,0.75,18,high,rolling_forecast,26,36,0.7333333333333333,27.0,33.5,2885,27,24,72,378,28,28,0,2.67967900003714,22,6,0.2269651741293532,0,"[{""node"":""N3"",""tasks"":3,""started"":3,""wait"":8.333333333333334,""unstarted"":0},{""node"":""N4"",""tasks"":9,""started"":8,""wait"":33.25,""unstarted"":1},{""node"":""N5"",""tasks"":9,""started"":7,""wait"":36.0,""unstarted"":2},{""node"":""N6"",""tasks"":3,""started"":3,""wait"":17.666666666666668,""unstarted"":0},{""node"":""N7"",""tasks"":6,""started"":3,""wait"":19.666666666666668,""unstarted"":3},{""node"":""N8"",""tasks"":6,""started"":3,""wait"":24.666666666666668,""unstarted"":3}]"
2,0.75,18,high,static,4,36,0.13333333333333333,16.5,16.5,264,4,78,0,130,0,0,0,0.017013000004226342,1,0,0.21212121212121213,2,"[{""node"":""N3"",""tasks"":3,""started"":1,""wait"":8.0,""unstarted"":2},{""node"":""N4"",""tasks"":9,""started"":1,""wait"":14.0,""unstarted"":8},{""node"":""N5"",""tasks"":9,""started"":1,""wait"":19.0,""unstarted"":8},{""node"":""N6"",""tasks"":3,""started"":0,""wait"":null,""unstarted"":3},{""node"":""N7"",""tasks"":6,""started"":1,""wait"":25.0,""unstarted"":5},{""node"":""N8"",""tasks"":6,""started"":0,""wait"":null,""unstarted"":6}]"
2,0.75,18,low,greedy,12,12,1.0,18.25,15.2,775,12,0,0,299,0,0,0,0.01812380000774283,14,14,0.17454068241469814,0,"[{""node"":""N3"",""tasks"":1,""started"":1,""wait"":8.0,""unstarted"":0},{""node"":""N4"",""tasks"":3,""started"":3,""wait"":17.333333333333332,""unstarted"":0},{""node"":""N5"",""tasks"":3,""started"":3,""wait"":15.0,""unstarted"":0},{""node"":""N6"",""tasks"":1,""started"":1,""wait"":17.0,""unstarted"":0},{""node"":""N7"",""tasks"":2,""started"":2,""wait"":23.5,""unstarted"":0},{""node"":""N8"",""tasks"":2,""started"":2,""wait"":25.0,""unstarted"":0}]"
2,0.75,18,low,rolling,12,12,1.0,18.25,15.2,775,12,0,0,299,0,0,0,0.6068483000126434,14,0,0.17454068241469814,0,"[{""node"":""N3"",""tasks"":1,""started"":1,""wait"":8.0,""unstarted"":0},{""node"":""N4"",""tasks"":3,""started"":3,""wait"":17.333333333333332,""unstarted"":0},{""node"":""N5"",""tasks"":3,""started"":3,""wait"":15.0,""unstarted"":0},{""node"":""N6"",""tasks"":1,""started"":1,""wait"":17.0,""unstarted"":0},{""node"":""N7"",""tasks"":2,""started"":2,""wait"":23.5,""unstarted"":0},{""node"":""N8"",""tasks"":2,""started"":2,""wait"":25.0,""unstarted"":0}]"
2,0.75,18,low,rolling_forecast,12,12,1.0,16.666666666666668,15.2,722,12,0,0,327,0,0,0,0.5906845999852521,14,0,0.13694638694638694,0,"[{""node"":""N3"",""tasks"":1,""started"":1,""wait"":8.0,""unstarted"":0},{""node"":""N4"",""tasks"":3,""started"":3,""wait"":17.333333333333332,""unstarted"":0},{""node"":""N5"",""tasks"":3,""started"":3,""wait"":15.0,""unstarted"":0},{""node"":""N6"",""tasks"":1,""started"":1,""wait"":15.0,""unstarted"":0},{""node"":""N7"",""tasks"":2,""started"":2,""wait"":19.5,""unstarted"":0},{""node"":""N8"",""tasks"":2,""started"":2,""wait"":20.5,""unstarted"":0}]"
2,0.75,18,low,static,4,12,0.4,16.5,16.5,264,4,20,0,130,0,0,0,0.11937480000779033,1,0,0.21212121212121213,2,"[{""node"":""N3"",""tasks"":1,""started"":1,""wait"":8.0,""unstarted"":0},{""node"":""N4"",""tasks"":3,""started"":1,""wait"":14.0,""unstarted"":2},{""node"":""N5"",""tasks"":3,""started"":1,""wait"":19.0,""unstarted"":2},{""node"":""N6"",""tasks"":1,""started"":0,""wait"":null,""unstarted"":1},{""node"":""N7"",""tasks"":2,""started"":1,""wait"":25.0,""unstarted"":1},{""node"":""N8"",""tasks"":2,""started"":0,""wait"":null,""unstarted"":2}]"
2,0.75,18,medium,greedy,20,24,1.0,28.318181818181817,22.8,2325,22,8,82,331,6,7,0,0.06840100001136307,18,18,0.28508014796547465,1,"[{""node"":""N3"",""tasks"":2,""started"":2,""wait"":6.0,""unstarted"":0},{""node"":""N4"",""tasks"":6,""started"":6,""wait"":26.5,""unstarted"":0},{""node"":""N5"",""tasks"":6,""started"":6,""wait"":20.666666666666668,""unstarted"":0},{""node"":""N6"",""tasks"":2,""started"":0,""wait"":null,""unstarted"":2},{""node"":""N7"",""tasks"":4,""started"":4,""wait"":35.0,""unstarted"":0},{""node"":""N8"",""tasks"":4,""started"":4,""wait"":47.0,""unstarted"":0}]"
2,0.75,18,medium,rolling,21,24,1.0,24.38095238095238,25.8,1982,21,6,13,351,9,21,0,2.885385799992946,18,5,0.24314407106991115,0,"[{""node"":""N3"",""tasks"":2,""started"":2,""wait"":6.0,""unstarted"":0},{""node"":""N4"",""tasks"":6,""started"":6,""wait"":28.166666666666668,""unstarted"":0},{""node"":""N5"",""tasks"":6,""started"":6,""wait"":24.0,""unstarted"":0},{""node"":""N6"",""tasks"":2,""started"":1,""wait"":35.0,""unstarted"":1},{""node"":""N7"",""tasks"":4,""started"":3,""wait"":15.333333333333334,""unstarted"":1},{""node"":""N8"",""tasks"":4,""started"":3,""wait"":35.333333333333336,""unstarted"":1}]"
2,0.75,18,medium,rolling_forecast,17,24,1.0,31.65,23.7,2373,20,14,149,335,17,8,0,2.2966281000262825,18,12,0.3683569979716024,1,"[{""node"":""N3"",""tasks"":2,""started"":2,""wait"":6.0,""unstarted"":0},{""node"":""N4"",""tasks"":6,""started"":6,""wait"":28.666666666666668,""unstarted"":0},{""node"":""N5"",""tasks"":6,""started"":6,""wait"":20.0,""unstarted"":0},{""node"":""N6"",""tasks"":2,""started"":0,""wait"":null,""unstarted"":2},{""node"":""N7"",""tasks"":4,""started"":3,""wait"":36.0,""unstarted"":1},{""node"":""N8"",""tasks"":4,""started"":3,""wait"":73.66666666666667,""unstarted"":1}]"
2,0.75,18,medium,static,4,24,0.2,16.5,16.5,264,4,49,0,130,0,0,0,0.16737320000538602,1,0,0.21212121212121213,2,"[{""node"":""N3"",""tasks"":2,""started"":1,""wait"":8.0,""unstarted"":1},{""node"":""N4"",""tasks"":6,""started"":1,""wait"":14.0,""unstarted"":5},{""node"":""N5"",""tasks"":6,""started"":1,""wait"":19.0,""unstarted"":5},{""node"":""N6"",""tasks"":2,""started"":0,""wait"":null,""unstarted"":2},{""node"":""N7"",""tasks"":4,""started"":1,""wait"":25.0,""unstarted"":3},{""node"":""N8"",""tasks"":4,""started"":0,""wait"":null,""unstarted"":4}]"
2,1,26,high,greedy,23,36,0.8,29.36,33.214285714285715,3102,25,29,78,460,36,20,0,0.21277550006925594,22,22,0.30497646267652995,0,"[{""node"":""N3"",""tasks"":3,""started"":3,""wait"":8.333333333333334,""unstarted"":0},{""node"":""N4"",""tasks"":9,""started"":8,""wait"":33.0,""unstarted"":1},{""node"":""N5"",""tasks"":9,""started"":9,""wait"":35.22222222222222,""unstarted"":0},{""node"":""N6"",""tasks"":3,""started"":1,""wait"":15.0,""unstarted"":2},{""node"":""N7"",""tasks"":6,""started"":3,""wait"":19.666666666666668,""unstarted"":3},{""node"":""N8"",""tasks"":6,""started"":1,""wait"":54.0,""unstarted"":5}]"
2,1,26,high,rolling,23,36,0.8,29.32,33.214285714285715,3101,25,29,78,459,34,26,0,3.897115899977507,22,18,0.30987821380243574,0,"[{""node"":""N3"",""tasks"":3,""started"":3,""wait"":8.333333333333334,""unstarted"":0},{""node"":""N4"",""tasks"":9,""started"":8,""wait"":33.0,""unstarted"":1},{""node"":""N5"",""tasks"":9,""started"":9,""wait"":35.22222222222222,""unstarted"":0},{""node"":""N6"",""tasks"":3,""started"":1,""wait"":14.0,""unstarted"":2},{""node"":""N7"",""tasks"":6,""started"":3,""wait"":19.666666666666668,""unstarted"":3},{""node"":""N8"",""tasks"":6,""started"":1,""wait"":54.0,""unstarted"":5}]"
2,1,26,high,rolling_forecast,26,36,0.8,28.642857142857142,35.142857142857146,3322,28,23,70,528,27,28,0,3.4804368000186514,22,18,0.2342143906020558,0,"[{""node"":""N3"",""tasks"":3,""started"":3,""wait"":8.333333333333334,""unstarted"":0},{""node"":""N4"",""tasks"":9,""started"":8,""wait"":35.875,""unstarted"":1},{""node"":""N5"",""tasks"":9,""started"":9,""wait"":35.666666666666664,""unstarted"":0},{""node"":""N6"",""tasks"":3,""started"":2,""wait"":17.0,""unstarted"":1},{""node"":""N7"",""tasks"":6,""started"":3,""wait"":19.666666666666668,""unstarted"":3},{""node"":""N8"",""tasks"":6,""started"":3,""wait"":25.333333333333332,""unstarted"":3}]"
2,1,26,high,static,4,36,0.13333333333333333,16.5,16.5,264,4,78,0,130,0,0,0,0.07246219999797177,1,0,0.21212121212121213,2,"[{""node"":""N3"",""tasks"":3,""started"":1,""wait"":8.0,""unstarted"":2},{""node"":""N4"",""tasks"":9,""started"":1,""wait"":14.0,""unstarted"":8},{""node"":""N5"",""tasks"":9,""started"":1,""wait"":19.0,""unstarted"":8},{""node"":""N6"",""tasks"":3,""started"":0,""wait"":null,""unstarted"":3},{""node"":""N7"",""tasks"":6,""started"":1,""wait"":25.0,""unstarted"":5},{""node"":""N8"",""tasks"":6,""started"":0,""wait"":null,""unstarted"":6}]"
2,1,26,low,greedy,12,12,1.0,18.083333333333332,15.2,773,12,0,0,305,0,0,0,0.02100450001307763,14,14,0.18111289459604063,0,"[{""node"":""N3"",""tasks"":1,""started"":1,""wait"":8.0,""unstarted"":0},{""node"":""N4"",""tasks"":3,""started"":3,""wait"":17.333333333333332,""unstarted"":0},{""node"":""N5"",""tasks"":3,""started"":3,""wait"":15.0,""unstarted"":0},{""node"":""N6"",""tasks"":1,""started"":1,""wait"":15.0,""unstarted"":0},{""node"":""N7"",""tasks"":2,""started"":2,""wait"":23.5,""unstarted"":0},{""node"":""N8"",""tasks"":2,""started"":2,""wait"":25.0,""unstarted"":0}]"
2,1,26,low,rolling,12,12,1.0,18.0,15.2,772,12,0,0,304,0,0,0,0.43191749999823514,14,0,0.18773635872501349,0,"[{""node"":""N3"",""tasks"":1,""started"":1,""wait"":8.0,""unstarted"":0},{""node"":""N4"",""tasks"":3,""started"":3,""wait"":17.333333333333332,""unstarted"":0},{""node"":""N5"",""tasks"":3,""started"":3,""wait"":15.0,""unstarted"":0},{""node"":""N6"",""tasks"":1,""started"":1,""wait"":14.0,""unstarted"":0},{""node"":""N7"",""tasks"":2,""started"":2,""wait"":23.5,""unstarted"":0},{""node"":""N8"",""tasks"":2,""started"":2,""wait"":25.0,""unstarted"":0}]"
2,1,26,low,rolling_forecast,12,12,1.0,16.5,15.2,720,12,0,0,350,0,0,0,0.4698009000130696,14,0,0.1505952380952381,0,"[{""node"":""N3"",""tasks"":1,""started"":1,""wait"":8.0,""unstarted"":0},{""node"":""N4"",""tasks"":3,""started"":3,""wait"":17.333333333333332,""unstarted"":0},{""node"":""N5"",""tasks"":3,""started"":3,""wait"":15.0,""unstarted"":0},{""node"":""N6"",""tasks"":1,""started"":1,""wait"":13.0,""unstarted"":0},{""node"":""N7"",""tasks"":2,""started"":2,""wait"":19.5,""unstarted"":0},{""node"":""N8"",""tasks"":2,""started"":2,""wait"":20.5,""unstarted"":0}]"
2,1,26,low,static,4,12,0.4,16.5,16.5,264,4,20,0,130,0,0,0,0.07500430000072811,1,0,0.21212121212121213,2,"[{""node"":""N3"",""tasks"":1,""started"":1,""wait"":8.0,""unstarted"":0},{""node"":""N4"",""tasks"":3,""started"":1,""wait"":14.0,""unstarted"":2},{""node"":""N5"",""tasks"":3,""started"":1,""wait"":19.0,""unstarted"":2},{""node"":""N6"",""tasks"":1,""started"":0,""wait"":null,""unstarted"":1},{""node"":""N7"",""tasks"":2,""started"":1,""wait"":25.0,""unstarted"":1},{""node"":""N8"",""tasks"":2,""started"":0,""wait"":null,""unstarted"":2}]"
2,1,26,medium,greedy,24,24,1.0,21.916666666666668,18.3,1888,24,0,20,423,2,4,0,0.034936900017783046,18,18,0.26529680365296804,0,"[{""node"":""N3"",""tasks"":2,""started"":2,""wait"":6.0,""unstarted"":0},{""node"":""N4"",""tasks"":6,""started"":6,""wait"":19.0,""unstarted"":0},{""node"":""N5"",""tasks"":6,""started"":6,""wait"":20.666666666666668,""unstarted"":0},{""node"":""N6"",""tasks"":2,""started"":2,""wait"":14.0,""unstarted"":0},{""node"":""N7"",""tasks"":4,""started"":4,""wait"":23.0,""unstarted"":0},{""node"":""N8"",""tasks"":4,""started"":4,""wait"":39.0,""unstarted"":0}]"
2,1,26,medium,rolling,24,24,1.0,19.208333333333332,19.2,1715,24,0,0,403,0,0,0,0.4343048999871826,18,0,0.208,0,"[{""node"":""N3"",""tasks"":2,""started"":2,""wait"":6.0,""unstarted"":0},{""node"":""N4"",""tasks"":6,""started"":6,""wait"":19.0,""unstarted"":0},{""node"":""N5"",""tasks"":6,""started"":6,""wait"":22.166666666666668,""unstarted"":0},{""node"":""N6"",""tasks"":2,""started"":2,""wait"":13.0,""unstarted"":0},{""node"":""N7"",""tasks"":4,""started"":4,""wait"":17.75,""unstarted"":0},{""node"":""N8"",""tasks"":4,""started"":4,""wait"":26.25,""unstarted"":0}]"
2,1,26,medium,rolling_forecast,24,24,1.0,18.666666666666668,19.4,1680,24,0,0,436,3,5,0,1.2698196999845095,18,1,0.21684587813620068,0,"[{""node"":""N3"",""tasks"":2,""started"":2,""wait"":6.0,""unstarted"":0},{""node"":""N4"",""tasks"":6,""started"":6,""wait"":22.166666666666668,""unstarted"":0},{""node"":""N5"",""tasks"":6,""started"":6,""wait"":19.333333333333332,""unstarted"":0},{""node"":""N6"",""tasks"":2,""started"":2,""wait"":13.0,""unstarted"":0},{""node"":""N7"",""tasks"":4,""started"":4,""wait"":14.5,""unstarted"":0},{""node"":""N8"",""tasks"":4,""started"":4,""wait"":25.75,""unstarted"":0}]"
2,1,26,medium,static,4,24,0.2,16.5,16.5,264,4,49,0,130,0,0,0,0.0713001000112854,1,0,0.21212121212121213,2,"[{""node"":""N3"",""tasks"":2,""started"":1,""wait"":8.0,""unstarted"":1},{""node"":""N4"",""tasks"":6,""started"":1,""wait"":14.0,""unstarted"":5},{""node"":""N5"",""tasks"":6,""started"":1,""wait"":19.0,""unstarted"":5},{""node"":""N6"",""tasks"":2,""started"":0,""wait"":null,""unstarted"":2},{""node"":""N7"",""tasks"":4,""started"":1,""wait"":25.0,""unstarted"":3},{""node"":""N8"",""tasks"":4,""started"":0,""wait"":null,""unstarted"":4}]"
3,0.35,8,high,greedy,12,36,0.26666666666666666,25.53846153846154,40.2,1398,13,62,57,128,7,4,0,0.0427542999968864,22,22,0.24558985667034175,2,"[{""node"":""N3"",""tasks"":3,""started"":3,""wait"":11.0,""unstarted"":0},{""node"":""N4"",""tasks"":9,""started"":5,""wait"":40.2,""unstarted"":4},{""node"":""N5"",""tasks"":9,""started"":0,""wait"":null,""unstarted"":9},{""node"":""N6"",""tasks"":3,""started"":0,""wait"":null,""unstarted"":3},{""node"":""N7"",""tasks"":6,""started"":3,""wait"":19.0,""unstarted"":3},{""node"":""N8"",""tasks"":6,""started"":2,""wait"":20.5,""unstarted"":4}]"
3,0.35,8,high,rolling,12,36,0.26666666666666666,25.846153846153847,40.2,1410,13,62,57,128,6,21,0,3.232093700004043,22,10,0.23840999637812388,2,"[{""node"":""N3"",""tasks"":3,""started"":3,""wait"":11.0,""unstarted"":0},{""node"":""N4"",""tasks"":9,""started"":5,""wait"":40.2,""unstarted"":4},{""node"":""N5"",""tasks"":9,""started"":0,""wait"":null,""unstarted"":9},{""node"":""N6"",""tasks"":3,""started"":0,""wait"":null,""unstarted"":3},{""node"":""N7"",""tasks"":6,""started"":3,""wait"":20.333333333333332,""unstarted"":3},{""node"":""N8"",""tasks"":6,""started"":2,""wait"":20.5,""unstarted"":4}]"
3,0.35,8,high,rolling_forecast,12,36,0.2,31.76923076923077,30.333333333333332,1421,13,63,109,153,2,23,0,2.6015268999763066,22,6,0.26195570098162596,2,"[{""node"":""N3"",""tasks"":3,""started"":3,""wait"":11.0,""unstarted"":0},{""node"":""N4"",""tasks"":9,""started"":3,""wait"":30.333333333333332,""unstarted"":6},{""node"":""N5"",""tasks"":9,""started"":0,""wait"":null,""unstarted"":9},{""node"":""N6"",""tasks"":3,""started"":0,""wait"":null,""unstarted"":3},{""node"":""N7"",""tasks"":6,""started"":5,""wait"":35.6,""unstarted"":1},{""node"":""N8"",""tasks"":6,""started"":2,""wait"":55.5,""unstarted"":4}]"
3,0.35,8,high,static,3,36,0.06666666666666667,15.333333333333334,15.0,168,3,81,0,84,0,0,0,0.007646700003533624,1,0,0.21739130434782608,3,"[{""node"":""N3"",""tasks"":3,""started"":1,""wait"":8.0,""unstarted"":2},{""node"":""N4"",""tasks"":9,""started"":1,""wait"":15.0,""unstarted"":8},{""node"":""N5"",""tasks"":9,""started"":0,""wait"":null,""unstarted"":9},{""node"":""N6"",""tasks"":3,""started"":0,""wait"":null,""unstarted"":3},{""node"":""N7"",""tasks"":6,""started"":1,""wait"":23.0,""unstarted"":5},{""node"":""N8"",""tasks"":6,""started"":0,""wait"":null,""unstarted"":6}]"
3,0.35,8,low,greedy,7,12,0.6,32.285714285714285,16.0,774,7,13,67,141,1,1,0,0.045880700010457076,14,14,0.4700906344410876,1,"[{""node"":""N3"",""tasks"":1,""started"":1,""wait"":8.0,""unstarted"":0},{""node"":""N4"",""tasks"":3,""started"":2,""wait"":20.0,""unstarted"":1},{""node"":""N5"",""tasks"":3,""started"":1,""wait"":8.0,""unstarted"":2},{""node"":""N6"",""tasks"":1,""started"":0,""wait"":null,""unstarted"":1},{""node"":""N7"",""tasks"":2,""started"":2,""wait"":40.5,""unstarted"":0},{""node"":""N8"",""tasks"":2,""started"":1,""wait"":89.0,""unstarted"":1}]"
3,0.35,8,low,rolling,7,12,0.6,23.428571428571427,25.333333333333332,644,7,13,0,157,1,1,0,0.6096910999767715,14,0,0.22608695652173913,1,"[{""node"":""N3"",""tasks"":1,""started"":1,""wait"":8.0,""unstarted"":0},{""node"":""N4"",""tasks"":3,""started"":2,""wait"":20.0,""unstarted"":1},{""node"":""N5"",""tasks"":3,""started"":1,""wait"":36.0,""unstarted"":2},{""node"":""N6"",""tasks"":1,""started"":0,""wait"":null,""unstarted"":1},{""node"":""N7"",""tasks"":2,""started"":2,""wait"":29.0,""unstarted"":0},{""node"":""N8"",""tasks"":2,""started"":1,""wait"":22.0,""unstarted"":1}]"
3,0.35,8,low,rolling_forecast,7,12,0.6,23.428571428571427,25.333333333333332,644,7,13,0,157,1,1,0,0.4175676999875577,14,0,0.22608695652173913,1,"[{""node"":""N3"",""tasks"":1,""started"":1,""wait"":8.0,""unstarted"":0},{""node"":""N4"",""tasks"":3,""started"":2,""wait"":20.0,""unstarted"":1},{""node"":""N5"",""tasks"":3,""started"":1,""wait"":36.0,""unstarted"":2},{""node"":""N6"",""tasks"":1,""started"":0,""wait"":null,""unstarted"":1},{""node"":""N7"",""tasks"":2,""started"":2,""wait"":29.0,""unstarted"":0},{""node"":""N8"",""tasks"":2,""started"":1,""wait"":22.0,""unstarted"":1}]"
3,0.35,8,low,static,3,12,0.2,15.333333333333334,15.0,168,3,23,0,84,0,0,0,0.03982520000135992,1,0,0.21739130434782608,3,"[{""node"":""N3"",""tasks"":1,""started"":1,""wait"":8.0,""unstarted"":0},{""node"":""N4"",""tasks"":3,""started"":1,""wait"":15.0,""unstarted"":2},{""node"":""N5"",""tasks"":3,""started"":0,""wait"":null,""unstarted"":3},{""node"":""N6"",""tasks"":1,""started"":0,""wait"":null,""unstarted"":1},{""node"":""N7"",""tasks"":2,""started"":1,""wait"":23.0,""unstarted"":1},{""node"":""N8"",""tasks"":2,""started"":0,""wait"":null,""unstarted"":2}]"
3,0.35,8,medium,greedy,9,24,0.4,24.6,35.8,1096,10,38,30,142,3,2,0,0.020483800006331876,18,18,0.3201596806387226,1,"[{""node"":""N3"",""tasks"":2,""started"":2,""wait"":6.0,""unstarted"":0},{""node"":""N4"",""tasks"":6,""started"":4,""wait"":32.75,""unstarted"":2},{""node"":""N5"",""tasks"":6,""started"":1,""wait"":48.0,""unstarted"":5},{""node"":""N6"",""tasks"":2,""started"":0,""wait"":null,""unstarted"":2},{""node"":""N7"",""tasks"":4,""started"":2,""wait"":16.5,""unstarted"":2},{""node"":""N8"",""tasks"":4,""started"":1,""wait"":22.0,""unstarted"":3}]"
3,0.35,8,medium,rolling,9,24,0.4,24.6,35.8,1096,10,38,30,142,2,12,0,1.5958824000117602,18,3,0.3201596806387226,1,"[{""node"":""N3"",""tasks"":2,""started"":2,""wait"":6.0,""unstarted"":0},{""node"":""N4"",""tasks"":6,""started"":4,""wait"":32.75,""unstarted"":2},{""node"":""N5"",""tasks"":6,""started"":1,""wait"":48.0,""unstarted"":5},{""node"":""N6"",""tasks"":2,""started"":0,""wait"":null,""unstarted"":2},{""node"":""N7"",""tasks"":4,""started"":2,""wait"":16.5,""unstarted"":2},{""node"":""N8"",""tasks"":4,""started"":1,""wait"":22.0,""unstarted"":3}]"
3,0.35,8,medium,rolling_forecast,10,24,0.4,22.0,32.8,1054,11,36,22,142,2,7,0,1.315869899961399,18,1,0.2682577565632458,1,"[{""node"":""N3"",""tasks"":2,""started"":2,""wait"":6.0,""unstarted"":0},{""node"":""N4"",""tasks"":6,""started"":4,""wait"":32.75,""unstarted"":2},{""node"":""N5"",""tasks"":6,""started"":1,""wait"":33.0,""unstarted"":5},{""node"":""N6"",""tasks"":2,""started"":0,""wait"":null,""unstarted"":2},{""node"":""N7"",""tasks"":4,""started"":2,""wait"":16.5,""unstarted"":2},{""node"":""N8"",""tasks"":4,""started"":2,""wait"":16.5,""unstarted"":2}]"
3,0.35,8,medium,static,3,24,0.1,15.333333333333334,15.0,168,3,52,0,84,0,0,0,0.0057499000104144216,1,0,0.21739130434782608,3,"[{""node"":""N3"",""tasks"":2,""started"":1,""wait"":8.0,""unstarted"":1},{""node"":""N4"",""tasks"":6,""started"":1,""wait"":15.0,""unstarted"":5},{""node"":""N5"",""tasks"":6,""started"":0,""wait"":null,""unstarted"":6},{""node"":""N6"",""tasks"":2,""started"":0,""wait"":null,""unstarted"":2},{""node"":""N7"",""tasks"":4,""started"":1,""wait"":23.0,""unstarted"":3},{""node"":""N8"",""tasks"":4,""started"":0,""wait"":null,""unstarted"":4}]"
3,0.5,11,high,greedy,15,36,0.4666666666666667,33.75,41.875,2290,16,53,142,206,16,14,0,0.11813850006728899,22,22,0.26809103576405013,1,"[{""node"":""N3"",""tasks"":3,""started"":3,""wait"":11.0,""unstarted"":0},{""node"":""N4"",""tasks"":9,""started"":5,""wait"":48.0,""unstarted"":4},{""node"":""N5"",""tasks"":9,""started"":3,""wait"":31.666666666666668,""unstarted"":6},{""node"":""N6"",""tasks"":3,""started"":0,""wait"":null,""unstarted"":3},{""node"":""N7"",""tasks"":6,""started"":4,""wait"":27.75,""unstarted"":2},{""node"":""N8"",""tasks"":6,""started"":1,""wait"":61.0,""unstarted"":5}]"
3,0.5,11,high,rolling,15,36,0.4666666666666667,33.625,41.875,2284,16,53,141,205,16,22,0,3.8814986999932444,22,16,0.2699580810433162,1,"[{""node"":""N3"",""tasks"":3,""started"":3,""wait"":11.0,""unstarted"":0},{""node"":""N4"",""tasks"":9,""started"":5,""wait"":48.0,""unstarted"":4},{""node"":""N5"",""tasks"":9,""started"":3,""wait"":31.666666666666668,""unstarted"":6},{""node"":""N6"",""tasks"":3,""started"":0,""wait"":null,""unstarted"":3},{""node"":""N7"",""tasks"":6,""started"":4,""wait"":27.25,""unstarted"":2},{""node"":""N8"",""tasks"":6,""started"":1,""wait"":61.0,""unstarted"":5}]"
3,0.5,11,high,rolling_forecast,15,36,0.4666666666666667,33.625,41.875,2284,16,53,141,205,15,19,0,3.1757084999699146,22,18,0.2699580810433162,1,"[{""node"":""N3"",""tasks"":3,""started"":3,""wait"":11.0,""unstarted"":0},{""node"":""N4"",""tasks"":9,""started"":5,""wait"":48.0,""unstarted"":4},{""node"":""N5"",""tasks"":9,""started"":3,""wait"":31.666666666666668,""unstarted"":6},{""node"":""N6"",""tasks"":3,""started"":0,""wait"":null,""unstarted"":3},{""node"":""N7"",""tasks"":6,""started"":4,""wait"":27.25,""unstarted"":2},{""node"":""N8"",""tasks"":6,""started"":1,""wait"":61.0,""unstarted"":5}]"
3,0.5,11,high,static,4,36,0.13333333333333333,15.75,16.0,253,4,78,0,128,0,0,0,0.08118120000290219,1,0,0.1865079365079365,2,"[{""node"":""N3"",""tasks"":3,""started"":1,""wait"":8.0,""unstarted"":2},{""node"":""N4"",""tasks"":9,""started"":1,""wait"":15.0,""unstarted"":8},{""node"":""N5"",""tasks"":9,""started"":1,""wait"":17.0,""unstarted"":8},{""node"":""N6"",""tasks"":3,""started"":0,""wait"":null,""unstarted"":3},{""node"":""N7"",""tasks"":6,""started"":1,""wait"":23.0,""unstarted"":5},{""node"":""N8"",""tasks"":6,""started"":0,""wait"":null,""unstarted"":6}]"
3,0.5,11,low,greedy,9,12,1.0,29.6,20.4,1092,10,7,38,252,0,2,0,0.006529700011014938,14,14,0.3333333333333333,1,"[{""node"":""N3"",""tasks"":1,""started"":1,""wait"":8.0,""unstarted"":0},{""node"":""N4"",""tasks"":3,""started"":3,""wait"":22.0,""unstarted"":0},{""node"":""N5"",""tasks"":3,""started"":2,""wait"":18.0,""unstarted"":1},{""node"":""N6"",""tasks"":1,""started"":0,""wait"":null,""unstarted"":1},{""node"":""N7"",""tasks"":2,""started"":2,""wait"":34.5,""unstarted"":0},{""node"":""N8"",""tasks"":2,""started"":2,""wait"":58.5,""unstarted"":0}]"
3,0.5,11,low,rolling,10,12,1.0,26.5,25.8,1053,10,5,6,250,0,0,0,0.14811880001798272,14,0,0.18387096774193548,1,"[{""node"":""N3"",""tasks"":1,""started"":1,""wait"":8.0,""unstarted"":0},{""node"":""N4"",""tasks"":3,""started"":3,""wait"":25.0,""unstarted"":0},{""node"":""N5"",""tasks"":3,""started"":2,""wait"":27.0,""unstarted"":1},{""node"":""N6"",""tasks"":1,""started"":0,""wait"":null,""unstarted"":1},{""node"":""N7"",""tasks"":2,""started"":2,""wait"":30.0,""unstarted"":0},{""node"":""N8"",""tasks"":2,""started"":2,""wait"":34.0,""unstarted"":0}]"
3,0.5,11,low,rolling_forecast,10,12,1.0,26.5,25.8,1053,10,5,6,250,0,0,0,0.19638499997381587,14,0,0.18387096774193548,1,"[{""node"":""N3"",""tasks"":1,""started"":1,""wait"":8.0,""unstarted"":0},{""node"":""N4"",""tasks"":3,""started"":3,""wait"":25.0,""unstarted"":0},{""node"":""N5"",""tasks"":3,""started"":2,""wait"":27.0,""unstarted"":1},{""node"":""N6"",""tasks"":1,""started"":0,""wait"":null,""unstarted"":1},{""node"":""N7"",""tasks"":2,""started"":2,""wait"":30.0,""unstarted"":0},{""node"":""N8"",""tasks"":2,""started"":2,""wait"":34.0,""unstarted"":0}]"
3,0.5,11,low,static,4,12,0.4,15.75,16.0,253,4,20,0,128,0,0,0,0.01520419999724254,1,0,0.1865079365079365,2,"[{""node"":""N3"",""tasks"":1,""started"":1,""wait"":8.0,""unstarted"":0},{""node"":""N4"",""tasks"":3,""started"":1,""wait"":15.0,""unstarted"":2},{""node"":""N5"",""tasks"":3,""started"":1,""wait"":17.0,""unstarted"":2},{""node"":""N6"",""tasks"":1,""started"":0,""wait"":null,""unstarted"":1},{""node"":""N7"",""tasks"":2,""started"":1,""wait"":23.0,""unstarted"":1},{""node"":""N8"",""tasks"":2,""started"":0,""wait"":null,""unstarted"":2}]"
3,0.5,11,medium,greedy,13,24,0.8,32.07142857142857,35.44444444444444,1985,14,26,105,218,14,8,0,0.0848608999804128,18,18,0.398501872659176,1,"[{""node"":""N3"",""tasks"":2,""started"":2,""wait"":6.0,""unstarted"":0},{""node"":""N4"",""tasks"":6,""started"":6,""wait"":35.833333333333336,""unstarted"":0},{""node"":""N5"",""tasks"":6,""started"":3,""wait"":34.666666666666664,""unstarted"":3},{""node"":""N6"",""tasks"":2,""started"":0,""wait"":null,""unstarted"":2},{""node"":""N7"",""tasks"":4,""started"":2,""wait"":16.5,""unstarted"":2},{""node"":""N8"",""tasks"":4,""started"":1,""wait"":85.0,""unstarted"":3}]"
3,0.5,11,medium,rolling,13,24,0.7,31.692307692307693,32.285714285714285,1688,13,27,98,220,10,17,0,2.8936242000199854,18,8,0.38290280616985695,1,"[{""node"":""N3"",""tasks"":2,""started"":2,""wait"":6.0,""unstarted"":0},{""node"":""N4"",""tasks"":6,""started"":5,""wait"":36.2,""unstarted"":1},{""node"":""N5"",""tasks"":6,""started"":2,""wait"":22.5,""unstarted"":4},{""node"":""N6"",""tasks"":2,""started"":0,""wait"":null,""unstarted"":2},{""node"":""N7"",""tasks"":4,""started"":3,""wait"":29.666666666666668,""unstarted"":1},{""node"":""N8"",""tasks"":4,""started"":1,""wait"":85.0,""unstarted"":3}]"
3,0.5,11,medium,rolling_forecast,13,24,0.8,32.6,33.77777777777778,2075,15,26,115,233,11,19,0,2.2998997999966377,18,8,0.3540807174887892,1,"[{""node"":""N3"",""tasks"":2,""started"":2,""wait"":6.0,""unstarted"":0},{""node"":""N4"",""tasks"":6,""started"":6,""wait"":35.833333333333336,""unstarted"":0},{""node"":""N5"",""tasks"":6,""started"":3,""wait"":29.666666666666668,""unstarted"":3},{""node"":""N6"",""tasks"":2,""started"":0,""wait"":null,""unstarted"":2},{""node"":""N7"",""tasks"":4,""started"":3,""wait"":29.333333333333332,""unstarted"":1},{""node"":""N8"",""tasks"":4,""started"":1,""wait"":85.0,""unstarted"":3}]"
3,0.5,11,medium,static,4,24,0.2,15.75,16.0,253,4,49,0,128,0,0,0,0.07588779999059625,1,0,0.1865079365079365,2,"[{""node"":""N3"",""tasks"":2,""started"":1,""wait"":8.0,""unstarted"":1},{""node"":""N4"",""tasks"":6,""started"":1,""wait"":15.0,""unstarted"":5},{""node"":""N5"",""tasks"":6,""started"":1,""wait"":17.0,""unstarted"":5},{""node"":""N6"",""tasks"":2,""started"":0,""wait"":null,""unstarted"":2},{""node"":""N7"",""tasks"":4,""started"":1,""wait"":23.0,""unstarted"":3},{""node"":""N8"",""tasks"":4,""started"":0,""wait"":null,""unstarted"":4}]"
3,0.75,18,high,greedy,23,36,0.6,29.32,39.27272727272727,2955,25,32,127,390,31,18,0,0.046177199998055585,22,22,0.25347985347985347,0,"[{""node"":""N3"",""tasks"":3,""started"":3,""wait"":7.666666666666667,""unstarted"":0},{""node"":""N4"",""tasks"":9,""started"":6,""wait"":40.0,""unstarted"":3},{""node"":""N5"",""tasks"":9,""started"":8,""wait"":37.5,""unstarted"":1},{""node"":""N6"",""tasks"":3,""started"":3,""wait"":18.0,""unstarted"":0},{""node"":""N7"",""tasks"":6,""started"":3,""wait"":19.0,""unstarted"":3},{""node"":""N8"",""tasks"":6,""started"":2,""wait"":29.5,""unstarted"":4}]"
3,0.75,18,high,rolling,21,36,0.6,30.76,31.90909090909091,3009,25,37,195,362,27,30,0,3.26806319996831,22,0,0.21547344110854505,1,"[{""node"":""N3"",""tasks"":3,""started"":3,""wait"":7.666666666666667,""unstarted"":0},{""node"":""N4"",""tasks"":9,""started"":8,""wait"":28.25,""unstarted"":1},{""node"":""N5"",""tasks"":9,""started"":6,""wait"":43.166666666666664,""unstarted"":3},{""node"":""N6"",""tasks"":3,""started"":0,""wait"":null,""unstarted"":3},{""node"":""N7"",""tasks"":6,""started"":4,""wait"":30.25,""unstarted"":2},{""node"":""N8"",""tasks"":6,""started"":4,""wait"":35.0,""unstarted"":2}]"
3,0.75,18,high,rolling_forecast,22,36,0.6666666666666666,29.076923076923077,35.53846153846154,3140,26,34,117,354,8,34,0,2.6430884999863338,22,8,0.3137348124669837,0,"[{""node"":""N3"",""tasks"":3,""started"":3,""wait"":7.666666666666667,""unstarted"":0},{""node"":""N4"",""tasks"":9,""started"":8,""wait"":34.75,""unstarted"":1},{""node"":""N5"",""tasks"":9,""started"":8,""wait"":42.875,""unstarted"":1},{""node"":""N6"",""tasks"":3,""started"":2,""wait"":13.0,""unstarted"":1},{""node"":""N7"",""tasks"":6,""started"":3,""wait"":19.666666666666668,""unstarted"":3},{""node"":""N8"",""tasks"":6,""started"":2,""wait"":13.5,""unstarted"":4}]"
3,0.75,18,high,static,4,36,0.13333333333333333,15.75,16.0,253,4,78,0,117,0,0,0,0.017531700010295026,1,0,0.1865079365079365,2,"[{""node"":""N3"",""tasks"":3,""started"":1,""wait"":8.0,""unstarted"":2},{""node"":""N4"",""tasks"":9,""started"":1,""wait"":15.0,""unstarted"":8},{""node"":""N5"",""tasks"":9,""started"":1,""wait"":17.0,""unstarted"":8},{""node"":""N6"",""tasks"":3,""started"":0,""wait"":null,""unstarted"":3},{""node"":""N7"",""tasks"":6,""started"":1,""wait"":23.0,""unstarted"":5},{""node"":""N8"",""tasks"":6,""started"":0,""wait"":null,""unstarted"":6}]"
3,0.75,18,low,greedy,12,12,1.0,19.0,18.0,826,12,0,0,309,0,0,0,0.012906499992823228,14,14,0.1651469098277609,0,"[{""node"":""N3"",""tasks"":1,""started"":1,""wait"":8.0,""unstarted"":0},{""node"":""N4"",""tasks"":3,""started"":3,""wait"":21.666666666666668,""unstarted"":0},{""node"":""N5"",""tasks"":3,""started"":3,""wait"":14.0,""unstarted"":0},{""node"":""N6"",""tasks"":1,""started"":1,""wait"":19.0,""unstarted"":0},{""node"":""N7"",""tasks"":2,""started"":2,""wait"":23.5,""unstarted"":0},{""node"":""N8"",""tasks"":2,""started"":2,""wait"":23.5,""unstarted"":0}]"
3,0.75,18,low,rolling,12,12,1.0,19.0,18.0,826,12,0,0,309,0,0,0,0.6975224999623606,14,0,0.1651469098277609,0,"[{""node"":""N3"",""tasks"":1,""started"":1,""wait"":8.0,""unstarted"":0},{""node"":""N4"",""tasks"":3,""started"":3,""wait"":21.666666666666668,""unstarted"":0},{""node"":""N5"",""tasks"":3,""started"":3,""wait"":14.0,""unstarted"":0},{""node"":""N6"",""tasks"":1,""started"":1,""wait"":19.0,""unstarted"":0},{""node"":""N7"",""tasks"":2,""started"":2,""wait"":23.5,""unstarted"":0},{""node"":""N8"",""tasks"":2,""started"":2,""wait"":23.5,""unstarted"":0}]"
3,0.75,18,low,rolling_forecast,12,12,1.0,17.166666666666668,18.0,772,12,0,0,330,0,0,0,0.603772700051195,14,0,0.16434378629500582,0,"[{""node"":""N3"",""tasks"":1,""started"":1,""wait"":8.0,""unstarted"":0},{""node"":""N4"",""tasks"":3,""started"":3,""wait"":21.666666666666668,""unstarted"":0},{""node"":""N5"",""tasks"":3,""started"":3,""wait"":14.0,""unstarted"":0},{""node"":""N6"",""tasks"":1,""started"":1,""wait"":13.0,""unstarted"":0},{""node"":""N7"",""tasks"":2,""started"":2,""wait"":20.0,""unstarted"":0},{""node"":""N8"",""tasks"":2,""started"":2,""wait"":19.0,""unstarted"":0}]"
3,0.75,18,low,static,4,12,0.4,15.75,16.0,253,4,20,0,117,0,0,0,0.110494499997003,1,0,0.1865079365079365,2,"[{""node"":""N3"",""tasks"":1,""started"":1,""wait"":8.0,""unstarted"":0},{""node"":""N4"",""tasks"":3,""started"":1,""wait"":15.0,""unstarted"":2},{""node"":""N5"",""tasks"":3,""started"":1,""wait"":17.0,""unstarted"":2},{""node"":""N6"",""tasks"":1,""started"":0,""wait"":null,""unstarted"":1},{""node"":""N7"",""tasks"":2,""started"":1,""wait"":23.0,""unstarted"":1},{""node"":""N8"",""tasks"":2,""started"":0,""wait"":null,""unstarted"":2}]"
3,0.75,18,medium,greedy,19,24,1.0,28.238095238095237,24.4,2267,21,10,93,338,9,9,0,0.09117369996965863,18,18,0.2838709677419355,1,"[{""node"":""N3"",""tasks"":2,""started"":2,""wait"":6.0,""unstarted"":0},{""node"":""N4"",""tasks"":6,""started"":6,""wait"":27.166666666666668,""unstarted"":0},{""node"":""N5"",""tasks"":6,""started"":6,""wait"":21.666666666666668,""unstarted"":0},{""node"":""N6"",""tasks"":2,""started"":0,""wait"":null,""unstarted"":2},{""node"":""N7"",""tasks"":4,""started"":3,""wait"":30.0,""unstarted"":1},{""node"":""N8"",""tasks"":4,""started"":4,""wait"":49.5,""unstarted"":0}]"
3,0.75,18,medium,rolling,22,24,1.0,23.772727272727273,24.4,2031,22,4,37,327,14,10,0,2.593341599989799,18,5,0.26720604099244877,0,"[{""node"":""N3"",""tasks"":2,""started"":2,""wait"":6.0,""unstarted"":0},{""node"":""N4"",""tasks"":6,""started"":6,""wait"":27.166666666666668,""unstarted"":0},{""node"":""N5"",""tasks"":6,""started"":6,""wait"":21.666666666666668,""unstarted"":0},{""node"":""N6"",""tasks"":2,""started"":1,""wait"":13.0,""unstarted"":1},{""node"":""N7"",""tasks"":4,""started"":4,""wait"":22.25,""unstarted"":0},{""node"":""N8"",""tasks"":4,""started"":3,""wait"":38.666666666666664,""unstarted"":1}]"
3,0.75,18,medium,rolling_forecast,23,24,0.9,22.708333333333332,26.5,2065,24,3,21,343,1,2,0,0.9593955000018468,18,1,0.2011723070117231,0,"[{""node"":""N3"",""tasks"":2,""started"":2,""wait"":6.0,""unstarted"":0},{""node"":""N4"",""tasks"":6,""started"":6,""wait"":26.5,""unstarted"":0},{""node"":""N5"",""tasks"":6,""started"":6,""wait"":25.833333333333332,""unstarted"":0},{""node"":""N6"",""tasks"":2,""started"":2,""wait"":25.0,""unstarted"":0},{""node"":""N7"",""tasks"":4,""started"":4,""wait"":13.75,""unstarted"":0},{""node"":""N8"",""tasks"":4,""started"":4,""wait"":28.5,""unstarted"":0}]"
3,0.75,18,medium,static,4,24,0.2,15.75,16.0,253,4,49,0,117,0,0,0,0.1580095999961486,1,0,0.1865079365079365,2,"[{""node"":""N3"",""tasks"":2,""started"":1,""wait"":8.0,""unstarted"":1},{""node"":""N4"",""tasks"":6,""started"":1,""wait"":15.0,""unstarted"":5},{""node"":""N5"",""tasks"":6,""started"":1,""wait"":17.0,""unstarted"":5},{""node"":""N6"",""tasks"":2,""started"":0,""wait"":null,""unstarted"":2},{""node"":""N7"",""tasks"":4,""started"":1,""wait"":23.0,""unstarted"":3},{""node"":""N8"",""tasks"":4,""started"":0,""wait"":null,""unstarted"":4}]"
3,1,26,high,greedy,27,36,0.8,28.93103448275862,34.142857142857146,3395,29,21,76,539,23,23,0,0.15143489999172743,22,22,0.2210134777601394,0,"[{""node"":""N3"",""tasks"":3,""started"":3,""wait"":7.666666666666667,""unstarted"":0},{""node"":""N4"",""tasks"":9,""started"":8,""wait"":35.625,""unstarted"":1},{""node"":""N5"",""tasks"":9,""started"":9,""wait"":33.44444444444444,""unstarted"":0},{""node"":""N6"",""tasks"":3,""started"":2,""wait"":19.5,""unstarted"":1},{""node"":""N7"",""tasks"":6,""started"":3,""wait"":19.0,""unstarted"":3},{""node"":""N8"",""tasks"":6,""started"":4,""wait"":33.5,""unstarted"":2}]"
3,1,26,high,rolling,27,36,0.8,28.93103448275862,34.142857142857146,3395,29,21,76,539,23,29,0,3.930759399998351,22,18,0.2210134777601394,0,"[{""node"":""N3"",""tasks"":3,""started"":3,""wait"":7.666666666666667,""unstarted"":0},{""node"":""N4"",""tasks"":9,""started"":8,""wait"":35.625,""unstarted"":1},{""node"":""N5"",""tasks"":9,""started"":9,""wait"":33.44444444444444,""unstarted"":0},{""node"":""N6"",""tasks"":3,""started"":2,""wait"":19.5,""unstarted"":1},{""node"":""N7"",""tasks"":6,""started"":3,""wait"":19.0,""unstarted"":3},{""node"":""N8"",""tasks"":6,""started"":4,""wait"":33.5,""unstarted"":2}]"
3,1,26,high,rolling_forecast,27,36,0.8,29.275862068965516,34.142857142857146,3425,29,21,76,523,23,31,0,3.3009761000139406,22,18,0.1979023959570128,0,"[{""node"":""N3"",""tasks"":3,""started"":3,""wait"":11.0,""unstarted"":0},{""node"":""N4"",""tasks"":9,""started"":8,""wait"":35.625,""unstarted"":1},{""node"":""N5"",""tasks"":9,""started"":9,""wait"":33.44444444444444,""unstarted"":0},{""node"":""N6"",""tasks"":3,""started"":2,""wait"":19.5,""unstarted"":1},{""node"":""N7"",""tasks"":6,""started"":3,""wait"":19.0,""unstarted"":3},{""node"":""N8"",""tasks"":6,""started"":4,""wait"":33.5,""unstarted"":2}]"
3,1,26,high,static,4,36,0.13333333333333333,15.75,16.0,253,4,78,0,117,0,0,0,0.1468289000040386,1,0,0.1865079365079365,2,"[{""node"":""N3"",""tasks"":3,""started"":1,""wait"":8.0,""unstarted"":2},{""node"":""N4"",""tasks"":9,""started"":1,""wait"":15.0,""unstarted"":8},{""node"":""N5"",""tasks"":9,""started"":1,""wait"":17.0,""unstarted"":8},{""node"":""N6"",""tasks"":3,""started"":0,""wait"":null,""unstarted"":3},{""node"":""N7"",""tasks"":6,""started"":1,""wait"":23.0,""unstarted"":5},{""node"":""N8"",""tasks"":6,""started"":0,""wait"":null,""unstarted"":6}]"
3,1,26,low,greedy,12,12,1.0,18.166666666666668,17.4,802,12,0,0,305,0,0,0,0.023509999955422245,14,14,0.1862425231103861,0,"[{""node"":""N3"",""tasks"":1,""started"":1,""wait"":8.0,""unstarted"":0},{""node"":""N4"",""tasks"":3,""started"":3,""wait"":20.666666666666668,""unstarted"":0},{""node"":""N5"",""tasks"":3,""started"":3,""wait"":14.0,""unstarted"":0},{""node"":""N6"",""tasks"":1,""started"":1,""wait"":13.0,""unstarted"":0},{""node"":""N7"",""tasks"":2,""started"":2,""wait"":23.0,""unstarted"":0},{""node"":""N8"",""tasks"":2,""started"":2,""wait"":23.5,""unstarted"":0}]"
3,1,26,low,rolling,12,12,1.0,18.166666666666668,17.4,802,12,0,0,305,0,0,0,0.4372801999998046,14,0,0.1862425231103861,0,"[{""node"":""N3"",""tasks"":1,""started"":1,""wait"":8.0,""unstarted"":0},{""node"":""N4"",""tasks"":3,""started"":3,""wait"":20.666666666666668,""unstarted"":0},{""node"":""N5"",""tasks"":3,""started"":3,""wait"":14.0,""unstarted"":0},{""node"":""N6"",""tasks"":1,""started"":1,""wait"":13.0,""unstarted"":0},{""node"":""N7"",""tasks"":2,""started"":2,""wait"":23.0,""unstarted"":0},{""node"":""N8"",""tasks"":2,""started"":2,""wait"":23.5,""unstarted"":0}]"
3,1,26,low,rolling_forecast,12,12,1.0,16.833333333333332,17.4,756,12,0,0,372,0,0,0,0.45665680000092834,14,0,0.16429418742586005,0,"[{""node"":""N3"",""tasks"":1,""started"":1,""wait"":8.0,""unstarted"":0},{""node"":""N4"",""tasks"":3,""started"":3,""wait"":20.666666666666668,""unstarted"":0},{""node"":""N5"",""tasks"":3,""started"":3,""wait"":14.0,""unstarted"":0},{""node"":""N6"",""tasks"":1,""started"":1,""wait"":12.0,""unstarted"":0},{""node"":""N7"",""tasks"":2,""started"":2,""wait"":20.0,""unstarted"":0},{""node"":""N8"",""tasks"":2,""started"":2,""wait"":19.0,""unstarted"":0}]"
3,1,26,low,static,4,12,0.4,15.75,16.0,253,4,20,0,117,0,0,0,0.10369009998976253,1,0,0.1865079365079365,2,"[{""node"":""N3"",""tasks"":1,""started"":1,""wait"":8.0,""unstarted"":0},{""node"":""N4"",""tasks"":3,""started"":1,""wait"":15.0,""unstarted"":2},{""node"":""N5"",""tasks"":3,""started"":1,""wait"":17.0,""unstarted"":2},{""node"":""N6"",""tasks"":1,""started"":0,""wait"":null,""unstarted"":1},{""node"":""N7"",""tasks"":2,""started"":1,""wait"":23.0,""unstarted"":1},{""node"":""N8"",""tasks"":2,""started"":0,""wait"":null,""unstarted"":2}]"
3,1,26,medium,greedy,24,24,1.0,20.541666666666668,18.5,1801,24,0,5,402,3,2,0,0.009989399972255342,18,18,0.24846021187484604,0,"[{""node"":""N3"",""tasks"":2,""started"":2,""wait"":6.0,""unstarted"":0},{""node"":""N4"",""tasks"":6,""started"":6,""wait"":18.833333333333332,""unstarted"":0},{""node"":""N5"",""tasks"":6,""started"":6,""wait"":20.166666666666668,""unstarted"":0},{""node"":""N6"",""tasks"":2,""started"":2,""wait"":12.0,""unstarted"":0},{""node"":""N7"",""tasks"":4,""started"":4,""wait"":23.0,""unstarted"":0},{""node"":""N8"",""tasks"":4,""started"":4,""wait"":32.75,""unstarted"":0}]"
3,1,26,medium,rolling,23,24,0.9,24.125,24.1,2171,24,3,30,400,1,17,0,2.0534291000367375,18,2,0.27943400302441135,0,"[{""node"":""N3"",""tasks"":2,""started"":2,""wait"":6.0,""unstarted"":0},{""node"":""N4"",""tasks"":6,""started"":6,""wait"":22.333333333333332,""unstarted"":0},{""node"":""N5"",""tasks"":6,""started"":6,""wait"":28.0,""unstarted"":0},{""node"":""N6"",""tasks"":2,""started"":2,""wait"":12.0,""unstarted"":0},{""node"":""N7"",""tasks"":4,""started"":4,""wait"":21.0,""unstarted"":0},{""node"":""N8"",""tasks"":4,""started"":4,""wait"":39.25,""unstarted"":0}]"
3,1,26,medium,rolling_forecast,24,24,1.0,18.708333333333332,20.1,1701,24,0,0,397,3,11,0,1.7091468000289751,18,2,0.16225165562913907,0,"[{""node"":""N3"",""tasks"":2,""started"":2,""wait"":8.5,""unstarted"":0},{""node"":""N4"",""tasks"":6,""started"":6,""wait"":21.166666666666668,""unstarted"":0},{""node"":""N5"",""tasks"":6,""started"":6,""wait"":22.5,""unstarted"":0},{""node"":""N6"",""tasks"":2,""started"":2,""wait"":12.0,""unstarted"":0},{""node"":""N7"",""tasks"":4,""started"":4,""wait"":18.5,""unstarted"":0},{""node"":""N8"",""tasks"":4,""started"":4,""wait"":18.0,""unstarted"":0}]"
3,1,26,medium,static,4,24,0.2,15.75,16.0,253,4,49,0,117,0,0,0,0.023742900011711754,1,0,0.1865079365079365,2,"[{""node"":""N3"",""tasks"":2,""started"":1,""wait"":8.0,""unstarted"":1},{""node"":""N4"",""tasks"":6,""started"":1,""wait"":15.0,""unstarted"":5},{""node"":""N5"",""tasks"":6,""started"":1,""wait"":17.0,""unstarted"":5},{""node"":""N6"",""tasks"":2,""started"":0,""wait"":null,""unstarted"":2},{""node"":""N7"",""tasks"":4,""started"":1,""wait"":23.0,""unstarted"":3},{""node"":""N8"",""tasks"":4,""started"":0,""wait"":null,""unstarted"":4}]"
4,0.35,8,high,greedy,12,36,0.26666666666666666,24.076923076923077,38.8,1327,13,62,53,112,4,3,0,0.04188849999627564,22,22,0.2702020202020202,2,"[{""node"":""N3"",""tasks"":3,""started"":3,""wait"":10.333333333333334,""unstarted"":0},{""node"":""N4"",""tasks"":9,""started"":5,""wait"":38.8,""unstarted"":4},{""node"":""N5"",""tasks"":9,""started"":0,""wait"":null,""unstarted"":9},{""node"":""N6"",""tasks"":3,""started"":0,""wait"":null,""unstarted"":3},{""node"":""N7"",""tasks"":6,""started"":3,""wait"":14.666666666666666,""unstarted"":3},{""node"":""N8"",""tasks"":6,""started"":2,""wait"":22.0,""unstarted"":4}]"
4,0.35,8,high,rolling,13,36,0.26666666666666666,23.714285714285715,32.25,1254,14,60,51,122,6,21,0,2.0267664000130026,22,1,0.18103448275862066,2,"[{""node"":""N3"",""tasks"":3,""started"":3,""wait"":10.333333333333334,""unstarted"":0},{""node"":""N4"",""tasks"":9,""started"":4,""wait"":32.25,""unstarted"":5},{""node"":""N5"",""tasks"":9,""started"":0,""wait"":null,""unstarted"":9},{""node"":""N6"",""tasks"":3,""started"":0,""wait"":null,""unstarted"":3},{""node"":""N7"",""tasks"":6,""started"":4,""wait"":24.25,""unstarted"":2},{""node"":""N8"",""tasks"":6,""started"":3,""wait"":25.0,""unstarted"":3}]"
4,0.35,8,high,rolling_forecast,12,36,0.26666666666666666,24.0,38.6,1322,13,62,64,112,10,33,0,1.876757899983204,22,3,0.2690809968847352,2,"[{""node"":""N3"",""tasks"":3,""started"":3,""wait"":10.333333333333334,""unstarted"":0},{""node"":""N4"",""tasks"":9,""started"":5,""wait"":38.6,""unstarted"":4},{""node"":""N5"",""tasks"":9,""started"":0,""wait"":null,""unstarted"":9},{""node"":""N6"",""tasks"":3,""started"":0,""wait"":null,""unstarted"":3},{""node"":""N7"",""tasks"":6,""started"":3,""wait"":14.666666666666666,""unstarted"":3},{""node"":""N8"",""tasks"":6,""started"":2,""wait"":22.0,""unstarted"":4}]"
4,0.35,8,high,static,3,36,0.06666666666666667,13.0,13.0,143,3,81,0,71,0,0,0,0.007597300005727448,1,0,0.23931623931623933,3,"[{""node"":""N3"",""tasks"":3,""started"":1,""wait"":6.0,""unstarted"":2},{""node"":""N4"",""tasks"":9,""started"":1,""wait"":13.0,""unstarted"":8},{""node"":""N5"",""tasks"":9,""started"":0,""wait"":null,""unstarted"":9},{""node"":""N6"",""tasks"":3,""started"":0,""wait"":null,""unstarted"":3},{""node"":""N7"",""tasks"":6,""started"":1,""wait"":20.0,""unstarted"":5},{""node"":""N8"",""tasks"":6,""started"":0,""wait"":null,""unstarted"":6}]"
4,0.35,8,low,greedy,7,12,0.6,30.285714285714285,15.0,726,7,13,61,123,1,1,0,0.008295800042105839,14,14,0.4817891373801917,1,"[{""node"":""N3"",""tasks"":1,""started"":1,""wait"":6.0,""unstarted"":0},{""node"":""N4"",""tasks"":3,""started"":2,""wait"":18.0,""unstarted"":1},{""node"":""N5"",""tasks"":3,""started"":1,""wait"":9.0,""unstarted"":2},{""node"":""N6"",""tasks"":1,""started"":0,""wait"":null,""unstarted"":1},{""node"":""N7"",""tasks"":2,""started"":2,""wait"":37.5,""unstarted"":0},{""node"":""N8"",""tasks"":2,""started"":1,""wait"":86.0,""unstarted"":1}]"
4,0.35,8,low,rolling,7,12,0.6,22.142857142857142,24.0,609,7,13,0,135,1,1,0,0.14591360003396403,14,0,0.2509090909090909,1,"[{""node"":""N3"",""tasks"":1,""started"":1,""wait"":6.0,""unstarted"":0},{""node"":""N4"",""tasks"":3,""started"":2,""wait"":18.0,""unstarted"":1},{""node"":""N5"",""tasks"":3,""started"":1,""wait"":36.0,""unstarted"":2},{""node"":""N6"",""tasks"":1,""started"":0,""wait"":null,""unstarted"":1},{""node"":""N7"",""tasks"":2,""started"":2,""wait"":27.0,""unstarted"":0},{""node"":""N8"",""tasks"":2,""started"":1,""wait"":23.0,""unstarted"":1}]"
4,0.35,8,low,rolling_forecast,7,12,0.6,22.142857142857142,24.0,609,7,13,0,135,1,1,0,0.14481660000456031,14,0,0.2509090909090909,1,"[{""node"":""N3"",""tasks"":1,""started"":1,""wait"":6.0,""unstarted"":0},{""node"":""N4"",""tasks"":3,""started"":2,""wait"":18.0,""unstarted"":1},{""node"":""N5"",""tasks"":3,""started"":1,""wait"":36.0,""unstarted"":2},{""node"":""N6"",""tasks"":1,""started"":0,""wait"":null,""unstarted"":1},{""node"":""N7"",""tasks"":2,""started"":2,""wait"":27.0,""unstarted"":0},{""node"":""N8"",""tasks"":2,""started"":1,""wait"":23.0,""unstarted"":1}]"
4,0.35,8,low,static,3,12,0.2,13.0,13.0,143,3,23,0,71,0,0,0,0.008607600000686944,1,0,0.23931623931623933,3,"[{""node"":""N3"",""tasks"":1,""started"":1,""wait"":6.0,""unstarted"":0},{""node"":""N4"",""tasks"":3,""started"":1,""wait"":13.0,""unstarted"":2},{""node"":""N5"",""tasks"":3,""started"":0,""wait"":null,""unstarted"":3},{""node"":""N6"",""tasks"":1,""started"":0,""wait"":null,""unstarted"":1},{""node"":""N7"",""tasks"":2,""started"":1,""wait"":20.0,""unstarted"":1},{""node"":""N8"",""tasks"":2,""started"":0,""wait"":null,""unstarted"":2}]"
4,0.35,8,medium,greedy,9,24,0.4,23.5,35.4,1059,10,38,31,126,2,1,0,0.02221289997396525,18,18,0.35390946502057613,1,"[{""node"":""N3"",""tasks"":2,""started"":2,""wait"":5.0,""unstarted"":0},{""node"":""N4"",""tasks"":6,""started"":4,""wait"":32.0,""unstarted"":2},{""node"":""N5"",""tasks"":6,""started"":1,""wait"":49.0,""unstarted"":5},{""node"":""N6"",""tasks"":2,""started"":0,""wait"":null,""unstarted"":2},{""node"":""N7"",""tasks"":4,""started"":2,""wait"":12.5,""unstarted"":2},{""node"":""N8"",""tasks"":4,""started"":1,""wait"":23.0,""unstarted"":3}]"
4,0.35,8,medium,rolling,9,24,0.4,20.5,29.4,909,10,38,22,126,4,9,0,0.9247396000137087,18,0,0.274,1,"[{""node"":""N3"",""tasks"":2,""started"":2,""wait"":5.0,""unstarted"":0},{""node"":""N4"",""tasks"":6,""started"":3,""wait"":28.0,""unstarted"":3},{""node"":""N5"",""tasks"":6,""started"":2,""wait"":31.5,""unstarted"":4},{""node"":""N6"",""tasks"":2,""started"":0,""wait"":null,""unstarted"":2},{""node"":""N7"",""tasks"":4,""started"":2,""wait"":12.5,""unstarted"":2},{""node"":""N8"",""tasks"":4,""started"":1,""wait"":23.0,""unstarted"":3}]"
4,0.35,8,medium,rolling_forecast,10,24,0.4,21.181818181818183,32.4,1023,11,36,22,126,10,11,0,0.9470466999919154,18,0,0.3054187192118227,1,"[{""node"":""N3"",""tasks"":2,""started"":2,""wait"":5.0,""unstarted"":0},{""node"":""N4"",""tasks"":6,""started"":4,""wait"":32.0,""unstarted"":2},{""node"":""N5"",""tasks"":6,""started"":1,""wait"":34.0,""unstarted"":5},{""node"":""N6"",""tasks"":2,""started"":0,""wait"":null,""unstarted"":2},{""node"":""N7"",""tasks"":4,""started"":2,""wait"":12.5,""unstarted"":2},{""node"":""N8"",""tasks"":4,""started"":2,""wait"":18.0,""unstarted"":2}]"
4,0.35,8,medium,static,3,24,0.1,13.0,13.0,143,3,52,0,71,0,0,0,0.015873999989707954,1,0,0.23931623931623933,3,"[{""node"":""N3"",""tasks"":2,""started"":1,""wait"":6.0,""unstarted"":1},{""node"":""N4"",""tasks"":6,""started"":1,""wait"":13.0,""unstarted"":5},{""node"":""N5"",""tasks"":6,""started"":0,""wait"":null,""unstarted"":6},{""node"":""N6"",""tasks"":2,""started"":0,""wait"":null,""unstarted"":2},{""node"":""N7"",""tasks"":4,""started"":1,""wait"":20.0,""unstarted"":3},{""node"":""N8"",""tasks"":4,""started"":0,""wait"":null,""unstarted"":4}]"
4,0.5,11,high,greedy,15,36,0.4666666666666667,31.5625,41.625,2181,16,53,125,198,16,16,0,0.10715119999076705,22,22,0.2356582573669705,1,"[{""node"":""N3"",""tasks"":3,""started"":3,""wait"":10.333333333333334,""unstarted"":0},{""node"":""N4"",""tasks"":9,""started"":5,""wait"":47.4,""unstarted"":4},{""node"":""N5"",""tasks"":9,""started"":3,""wait"":32.0,""unstarted"":6},{""node"":""N6"",""tasks"":3,""started"":0,""wait"":null,""unstarted"":3},{""node"":""N7"",""tasks"":6,""started"":4,""wait"":24.5,""unstarted"":2},{""node"":""N8"",""tasks"":6,""started"":1,""wait"":43.0,""unstarted"":5}]"
4,0.5,11,high,rolling,15,36,0.4666666666666667,33.11764705882353,41.375,2351,17,53,191,245,25,22,0,2.586015899971244,22,9,0.34280320906087774,1,"[{""node"":""N3"",""tasks"":3,""started"":3,""wait"":10.333333333333334,""unstarted"":0},{""node"":""N4"",""tasks"":9,""started"":4,""wait"":26.75,""unstarted"":5},{""node"":""N5"",""tasks"":9,""started"":4,""wait"":56.0,""unstarted"":5},{""node"":""N6"",""tasks"":3,""started"":0,""wait"":null,""unstarted"":3},{""node"":""N7"",""tasks"":6,""started"":4,""wait"":17.0,""unstarted"":2},{""node"":""N8"",""tasks"":6,""started"":2,""wait"":66.5,""unstarted"":4}]"
4,0.5,11,high,rolling_forecast,15,36,0.4666666666666667,32.4375,41.625,2223,16,53,125,198,17,25,0,3.130161600012798,22,16,0.2058060531192094,1,"[{""node"":""N3"",""tasks"":3,""started"":3,""wait"":15.0,""unstarted"":0},{""node"":""N4"",""tasks"":9,""started"":5,""wait"":47.4,""unstarted"":4},{""node"":""N5"",""tasks"":9,""started"":3,""wait"":32.0,""unstarted"":6},{""node"":""N6"",""tasks"":3,""started"":0,""wait"":null,""unstarted"":3},{""node"":""N7"",""tasks"":6,""started"":4,""wait"":24.5,""unstarted"":2},{""node"":""N8"",""tasks"":6,""started"":1,""wait"":43.0,""unstarted"":5}]"
4,0.5,11,high,static,4,36,0.13333333333333333,14.25,15.5,233,4,78,0,124,0,0,0,0.01105420000385493,1,0,0.20614035087719298,2,"[{""node"":""N3"",""tasks"":3,""started"":1,""wait"":6.0,""unstarted"":2},{""node"":""N4"",""tasks"":9,""started"":1,""wait"":13.0,""unstarted"":8},{""node"":""N5"",""tasks"":9,""started"":1,""wait"":18.0,""unstarted"":8},{""node"":""N6"",""tasks"":3,""started"":0,""wait"":null,""unstarted"":3},{""node"":""N7"",""tasks"":6,""started"":1,""wait"":20.0,""unstarted"":5},{""node"":""N8"",""tasks"":6,""started"":0,""wait"":null,""unstarted"":6}]"
4,0.5,11,low,greedy,9,12,1.0,26.5,18.6,981,10,7,27,230,2,2,0,0.02389760002552066,14,14,0.3462765957446809,1,"[{""node"":""N3"",""tasks"":1,""started"":1,""wait"":6.0,""unstarted"":0},{""node"":""N4"",""tasks"":3,""started"":3,""wait"":20.333333333333332,""unstarted"":0},{""node"":""N5"",""tasks"":3,""started"":2,""wait"":16.0,""unstarted"":1},{""node"":""N6"",""tasks"":1,""started"":0,""wait"":null,""unstarted"":1},{""node"":""N7"",""tasks"":2,""started"":2,""wait"":29.5,""unstarted"":0},{""node"":""N8"",""tasks"":2,""started"":2,""wait"":53.5,""unstarted"":0}]"
4,0.5,11,low,rolling,10,12,1.0,22.6,22.8,906,10,5,3,224,0,0,0,0.69677740005136,14,0,0.1799043062200957,1,"[{""node"":""N3"",""tasks"":1,""started"":1,""wait"":6.0,""unstarted"":0},{""node"":""N4"",""tasks"":3,""started"":3,""wait"":23.0,""unstarted"":0},{""node"":""N5"",""tasks"":3,""started"":2,""wait"":22.5,""unstarted"":1},{""node"":""N6"",""tasks"":1,""started"":0,""wait"":null,""unstarted"":1},{""node"":""N7"",""tasks"":2,""started"":2,""wait"":24.5,""unstarted"":0},{""node"":""N8"",""tasks"":2,""started"":2,""wait"":28.5,""unstarted"":0}]"
4,0.5,11,low,rolling_forecast,10,12,1.0,22.6,22.8,906,10,5,3,224,0,0,0,0.7507164000126068,14,0,0.1799043062200957,1,"[{""node"":""N3"",""tasks"":1,""started"":1,""wait"":6.0,""unstarted"":0},{""node"":""N4"",""tasks"":3,""started"":3,""wait"":23.0,""unstarted"":0},{""node"":""N5"",""tasks"":3,""started"":2,""wait"":22.5,""unstarted"":1},{""node"":""N6"",""tasks"":1,""started"":0,""wait"":null,""unstarted"":1},{""node"":""N7"",""tasks"":2,""started"":2,""wait"":24.5,""unstarted"":0},{""node"":""N8"",""tasks"":2,""started"":2,""wait"":28.5,""unstarted"":0}]"
4,0.5,11,low,static,4,12,0.4,14.25,15.5,233,4,20,0,124,0,0,0,0.07170079999195877,1,0,0.20614035087719298,2,"[{""node"":""N3"",""tasks"":1,""started"":1,""wait"":6.0,""unstarted"":0},{""node"":""N4"",""tasks"":3,""started"":1,""wait"":13.0,""unstarted"":2},{""node"":""N5"",""tasks"":3,""started"":1,""wait"":18.0,""unstarted"":2},{""node"":""N6"",""tasks"":1,""started"":0,""wait"":null,""unstarted"":1},{""node"":""N7"",""tasks"":2,""started"":1,""wait"":20.0,""unstarted"":1},{""node"":""N8"",""tasks"":2,""started"":0,""wait"":null,""unstarted"":2}]"
4,0.5,11,medium,greedy,13,24,0.8,26.142857142857142,34.22222222222222,1714,14,26,46,195,12,3,0,0.08479439999791794,18,18,0.2969135802469136,1,"[{""node"":""N3"",""tasks"":2,""started"":2,""wait"":5.0,""unstarted"":0},{""node"":""N4"",""tasks"":6,""started"":6,""wait"":35.166666666666664,""unstarted"":0},{""node"":""N5"",""tasks"":6,""started"":3,""wait"":32.333333333333336,""unstarted"":3},{""node"":""N6"",""tasks"":2,""started"":0,""wait"":null,""unstarted"":2},{""node"":""N7"",""tasks"":4,""started"":2,""wait"":12.5,""unstarted"":2},{""node"":""N8"",""tasks"":4,""started"":1,""wait"":23.0,""unstarted"":3}]"
4,0.5,11,medium,rolling,15,24,0.7,29.3125,35.75,1979,16,23,144,230,9,13,0,1.3453004000184592,18,0,0.36637168141592924,1,"[{""node"":""N3"",""tasks"":2,""started"":2,""wait"":5.0,""unstarted"":0},{""node"":""N4"",""tasks"":6,""started"":6,""wait"":27.5,""unstarted"":0},{""node"":""N5"",""tasks"":6,""started"":2,""wait"":60.5,""unstarted"":4},{""node"":""N6"",""tasks"":2,""started"":0,""wait"":null,""unstarted"":2},{""node"":""N7"",""tasks"":4,""started"":3,""wait"":15.333333333333334,""unstarted"":1},{""node"":""N8"",""tasks"":4,""started"":3,""wait"":42.333333333333336,""unstarted"":1}]"
4,0.5,11,medium,rolling_forecast,14,24,0.7,33.3125,37.625,2201,16,25,174,240,7,19,0,1.7485613000026206,18,7,0.30918690601900733,1,"[{""node"":""N3"",""tasks"":2,""started"":2,""wait"":5.0,""unstarted"":0},{""node"":""N4"",""tasks"":6,""started"":6,""wait"":35.833333333333336,""unstarted"":0},{""node"":""N5"",""tasks"":6,""started"":2,""wait"":43.0,""unstarted"":4},{""node"":""N6"",""tasks"":2,""started"":0,""wait"":null,""unstarted"":2},{""node"":""N7"",""tasks"":4,""started"":3,""wait"":19.666666666666668,""unstarted"":1},{""node"":""N8"",""tasks"":4,""started"":3,""wait"":54.333333333333336,""unstarted"":1}]"
4,0.5,11,medium,static,4,24,0.2,14.25,15.5,233,4,49,0,124,0,0,0,0.06484409999393392,1,0,0.20614035087719298,2,"[{""node"":""N3"",""tasks"":2,""started"":1,""wait"":6.0,""unstarted"":1},{""node"":""N4"",""tasks"":6,""started"":1,""wait"":13.0,""unstarted"":5},{""node"":""N5"",""tasks"":6,""started"":1,""wait"":18.0,""unstarted"":5},{""node"":""N6"",""tasks"":2,""started"":0,""wait"":null,""unstarted"":2},{""node"":""N7"",""tasks"":4,""started"":1,""wait"":20.0,""unstarted"":3},{""node"":""N8"",""tasks"":4,""started"":0,""wait"":null,""unstarted"":4}]"
4,0.75,18,high,greedy,23,36,0.6,29.153846153846153,39.75,3124,26,32,138,357,23,14,0,0.2137319999601459,22,22,0.291529334212261,0,"[{""node"":""N3"",""tasks"":3,""started"":3,""wait"":6.333333333333333,""unstarted"":0},{""node"":""N4"",""tasks"":9,""started"":7,""wait"":41.142857142857146,""unstarted"":2},{""node"":""N5"",""tasks"":9,""started"":8,""wait"":37.5,""unstarted"":1},{""node"":""N6"",""tasks"":3,""started"":3,""wait"":17.333333333333332,""unstarted"":0},{""node"":""N7"",""tasks"":6,""started"":3,""wait"":14.666666666666666,""unstarted"":3},{""node"":""N8"",""tasks"":6,""started"":2,""wait"":27.5,""unstarted"":4}]"
4,0.75,18,high,rolling,24,36,0.7333333333333333,26.807692307692307,33.61538461538461,2861,26,28,85,339,16,24,0,3.8030825999740046,22,10,0.2668639053254438,0,"[{""node"":""N3"",""tasks"":3,""started"":3,""wait"":6.333333333333333,""unstarted"":0},{""node"":""N4"",""tasks"":9,""started"":8,""wait"":31.5,""unstarted"":1},{""node"":""N5"",""tasks"":9,""started"":8,""wait"":37.0,""unstarted"":1},{""node"":""N6"",""tasks"":3,""started"":3,""wait"":17.333333333333332,""unstarted"":0},{""node"":""N7"",""tasks"":6,""started"":3,""wait"":14.666666666666666,""unstarted"":3},{""node"":""N8"",""tasks"":6,""started"":1,""wait"":34.0,""unstarted"":5}]"
4,0.75,18,high,rolling_forecast,22,36,0.6,29.68,41.333333333333336,3104,25,34,140,323,30,21,0,3.323666600001161,22,18,0.31719209384915437,0,"[{""node"":""N3"",""tasks"":3,""started"":3,""wait"":6.333333333333333,""unstarted"":0},{""node"":""N4"",""tasks"":9,""started"":7,""wait"":43.57142857142857,""unstarted"":2},{""node"":""N5"",""tasks"":9,""started"":8,""wait"":37.75,""unstarted"":1},{""node"":""N6"",""tasks"":3,""started"":3,""wait"":19.0,""unstarted"":0},{""node"":""N7"",""tasks"":6,""started"":3,""wait"":14.666666666666666,""unstarted"":3},{""node"":""N8"",""tasks"":6,""started"":1,""wait"":15.0,""unstarted"":5}]"
4,0.75,18,high,static,4,36,0.13333333333333333,14.25,15.5,233,4,78,0,121,0,0,0,0.1520850000088103,1,0,0.20614035087719298,2,"[{""node"":""N3"",""tasks"":3,""started"":1,""wait"":6.0,""unstarted"":2},{""node"":""N4"",""tasks"":9,""started"":1,""wait"":13.0,""unstarted"":8},{""node"":""N5"",""tasks"":9,""started"":1,""wait"":18.0,""unstarted"":8},{""node"":""N6"",""tasks"":3,""started"":0,""wait"":null,""unstarted"":3},{""node"":""N7"",""tasks"":6,""started"":1,""wait"":20.0,""unstarted"":5},{""node"":""N8"",""tasks"":6,""started"":0,""wait"":null,""unstarted"":6}]"
4,0.75,18,low,greedy,12,12,1.0,17.416666666666668,17.2,769,12,0,0,291,0,0,0,0.004590399999869987,14,14,0.17235494880546076,0,"[{""node"":""N3"",""tasks"":1,""started"":1,""wait"":6.0,""unstarted"":0},{""node"":""N4"",""tasks"":3,""started"":3,""wait"":19.666666666666668,""unstarted"":0},{""node"":""N5"",""tasks"":3,""started"":3,""wait"":15.0,""unstarted"":0},{""node"":""N6"",""tasks"":1,""started"":1,""wait"":15.0,""unstarted"":0},{""node"":""N7"",""tasks"":2,""started"":2,""wait"":19.5,""unstarted"":0},{""node"":""N8"",""tasks"":2,""started"":2,""wait"":22.5,""unstarted"":0}]"
4,0.75,18,low,rolling,12,12,1.0,17.416666666666668,17.2,769,12,0,0,291,0,0,0,0.11510410001210403,14,0,0.17235494880546076,0,"[{""node"":""N3"",""tasks"":1,""started"":1,""wait"":6.0,""unstarted"":0},{""node"":""N4"",""tasks"":3,""started"":3,""wait"":19.666666666666668,""unstarted"":0},{""node"":""N5"",""tasks"":3,""started"":3,""wait"":15.0,""unstarted"":0},{""node"":""N6"",""tasks"":1,""started"":1,""wait"":15.0,""unstarted"":0},{""node"":""N7"",""tasks"":2,""started"":2,""wait"":19.5,""unstarted"":0},{""node"":""N8"",""tasks"":2,""started"":2,""wait"":22.5,""unstarted"":0}]"
4,0.75,18,low,rolling_forecast,12,12,1.0,15.666666666666666,17.2,714,12,0,0,322,0,0,0,0.14588120000553317,14,0,0.17579908675799089,0,"[{""node"":""N3"",""tasks"":1,""started"":1,""wait"":6.0,""unstarted"":0},{""node"":""N4"",""tasks"":3,""started"":3,""wait"":19.666666666666668,""unstarted"":0},{""node"":""N5"",""tasks"":3,""started"":3,""wait"":15.0,""unstarted"":0},{""node"":""N6"",""tasks"":1,""started"":1,""wait"":11.0,""unstarted"":0},{""node"":""N7"",""tasks"":2,""started"":2,""wait"":15.5,""unstarted"":0},{""node"":""N8"",""tasks"":2,""started"":2,""wait"":18.0,""unstarted"":0}]"
4,0.75,18,low,static,4,12,0.4,14.25,15.5,233,4,20,0,121,0,0,0,0.025691599992569536,1,0,0.20614035087719298,2,"[{""node"":""N3"",""tasks"":1,""started"":1,""wait"":6.0,""unstarted"":0},{""node"":""N4"",""tasks"":3,""started"":1,""wait"":13.0,""unstarted"":2},{""node"":""N5"",""tasks"":3,""started"":1,""wait"":18.0,""unstarted"":2},{""node"":""N6"",""tasks"":1,""started"":0,""wait"":null,""unstarted"":1},{""node"":""N7"",""tasks"":2,""started"":1,""wait"":20.0,""unstarted"":1},{""node"":""N8"",""tasks"":2,""started"":0,""wait"":null,""unstarted"":2}]"
4,0.75,18,medium,greedy,19,24,1.0,28.80952380952381,22.3,2261,21,10,106,289,14,6,0,0.016435200028354302,18,18,0.3352839931153185,1,"[{""node"":""N3"",""tasks"":2,""started"":2,""wait"":5.0,""unstarted"":0},{""node"":""N4"",""tasks"":6,""started"":6,""wait"":25.5,""unstarted"":0},{""node"":""N5"",""tasks"":6,""started"":6,""wait"":20.833333333333332,""unstarted"":0},{""node"":""N6"",""tasks"":2,""started"":0,""wait"":null,""unstarted"":2},{""node"":""N7"",""tasks"":4,""started"":4,""wait"":35.25,""unstarted"":0},{""node"":""N8"",""tasks"":4,""started"":3,""wait"":58.666666666666664,""unstarted"":1}]"
4,0.75,18,medium,rolling,21,24,1.0,21.238095238095237,21.4,1766,21,6,33,319,3,6,0,1.7762407999834977,18,0,0.2709030100334449,1,"[{""node"":""N3"",""tasks"":2,""started"":2,""wait"":5.0,""unstarted"":0},{""node"":""N4"",""tasks"":6,""started"":6,""wait"":16.0,""unstarted"":0},{""node"":""N5"",""tasks"":6,""started"":6,""wait"":28.833333333333332,""unstarted"":0},{""node"":""N6"",""tasks"":2,""started"":0,""wait"":null,""unstarted"":2},{""node"":""N7"",""tasks"":4,""started"":4,""wait"":17.5,""unstarted"":0},{""node"":""N8"",""tasks"":4,""started"":3,""wait"":32.333333333333336,""unstarted"":1}]"
4,0.75,18,medium,rolling_forecast,19,24,1.0,26.9,25.2,2118,20,10,75,327,13,16,0,2.5945245000330033,18,11,0.2664955070603337,1,"[{""node"":""N3"",""tasks"":2,""started"":2,""wait"":5.0,""unstarted"":0},{""node"":""N4"",""tasks"":6,""started"":6,""wait"":29.166666666666668,""unstarted"":0},{""node"":""N5"",""tasks"":6,""started"":6,""wait"":22.0,""unstarted"":0},{""node"":""N6"",""tasks"":2,""started"":0,""wait"":null,""unstarted"":2},{""node"":""N7"",""tasks"":4,""started"":3,""wait"":29.0,""unstarted"":1},{""node"":""N8"",""tasks"":4,""started"":3,""wait"":44.666666666666664,""unstarted"":1}]"
4,0.75,18,medium,static,4,24,0.2,14.25,15.5,233,4,49,0,121,0,0,0,0.02591180001036264,1,0,0.20614035087719298,2,"[{""node"":""N3"",""tasks"":2,""started"":1,""wait"":6.0,""unstarted"":1},{""node"":""N4"",""tasks"":6,""started"":1,""wait"":13.0,""unstarted"":5},{""node"":""N5"",""tasks"":6,""started"":1,""wait"":18.0,""unstarted"":5},{""node"":""N6"",""tasks"":2,""started"":0,""wait"":null,""unstarted"":2},{""node"":""N7"",""tasks"":4,""started"":1,""wait"":20.0,""unstarted"":3},{""node"":""N8"",""tasks"":4,""started"":0,""wait"":null,""unstarted"":4}]"
4,1,26,high,greedy,26,36,0.8,28.0,34.57142857142857,3254,28,23,84,479,38,23,0,0.26348439998400863,22,22,0.2665798437186935,0,"[{""node"":""N3"",""tasks"":3,""started"":3,""wait"":6.333333333333333,""unstarted"":0},{""node"":""N4"",""tasks"":9,""started"":8,""wait"":36.25,""unstarted"":1},{""node"":""N5"",""tasks"":9,""started"":9,""wait"":33.888888888888886,""unstarted"":0},{""node"":""N6"",""tasks"":3,""started"":2,""wait"":16.5,""unstarted"":1},{""node"":""N7"",""tasks"":6,""started"":3,""wait"":14.666666666666666,""unstarted"":3},{""node"":""N8"",""tasks"":6,""started"":3,""wait"":31.0,""unstarted"":3}]"
4,1,26,high,rolling,30,36,0.8,26.5,28.615384615384617,3166,32,16,64,471,18,23,0,3.2153886999876704,22,0,0.18233194527067223,0,"[{""node"":""N3"",""tasks"":3,""started"":3,""wait"":6.333333333333333,""unstarted"":0},{""node"":""N4"",""tasks"":9,""started"":8,""wait"":26.875,""unstarted"":1},{""node"":""N5"",""tasks"":9,""started"":7,""wait"":34.714285714285715,""unstarted"":2},{""node"":""N6"",""tasks"":3,""started"":2,""wait"":30.5,""unstarted"":1},{""node"":""N7"",""tasks"":6,""started"":6,""wait"":23.5,""unstarted"":0},{""node"":""N8"",""tasks"":6,""started"":6,""wait"":28.166666666666668,""unstarted"":0}]"
4,1,26,high,rolling_forecast,27,36,0.8666666666666667,27.833333333333332,32.53333333333333,3383,30,21,112,453,39,59,0,2.7430112999572884,22,7,0.24616513271975463,0,"[{""node"":""N3"",""tasks"":3,""started"":3,""wait"":6.333333333333333,""unstarted"":0},{""node"":""N4"",""tasks"":9,""started"":9,""wait"":33.55555555555556,""unstarted"":0},{""node"":""N5"",""tasks"":9,""started"":9,""wait"":37.111111111111114,""unstarted"":0},{""node"":""N6"",""tasks"":3,""started"":2,""wait"":24.5,""unstarted"":1},{""node"":""N7"",""tasks"":6,""started"":3,""wait"":18.333333333333332,""unstarted"":3},{""node"":""N8"",""tasks"":6,""started"":4,""wait"":19.0,""unstarted"":2}]"
4,1,26,high,static,4,36,0.13333333333333333,14.25,15.5,233,4,78,0,121,0,0,0,0.1460330999980215,1,0,0.20614035087719298,2,"[{""node"":""N3"",""tasks"":3,""started"":1,""wait"":6.0,""unstarted"":2},{""node"":""N4"",""tasks"":9,""started"":1,""wait"":13.0,""unstarted"":8},{""node"":""N5"",""tasks"":9,""started"":1,""wait"":18.0,""unstarted"":8},{""node"":""N6"",""tasks"":3,""started"":0,""wait"":null,""unstarted"":3},{""node"":""N7"",""tasks"":6,""started"":1,""wait"":20.0,""unstarted"":5},{""node"":""N8"",""tasks"":6,""started"":0,""wait"":null,""unstarted"":6}]"
4,1,26,low,greedy,12,12,1.0,17.0,17.0,760,12,0,0,293,0,0,0,0.06393979997665156,14,14,0.20059523809523805,0,"[{""node"":""N3"",""tasks"":1,""started"":1,""wait"":6.0,""unstarted"":0},{""node"":""N4"",""tasks"":3,""started"":3,""wait"":19.333333333333332,""unstarted"":0},{""node"":""N5"",""tasks"":3,""started"":3,""wait"":15.0,""unstarted"":0},{""node"":""N6"",""tasks"":1,""started"":1,""wait"":11.0,""unstarted"":0},{""node"":""N7"",""tasks"":2,""started"":2,""wait"":19.5,""unstarted"":0},{""node"":""N8"",""tasks"":2,""started"":2,""wait"":22.5,""unstarted"":0}]"
4,1,26,low,rolling,12,12,1.0,17.0,17.0,760,12,0,0,293,0,0,0,0.8397206000081496,14,0,0.20059523809523805,0,"[{""node"":""N3"",""tasks"":1,""started"":1,""wait"":6.0,""unstarted"":0},{""node"":""N4"",""tasks"":3,""started"":3,""wait"":19.333333333333332,""unstarted"":0},{""node"":""N5"",""tasks"":3,""started"":3,""wait"":15.0,""unstarted"":0},{""node"":""N6"",""tasks"":1,""started"":1,""wait"":11.0,""unstarted"":0},{""node"":""N7"",""tasks"":2,""started"":2,""wait"":19.5,""unstarted"":0},{""node"":""N8"",""tasks"":2,""started"":2,""wait"":22.5,""unstarted"":0}]"
4,1,26,low,rolling_forecast,12,12,1.0,15.5,17.0,708,12,0,0,359,0,0,0,0.7100210000062361,14,0,0.18124585818422795,0,"[{""node"":""N3"",""tasks"":1,""started"":1,""wait"":6.0,""unstarted"":0},{""node"":""N4"",""tasks"":3,""started"":3,""wait"":19.333333333333332,""unstarted"":0},{""node"":""N5"",""tasks"":3,""started"":3,""wait"":15.0,""unstarted"":0},{""node"":""N6"",""tasks"":1,""started"":1,""wait"":10.0,""unstarted"":0},{""node"":""N7"",""tasks"":2,""started"":2,""wait"":15.5,""unstarted"":0},{""node"":""N8"",""tasks"":2,""started"":2,""wait"":18.0,""unstarted"":0}]"
4,1,26,low,static,4,12,0.4,14.25,15.5,233,4,20,0,121,0,0,0,0.1487584999995306,1,0,0.20614035087719298,2,"[{""node"":""N3"",""tasks"":1,""started"":1,""wait"":6.0,""unstarted"":0},{""node"":""N4"",""tasks"":3,""started"":1,""wait"":13.0,""unstarted"":2},{""node"":""N5"",""tasks"":3,""started"":1,""wait"":18.0,""unstarted"":2},{""node"":""N6"",""tasks"":1,""started"":0,""wait"":null,""unstarted"":1},{""node"":""N7"",""tasks"":2,""started"":1,""wait"":20.0,""unstarted"":1},{""node"":""N8"",""tasks"":2,""started"":0,""wait"":null,""unstarted"":2}]"
4,1,26,medium,greedy,24,24,1.0,19.916666666666668,18.0,1752,24,0,18,410,1,4,0,0.047224900030414574,18,18,0.2703818369453045,0,"[{""node"":""N3"",""tasks"":2,""started"":2,""wait"":5.0,""unstarted"":0},{""node"":""N4"",""tasks"":6,""started"":6,""wait"":18.333333333333332,""unstarted"":0},{""node"":""N5"",""tasks"":6,""started"":6,""wait"":20.833333333333332,""unstarted"":0},{""node"":""N6"",""tasks"":2,""started"":2,""wait"":10.5,""unstarted"":0},{""node"":""N7"",""tasks"":4,""started"":4,""wait"":19.5,""unstarted"":0},{""node"":""N8"",""tasks"":4,""started"":4,""wait"":33.5,""unstarted"":0}]"
4,1,26,medium,rolling,24,24,1.0,19.916666666666668,18.0,1752,24,0,18,410,0,12,0,2.4082053000165615,18,8,0.2703818369453045,0,"[{""node"":""N3"",""tasks"":2,""started"":2,""wait"":5.0,""unstarted"":0},{""node"":""N4"",""tasks"":6,""started"":6,""wait"":18.333333333333332,""unstarted"":0},{""node"":""N5"",""tasks"":6,""started"":6,""wait"":20.833333333333332,""unstarted"":0},{""node"":""N6"",""tasks"":2,""started"":2,""wait"":10.5,""unstarted"":0},{""node"":""N7"",""tasks"":4,""started"":4,""wait"":19.5,""unstarted"":0},{""node"":""N8"",""tasks"":4,""started"":4,""wait"":33.5,""unstarted"":0}]"
4,1,26,medium,rolling_forecast,24,24,1.0,19.916666666666668,18.0,1752,24,0,18,410,2,12,0,1.983208100005868,18,9,0.2703818369453045,0,"[{""node"":""N3"",""tasks"":2,""started"":2,""wait"":5.0,""unstarted"":0},{""node"":""N4"",""tasks"":6,""started"":6,""wait"":18.333333333333332,""unstarted"":0},{""node"":""N5"",""tasks"":6,""started"":6,""wait"":20.833333333333332,""unstarted"":0},{""node"":""N6"",""tasks"":2,""started"":2,""wait"":10.5,""unstarted"":0},{""node"":""N7"",""tasks"":4,""started"":4,""wait"":19.5,""unstarted"":0},{""node"":""N8"",""tasks"":4,""started"":4,""wait"":33.5,""unstarted"":0}]"
4,1,26,medium,static,4,24,0.2,14.25,15.5,233,4,49,0,121,0,0,0,0.14276010000321548,1,0,0.20614035087719298,2,"[{""node"":""N3"",""tasks"":2,""started"":1,""wait"":6.0,""unstarted"":1},{""node"":""N4"",""tasks"":6,""started"":1,""wait"":13.0,""unstarted"":5},{""node"":""N5"",""tasks"":6,""started"":1,""wait"":18.0,""unstarted"":5},{""node"":""N6"",""tasks"":2,""started"":0,""wait"":null,""unstarted"":2},{""node"":""N7"",""tasks"":4,""started"":1,""wait"":20.0,""unstarted"":3},{""node"":""N8"",""tasks"":4,""started"":0,""wait"":null,""unstarted"":4}]"
5,0.35,8,high,greedy,12,36,0.3333333333333333,26.23076923076923,36.333333333333336,1459,13,61,40,139,1,2,0,0.04150959994876757,22,22,0.2820861678004534,1,"[{""node"":""N3"",""tasks"":3,""started"":3,""wait"":11.333333333333334,""unstarted"":0},{""node"":""N4"",""tasks"":9,""started"":5,""wait"":32.0,""unstarted"":4},{""node"":""N5"",""tasks"":9,""started"":1,""wait"":58.0,""unstarted"":8},{""node"":""N6"",""tasks"":3,""started"":0,""wait"":null,""unstarted"":3},{""node"":""N7"",""tasks"":6,""started"":3,""wait"":21.666666666666668,""unstarted"":3},{""node"":""N8"",""tasks"":6,""started"":1,""wait"":24.0,""unstarted"":5}]"
5,0.35,8,high,rolling,14,36,0.3333333333333333,24.357142857142858,34.6,1369,14,57,52,130,10,24,0,1.974042899964843,22,0,0.19628403237674757,2,"[{""node"":""N3"",""tasks"":3,""started"":3,""wait"":11.333333333333334,""unstarted"":0},{""node"":""N4"",""tasks"":9,""started"":5,""wait"":34.6,""unstarted"":4},{""node"":""N5"",""tasks"":9,""started"":0,""wait"":null,""unstarted"":9},{""node"":""N6"",""tasks"":3,""started"":0,""wait"":null,""unstarted"":3},{""node"":""N7"",""tasks"":6,""started"":3,""wait"":21.666666666666668,""unstarted"":3},{""node"":""N8"",""tasks"":6,""started"":3,""wait"":23.0,""unstarted"":3}]"
5,0.35,8,high,rolling_forecast,12,36,0.2,24.916666666666668,18.666666666666668,1009,12,63,50,153,11,15,0,1.6539514000032796,22,0,0.2992686682063125,2,"[{""node"":""N3"",""tasks"":3,""started"":3,""wait"":11.333333333333334,""unstarted"":0},{""node"":""N4"",""tasks"":9,""started"":3,""wait"":18.666666666666668,""unstarted"":6},{""node"":""N5"",""tasks"":9,""started"":0,""wait"":null,""unstarted"":9},{""node"":""N6"",""tasks"":3,""started"":0,""wait"":null,""unstarted"":3},{""node"":""N7"",""tasks"":6,""started"":4,""wait"":26.25,""unstarted"":2},{""node"":""N8"",""tasks"":6,""started"":2,""wait"":52.0,""unstarted"":4}]"
5,0.35,8,high,static,3,36,0.06666666666666667,16.333333333333332,15.0,177,3,81,0,87,0,0,0,0.005807299996376969,1,0,0.21768707482993196,3,"[{""node"":""N3"",""tasks"":3,""started"":1,""wait"":9.0,""unstarted"":2},{""node"":""N4"",""tasks"":9,""started"":1,""wait"":15.0,""unstarted"":8},{""node"":""N5"",""tasks"":9,""started"":0,""wait"":null,""unstarted"":9},{""node"":""N6"",""tasks"":3,""started"":0,""wait"":null,""unstarted"":3},{""node"":""N7"",""tasks"":6,""started"":1,""wait"":25.0,""unstarted"":5},{""node"":""N8"",""tasks"":6,""started"":0,""wait"":null,""unstarted"":6}]"
5,0.35,8,low,greedy,7,12,0.6,29.75,19.0,828,8,13,43,165,1,2,0,0.008017699990887195,14,14,0.3416058394160584,1,"[{""node"":""N3"",""tasks"":1,""started"":1,""wait"":9.0,""unstarted"":0},{""node"":""N4"",""tasks"":3,""started"":2,""wait"":15.0,""unstarted"":1},{""node"":""N5"",""tasks"":3,""started"":1,""wait"":27.0,""unstarted"":2},{""node"":""N6"",""tasks"":1,""started"":0,""wait"":null,""unstarted"":1},{""node"":""N7"",""tasks"":2,""started"":2,""wait"":24.5,""unstarted"":0},{""node"":""N8"",""tasks"":2,""started"":2,""wait"":61.5,""unstarted"":0}]"
5,0.35,8,low,rolling,7,12,0.6,19.428571428571427,19.0,522,7,13,0,150,0,2,0,0.1331581999984337,14,0,0.18860103626943006,1,"[{""node"":""N3"",""tasks"":1,""started"":1,""wait"":9.0,""unstarted"":0},{""node"":""N4"",""tasks"":3,""started"":2,""wait"":15.0,""unstarted"":1},{""node"":""N5"",""tasks"":3,""started"":1,""wait"":27.0,""unstarted"":2},{""node"":""N6"",""tasks"":1,""started"":0,""wait"":null,""unstarted"":1},{""node"":""N7"",""tasks"":2,""started"":2,""wait"":24.5,""unstarted"":0},{""node"":""N8"",""tasks"":2,""started"":1,""wait"":21.0,""unstarted"":1}]"
5,0.35,8,low,rolling_forecast,7,12,0.6,19.428571428571427,19.0,522,7,13,0,150,0,2,0,0.12945140003284905,14,0,0.18860103626943006,1,"[{""node"":""N3"",""tasks"":1,""started"":1,""wait"":9.0,""unstarted"":0},{""node"":""N4"",""tasks"":3,""started"":2,""wait"":15.0,""unstarted"":1},{""node"":""N5"",""tasks"":3,""started"":1,""wait"":27.0,""unstarted"":2},{""node"":""N6"",""tasks"":1,""started"":0,""wait"":null,""unstarted"":1},{""node"":""N7"",""tasks"":2,""started"":2,""wait"":24.5,""unstarted"":0},{""node"":""N8"",""tasks"":2,""started"":1,""wait"":21.0,""unstarted"":1}]"
5,0.35,8,low,static,3,12,0.2,16.333333333333332,15.0,177,3,23,0,87,0,0,0,0.006082200008677319,1,0,0.21768707482993196,3,"[{""node"":""N3"",""tasks"":1,""started"":1,""wait"":9.0,""unstarted"":0},{""node"":""N4"",""tasks"":3,""started"":1,""wait"":15.0,""unstarted"":2},{""node"":""N5"",""tasks"":3,""started"":0,""wait"":null,""unstarted"":3},{""node"":""N6"",""tasks"":1,""started"":0,""wait"":null,""unstarted"":1},{""node"":""N7"",""tasks"":2,""started"":1,""wait"":25.0,""unstarted"":1},{""node"":""N8"",""tasks"":2,""started"":0,""wait"":null,""unstarted"":2}]"
5,0.35,8,medium,greedy,10,24,0.5,23.181818181818183,30.5,1131,11,35,9,139,0,2,0,0.021105600011651404,18,18,0.25650224215246636,1,"[{""node"":""N3"",""tasks"":2,""started"":2,""wait"":6.5,""unstarted"":0},{""node"":""N4"",""tasks"":6,""started"":4,""wait"":26.5,""unstarted"":2},{""node"":""N5"",""tasks"":6,""started"":2,""wait"":38.5,""unstarted"":4},{""node"":""N6"",""tasks"":2,""started"":0,""wait"":null,""unstarted"":2},{""node"":""N7"",""tasks"":4,""started"":2,""wait"":19.0,""unstarted"":2},{""node"":""N8"",""tasks"":4,""started"":1,""wait"":21.0,""unstarted"":3}]"
5,0.35,8,medium,rolling,11,24,0.5,22.916666666666668,31.833333333333332,1207,12,33,15,140,1,1,0,0.619939099997282,18,0,0.2954954954954955,1,"[{""node"":""N3"",""tasks"":2,""started"":2,""wait"":6.5,""unstarted"":0},{""node"":""N4"",""tasks"":6,""started"":4,""wait"":26.5,""unstarted"":2},{""node"":""N5"",""tasks"":6,""started"":2,""wait"":42.5,""unstarted"":4},{""node"":""N6"",""tasks"":2,""started"":0,""wait"":null,""unstarted"":2},{""node"":""N7"",""tasks"":4,""started"":2,""wait"":19.0,""unstarted"":2},{""node"":""N8"",""tasks"":4,""started"":2,""wait"":16.5,""unstarted"":2}]"
5,0.35,8,medium,rolling_forecast,11,24,0.5,22.916666666666668,31.833333333333332,1207,12,33,15,140,1,1,0,0.6002192000159994,18,0,0.2954954954954955,1,"[{""node"":""N3"",""tasks"":2,""started"":2,""wait"":6.5,""unstarted"":0},{""node"":""N4"",""tasks"":6,""started"":4,""wait"":26.5,""unstarted"":2},{""node"":""N5"",""tasks"":6,""started"":2,""wait"":42.5,""unstarted"":4},{""node"":""N6"",""tasks"":2,""started"":0,""wait"":null,""unstarted"":2},{""node"":""N7"",""tasks"":4,""started"":2,""wait"":19.0,""unstarted"":2},{""node"":""N8"",""tasks"":4,""started"":2,""wait"":16.5,""unstarted"":2}]"
5,0.35,8,medium,static,3,24,0.1,16.333333333333332,15.0,177,3,52,0,87,0,0,0,0.009359699994092807,1,0,0.21768707482993196,3,"[{""node"":""N3"",""tasks"":2,""started"":1,""wait"":9.0,""unstarted"":1},{""node"":""N4"",""tasks"":6,""started"":1,""wait"":15.0,""unstarted"":5},{""node"":""N5"",""tasks"":6,""started"":0,""wait"":null,""unstarted"":6},{""node"":""N6"",""tasks"":2,""started"":0,""wait"":null,""unstarted"":2},{""node"":""N7"",""tasks"":4,""started"":1,""wait"":25.0,""unstarted"":3},{""node"":""N8"",""tasks"":4,""started"":0,""wait"":null,""unstarted"":4}]"
5,0.5,11,high,greedy,14,36,0.4,37.13333333333333,48.0,2343,15,56,183,235,16,15,0,0.17191790002107155,22,22,0.1882560706401766,1,"[{""node"":""N3"",""tasks"":3,""started"":3,""wait"":11.333333333333334,""unstarted"":0},{""node"":""N4"",""tasks"":9,""started"":4,""wait"":49.75,""unstarted"":5},{""node"":""N5"",""tasks"":9,""started"":3,""wait"":45.666666666666664,""unstarted"":6},{""node"":""N6"",""tasks"":3,""started"":0,""wait"":null,""unstarted"":3},{""node"":""N7"",""tasks"":6,""started"":4,""wait"":35.0,""unstarted"":2},{""node"":""N8"",""tasks"":6,""started"":1,""wait"":47.0,""unstarted"":5}]"
5,0.5,11,high,rolling,14,36,0.4,37.411764705882355,46.0,2644,17,56,239,248,14,30,0,3.134936900023604,22,8,0.25851851851851854,1,"[{""node"":""N3"",""tasks"":3,""started"":3,""wait"":11.333333333333334,""unstarted"":0},{""node"":""N4"",""tasks"":9,""started"":5,""wait"":48.0,""unstarted"":4},{""node"":""N5"",""tasks"":9,""started"":3,""wait"":42.666666666666664,""unstarted"":6},{""node"":""N6"",""tasks"":3,""started"":0,""wait"":null,""unstarted"":3},{""node"":""N7"",""tasks"":6,""started"":3,""wait"":21.666666666666668,""unstarted"":3},{""node"":""N8"",""tasks"":6,""started"":3,""wait"":56.333333333333336,""unstarted"":3}]"
5,0.5,11,high,rolling_forecast,14,36,0.4,36.93333333333333,48.0,2334,15,56,190,234,18,33,0,3.107029200036777,22,14,0.26483370288248337,1,"[{""node"":""N3"",""tasks"":3,""started"":3,""wait"":11.333333333333334,""unstarted"":0},{""node"":""N4"",""tasks"":9,""started"":4,""wait"":49.75,""unstarted"":5},{""node"":""N5"",""tasks"":9,""started"":3,""wait"":45.666666666666664,""unstarted"":6},{""node"":""N6"",""tasks"":3,""started"":0,""wait"":null,""unstarted"":3},{""node"":""N7"",""tasks"":6,""started"":3,""wait"":21.666666666666668,""unstarted"":3},{""node"":""N8"",""tasks"":6,""started"":2,""wait"":59.5,""unstarted"":4}]"
5,0.5,11,high,static,4,36,0.13333333333333333,17.5,18.0,282,4,78,0,141,0,0,0,0.021445900012622587,1,0,0.19285714285714287,2,"[{""node"":""N3"",""tasks"":3,""started"":1,""wait"":9.0,""unstarted"":2},{""node"":""N4"",""tasks"":9,""started"":1,""wait"":15.0,""unstarted"":8},{""node"":""N5"",""tasks"":9,""started"":1,""wait"":21.0,""unstarted"":8},{""node"":""N6"",""tasks"":3,""started"":0,""wait"":null,""unstarted"":3},{""node"":""N7"",""tasks"":6,""started"":1,""wait"":25.0,""unstarted"":5},{""node"":""N8"",""tasks"":6,""started"":0,""wait"":null,""unstarted"":6}]"
5,0.5,11,low,greedy,10,12,1.0,24.0,17.0,890,10,5,6,241,0,1,0,0.018903499978478067,14,14,0.2878612716763006,1,"[{""node"":""N3"",""tasks"":1,""started"":1,""wait"":9.0,""unstarted"":0},{""node"":""N4"",""tasks"":3,""started"":3,""wait"":18.333333333333332,""unstarted"":0},{""node"":""N5"",""tasks"":3,""started"":2,""wait"":15.0,""unstarted"":1},{""node"":""N6"",""tasks"":1,""started"":0,""wait"":null,""unstarted"":1},{""node"":""N7"",""tasks"":2,""started"":2,""wait"":30.0,""unstarted"":0},{""node"":""N8"",""tasks"":2,""started"":2,""wait"":43.0,""unstarted"":0}]"
5,0.5,11,low,rolling,10,12,1.0,21.5,20.4,849,10,5,0,233,0,0,0,0.5642942000413314,14,0,0.16596434359805512,1,"[{""node"":""N3"",""tasks"":1,""started"":1,""wait"":9.0,""unstarted"":0},{""node"":""N4"",""tasks"":3,""started"":3,""wait"":18.333333333333332,""unstarted"":0},{""node"":""N5"",""tasks"":3,""started"":2,""wait"":23.5,""unstarted"":1},{""node"":""N6"",""tasks"":1,""started"":0,""wait"":null,""unstarted"":1},{""node"":""N7"",""tasks"":2,""started"":2,""wait"":27.0,""unstarted"":0},{""node"":""N8"",""tasks"":2,""started"":2,""wait"":25.0,""unstarted"":0}]"
5,0.5,11,low,rolling_forecast,10,12,1.0,21.5,20.4,849,10,5,0,233,0,0,0,0.656609900019248,14,0,0.16596434359805512,1,"[{""node"":""N3"",""tasks"":1,""started"":1,""wait"":9.0,""unstarted"":0},{""node"":""N4"",""tasks"":3,""started"":3,""wait"":18.333333333333332,""unstarted"":0},{""node"":""N5"",""tasks"":3,""started"":2,""wait"":23.5,""unstarted"":1},{""node"":""N6"",""tasks"":1,""started"":0,""wait"":null,""unstarted"":1},{""node"":""N7"",""tasks"":2,""started"":2,""wait"":27.0,""unstarted"":0},{""node"":""N8"",""tasks"":2,""started"":2,""wait"":25.0,""unstarted"":0}]"
5,0.5,11,low,static,4,12,0.4,17.5,18.0,282,4,20,0,141,0,0,0,0.077995200001169,1,0,0.19285714285714287,2,"[{""node"":""N3"",""tasks"":1,""started"":1,""wait"":9.0,""unstarted"":0},{""node"":""N4"",""tasks"":3,""started"":1,""wait"":15.0,""unstarted"":2},{""node"":""N5"",""tasks"":3,""started"":1,""wait"":21.0,""unstarted"":2},{""node"":""N6"",""tasks"":1,""started"":0,""wait"":null,""unstarted"":1},{""node"":""N7"",""tasks"":2,""started"":1,""wait"":25.0,""unstarted"":1},{""node"":""N8"",""tasks"":2,""started"":0,""wait"":null,""unstarted"":2}]"
5,0.5,11,medium,greedy,13,24,0.8,28.214285714285715,32.111111111111114,1763,14,26,54,215,7,6,0,0.06810449999466073,18,18,0.3046082949308756,1,"[{""node"":""N3"",""tasks"":2,""started"":2,""wait"":6.5,""unstarted"":0},{""node"":""N4"",""tasks"":6,""started"":6,""wait"":32.166666666666664,""unstarted"":0},{""node"":""N5"",""tasks"":6,""started"":3,""wait"":32.0,""unstarted"":3},{""node"":""N6"",""tasks"":2,""started"":0,""wait"":null,""unstarted"":2},{""node"":""N7"",""tasks"":4,""started"":2,""wait"":19.0,""unstarted"":2},{""node"":""N8"",""tasks"":4,""started"":1,""wait"":55.0,""unstarted"":3}]"
5,0.5,11,medium,rolling,17,24,0.9,24.555555555555557,29.3,1912,18,17,53,246,5,4,0,0.9013452000363031,18,0,0.312619926199262,1,"[{""node"":""N3"",""tasks"":2,""started"":2,""wait"":6.5,""unstarted"":0},{""node"":""N4"",""tasks"":6,""started"":6,""wait"":18.166666666666668,""unstarted"":0},{""node"":""N5"",""tasks"":6,""started"":4,""wait"":46.0,""unstarted"":2},{""node"":""N6"",""tasks"":2,""started"":0,""wait"":null,""unstarted"":2},{""node"":""N7"",""tasks"":4,""started"":4,""wait"":25.75,""unstarted"":0},{""node"":""N8"",""tasks"":4,""started"":2,""wait"":16.5,""unstarted"":2}]"
5,0.5,11,medium,rolling_forecast,17,24,0.9,24.555555555555557,29.3,1912,18,17,53,246,5,4,0,0.9716149000014411,18,0,0.312619926199262,1,"[{""node"":""N3"",""tasks"":2,""started"":2,""wait"":6.5,""unstarted"":0},{""node"":""N4"",""tasks"":6,""started"":6,""wait"":18.166666666666668,""unstarted"":0},{""node"":""N5"",""tasks"":6,""started"":4,""wait"":46.0,""unstarted"":2},{""node"":""N6"",""tasks"":2,""started"":0,""wait"":null,""unstarted"":2},{""node"":""N7"",""tasks"":4,""started"":4,""wait"":25.75,""unstarted"":0},{""node"":""N8"",""tasks"":4,""started"":2,""wait"":16.5,""unstarted"":2}]"
5,0.5,11,medium,static,4,24,0.2,17.5,18.0,282,4,49,0,141,0,0,0,0.08210490000783466,1,0,0.19285714285714287,2,"[{""node"":""N3"",""tasks"":2,""started"":1,""wait"":9.0,""unstarted"":1},{""node"":""N4"",""tasks"":6,""started"":1,""wait"":15.0,""unstarted"":5},{""node"":""N5"",""tasks"":6,""started"":1,""wait"":21.0,""unstarted"":5},{""node"":""N6"",""tasks"":2,""started"":0,""wait"":null,""unstarted"":2},{""node"":""N7"",""tasks"":4,""started"":1,""wait"":25.0,""unstarted"":3},{""node"":""N8"",""tasks"":4,""started"":0,""wait"":null,""unstarted"":4}]"
5,0.75,18,high,greedy,24,36,0.6666666666666666,30.185185185185187,39.0,3349,27,29,131,381,25,7,0,0.2109381000191206,22,22,0.25119214586255256,0,"[{""node"":""N3"",""tasks"":3,""started"":3,""wait"":7.666666666666667,""unstarted"":0},{""node"":""N4"",""tasks"":9,""started"":8,""wait"":40.625,""unstarted"":1},{""node"":""N5"",""tasks"":9,""started"":8,""wait"":37.75,""unstarted"":1},{""node"":""N6"",""tasks"":3,""started"":3,""wait"":18.333333333333332,""unstarted"":0},{""node"":""N7"",""tasks"":6,""started"":3,""wait"":21.666666666666668,""unstarted"":3},{""node"":""N8"",""tasks"":6,""started"":2,""wait"":22.5,""unstarted"":4}]"
5,0.75,18,high,rolling,25,36,0.7333333333333333,28.296296296296298,35.07692307692308,3094,27,26,102,387,20,22,0,3.867009399982635,22,11,0.2341735052754982,0,"[{""node"":""N3"",""tasks"":3,""started"":3,""wait"":7.666666666666667,""unstarted"":0},{""node"":""N4"",""tasks"":9,""started"":8,""wait"":33.875,""unstarted"":1},{""node"":""N5"",""tasks"":9,""started"":8,""wait"":38.125,""unstarted"":1},{""node"":""N6"",""tasks"":3,""started"":3,""wait"":18.333333333333332,""unstarted"":0},{""node"":""N7"",""tasks"":6,""started"":3,""wait"":21.666666666666668,""unstarted"":3},{""node"":""N8"",""tasks"":6,""started"":2,""wait"":22.5,""unstarted"":4}]"
5,0.75,18,high,rolling_forecast,24,36,0.6666666666666666,30.333333333333332,40.61538461538461,3403,27,29,144,349,23,13,0,3.1723496000049636,22,18,0.2932242990654205,0,"[{""node"":""N3"",""tasks"":3,""started"":3,""wait"":7.666666666666667,""unstarted"":0},{""node"":""N4"",""tasks"":9,""started"":8,""wait"":42.5,""unstarted"":1},{""node"":""N5"",""tasks"":9,""started"":8,""wait"":38.5,""unstarted"":1},{""node"":""N6"",""tasks"":3,""started"":3,""wait"":18.333333333333332,""unstarted"":0},{""node"":""N7"",""tasks"":6,""started"":3,""wait"":21.666666666666668,""unstarted"":3},{""node"":""N8"",""tasks"":6,""started"":2,""wait"":14.0,""unstarted"":4}]"
5,0.75,18,high,static,4,36,0.13333333333333333,16.75,17.0,269,4,78,0,124,0,0,0,0.11436170000524726,1,0,0.2126865671641791,2,"[{""node"":""N3"",""tasks"":3,""started"":1,""wait"":8.0,""unstarted"":2},{""node"":""N4"",""tasks"":9,""started"":1,""wait"":14.0,""unstarted"":8},{""node"":""N5"",""tasks"":9,""started"":1,""wait"":20.0,""unstarted"":8},{""node"":""N6"",""tasks"":3,""started"":0,""wait"":null,""unstarted"":3},{""node"":""N7"",""tasks"":6,""started"":1,""wait"":25.0,""unstarted"":5},{""node"":""N8"",""tasks"":6,""started"":0,""wait"":null,""unstarted"":6}]"
5,0.75,18,low,greedy,12,12,1.0,18.583333333333332,14.0,759,12,0,0,304,0,0,0,0.003732100027264096,14,14,0.18537666174298376,0,"[{""node"":""N3"",""tasks"":1,""started"":1,""wait"":8.0,""unstarted"":0},{""node"":""N4"",""tasks"":3,""started"":3,""wait"":14.333333333333334,""unstarted"":0},{""node"":""N5"",""tasks"":3,""started"":3,""wait"":16.0,""unstarted"":0},{""node"":""N6"",""tasks"":1,""started"":1,""wait"":25.0,""unstarted"":0},{""node"":""N7"",""tasks"":2,""started"":2,""wait"":24.5,""unstarted"":0},{""node"":""N8"",""tasks"":2,""started"":2,""wait"":25.0,""unstarted"":0}]"
5,0.75,18,low,rolling,12,12,1.0,18.583333333333332,14.0,759,12,0,0,304,0,0,0,0.11199390000547282,14,0,0.18537666174298376,0,"[{""node"":""N3"",""tasks"":1,""started"":1,""wait"":8.0,""unstarted"":0},{""node"":""N4"",""tasks"":3,""started"":3,""wait"":14.333333333333334,""unstarted"":0},{""node"":""N5"",""tasks"":3,""started"":3,""wait"":16.0,""unstarted"":0},{""node"":""N6"",""tasks"":1,""started"":1,""wait"":25.0,""unstarted"":0},{""node"":""N7"",""tasks"":2,""started"":2,""wait"":24.5,""unstarted"":0},{""node"":""N8"",""tasks"":2,""started"":2,""wait"":25.0,""unstarted"":0}]"
5,0.75,18,low,rolling_forecast,12,12,1.0,16.25,13.8,693,12,0,0,324,0,0,0,0.1151914000074612,14,0,0.14479905437352247,0,"[{""node"":""N3"",""tasks"":1,""started"":1,""wait"":8.0,""unstarted"":0},{""node"":""N4"",""tasks"":3,""started"":3,""wait"":14.333333333333334,""unstarted"":0},{""node"":""N5"",""tasks"":3,""started"":3,""wait"":15.666666666666666,""unstarted"":0},{""node"":""N6"",""tasks"":1,""started"":1,""wait"":15.0,""unstarted"":0},{""node"":""N7"",""tasks"":2,""started"":2,""wait"":20.5,""unstarted"":0},{""node"":""N8"",""tasks"":2,""started"":2,""wait"":20.5,""unstarted"":0}]"
5,0.75,18,low,static,4,12,0.4,16.75,17.0,269,4,20,0,124,0,0,0,0.02388410001003649,1,0,0.2126865671641791,2,"[{""node"":""N3"",""tasks"":1,""started"":1,""wait"":8.0,""unstarted"":0},{""node"":""N4"",""tasks"":3,""started"":1,""wait"":14.0,""unstarted"":2},{""node"":""N5"",""tasks"":3,""started"":1,""wait"":20.0,""unstarted"":2},{""node"":""N6"",""tasks"":1,""started"":0,""wait"":null,""unstarted"":1},{""node"":""N7"",""tasks"":2,""started"":1,""wait"":25.0,""unstarted"":1},{""node"":""N8"",""tasks"":2,""started"":0,""wait"":null,""unstarted"":2}]"
5,0.75,18,medium,greedy,19,24,1.0,27.19047619047619,21.8,2149,21,10,61,334,9,7,0,0.016577999995206483,18,18,0.2803809523809523,1,"[{""node"":""N3"",""tasks"":2,""started"":2,""wait"":5.5,""unstarted"":0},{""node"":""N4"",""tasks"":6,""started"":6,""wait"":22.166666666666668,""unstarted"":0},{""node"":""N5"",""tasks"":6,""started"":6,""wait"":23.666666666666668,""unstarted"":0},{""node"":""N6"",""tasks"":2,""started"":0,""wait"":null,""unstarted"":2},{""node"":""N7"",""tasks"":4,""started"":3,""wait"":34.666666666666664,""unstarted"":1},{""node"":""N8"",""tasks"":4,""started"":4,""wait"":45.25,""unstarted"":0}]"
5,0.75,18,medium,rolling,21,24,0.8,24.652173913043477,27.2,2199,23,8,44,374,1,8,0,1.670322899983148,18,0,0.19520264681555008,0,"[{""node"":""N3"",""tasks"":2,""started"":2,""wait"":5.5,""unstarted"":0},{""node"":""N4"",""tasks"":6,""started"":6,""wait"":26.833333333333332,""unstarted"":0},{""node"":""N5"",""tasks"":6,""started"":6,""wait"":28.0,""unstarted"":0},{""node"":""N6"",""tasks"":2,""started"":1,""wait"":23.0,""unstarted"":1},{""node"":""N7"",""tasks"":4,""started"":4,""wait"":19.75,""unstarted"":0},{""node"":""N8"",""tasks"":4,""started"":4,""wait"":31.25,""unstarted"":0}]"
5,0.75,18,medium,rolling_forecast,20,24,1.0,28.90909090909091,24.9,2406,22,8,89,342,4,7,0,2.4562095999717712,18,11,0.25370030581039754,1,"[{""node"":""N3"",""tasks"":2,""started"":2,""wait"":5.5,""unstarted"":0},{""node"":""N4"",""tasks"":6,""started"":6,""wait"":27.666666666666668,""unstarted"":0},{""node"":""N5"",""tasks"":6,""started"":6,""wait"":23.333333333333332,""unstarted"":0},{""node"":""N6"",""tasks"":2,""started"":0,""wait"":null,""unstarted"":2},{""node"":""N7"",""tasks"":4,""started"":4,""wait"":38.75,""unstarted"":0},{""node"":""N8"",""tasks"":4,""started"":4,""wait"":41.0,""unstarted"":0}]"
5,0.75,18,medium,static,4,24,0.2,16.75,17.0,269,4,49,0,124,0,0,0,0.022083800009568222,1,0,0.2126865671641791,2,"[{""node"":""N3"",""tasks"":2,""started"":1,""wait"":8.0,""unstarted"":1},{""node"":""N4"",""tasks"":6,""started"":1,""wait"":14.0,""unstarted"":5},{""node"":""N5"",""tasks"":6,""started"":1,""wait"":20.0,""unstarted"":5},{""node"":""N6"",""tasks"":2,""started"":0,""wait"":null,""unstarted"":2},{""node"":""N7"",""tasks"":4,""started"":1,""wait"":25.0,""unstarted"":3},{""node"":""N8"",""tasks"":4,""started"":0,""wait"":null,""unstarted"":4}]"
5,1,26,high,greedy,24,36,0.8,28.37037037037037,32.86666666666667,3244,27,27,63,490,32,21,0,0.312538099984522,22,22,0.20545359885461406,0,"[{""node"":""N3"",""tasks"":3,""started"":3,""wait"":7.666666666666667,""unstarted"":0},{""node"":""N4"",""tasks"":9,""started"":9,""wait"":33.77777777777778,""unstarted"":0},{""node"":""N5"",""tasks"":9,""started"":9,""wait"":33.666666666666664,""unstarted"":0},{""node"":""N6"",""tasks"":3,""started"":1,""wait"":20.0,""unstarted"":2},{""node"":""N7"",""tasks"":6,""started"":3,""wait"":21.666666666666668,""unstarted"":3},{""node"":""N8"",""tasks"":6,""started"":2,""wait"":25.5,""unstarted"":4}]"
5,1,26,high,rolling,24,36,0.6666666666666666,30.96551724137931,34.86666666666667,3640,29,29,153,438,30,43,0,3.2920398999849567,22,7,0.18982983324796535,0,"[{""node"":""N3"",""tasks"":3,""started"":3,""wait"":7.666666666666667,""unstarted"":0},{""node"":""N4"",""tasks"":9,""started"":9,""wait"":34.0,""unstarted"":0},{""node"":""N5"",""tasks"":9,""started"":9,""wait"":36.77777777777778,""unstarted"":0},{""node"":""N6"",""tasks"":3,""started"":2,""wait"":25.0,""unstarted"":1},{""node"":""N7"",""tasks"":6,""started"":4,""wait"":34.75,""unstarted"":2},{""node"":""N8"",""tasks"":6,""started"":2,""wait"":24.5,""unstarted"":4}]"
5,1,26,high,rolling_forecast,30,36,0.8666666666666667,27.264705882352942,29.133333333333333,3545,34,14,129,466,20,47,0,2.475120599992806,22,4,0.17559658947580847,0,"[{""node"":""N3"",""tasks"":3,""started"":3,""wait"":7.666666666666667,""unstarted"":0},{""node"":""N4"",""tasks"":9,""started"":9,""wait"":31.0,""unstarted"":0},{""node"":""N5"",""tasks"":9,""started"":9,""wait"":30.22222222222222,""unstarted"":0},{""node"":""N6"",""tasks"":3,""started"":3,""wait"":18.333333333333332,""unstarted"":0},{""node"":""N7"",""tasks"":6,""started"":5,""wait"":29.0,""unstarted"":1},{""node"":""N8"",""tasks"":6,""started"":5,""wait"":30.6,""unstarted"":1}]"
5,1,26,high,static,4,36,0.13333333333333333,16.75,17.0,269,4,78,0,124,0,0,0,0.1174851999967359,1,0,0.2126865671641791,2,"[{""node"":""N3"",""tasks"":3,""started"":1,""wait"":8.0,""unstarted"":2},{""node"":""N4"",""tasks"":9,""started"":1,""wait"":14.0,""unstarted"":8},{""node"":""N5"",""tasks"":9,""started"":1,""wait"":20.0,""unstarted"":8},{""node"":""N6"",""tasks"":3,""started"":0,""wait"":null,""unstarted"":3},{""node"":""N7"",""tasks"":6,""started"":1,""wait"":25.0,""unstarted"":5},{""node"":""N8"",""tasks"":6,""started"":0,""wait"":null,""unstarted"":6}]"
5,1,26,low,greedy,12,12,1.0,17.583333333333332,14.0,743,12,0,0,316,0,0,0,0.03938769998785574,14,14,0.18412438625204583,0,"[{""node"":""N3"",""tasks"":1,""started"":1,""wait"":8.0,""unstarted"":0},{""node"":""N4"",""tasks"":3,""started"":3,""wait"":14.333333333333334,""unstarted"":0},{""node"":""N5"",""tasks"":3,""started"":3,""wait"":16.0,""unstarted"":0},{""node"":""N6"",""tasks"":1,""started"":1,""wait"":15.0,""unstarted"":0},{""node"":""N7"",""tasks"":2,""started"":2,""wait"":24.5,""unstarted"":0},{""node"":""N8"",""tasks"":2,""started"":2,""wait"":24.0,""unstarted"":0}]"
5,1,26,low,rolling,12,12,1.0,17.583333333333332,14.0,743,12,0,0,316,0,0,0,0.6060051000240492,14,0,0.18412438625204583,0,"[{""node"":""N3"",""tasks"":1,""started"":1,""wait"":8.0,""unstarted"":0},{""node"":""N4"",""tasks"":3,""started"":3,""wait"":14.333333333333334,""unstarted"":0},{""node"":""N5"",""tasks"":3,""started"":3,""wait"":16.0,""unstarted"":0},{""node"":""N6"",""tasks"":1,""started"":1,""wait"":15.0,""unstarted"":0},{""node"":""N7"",""tasks"":2,""started"":2,""wait"":24.5,""unstarted"":0},{""node"":""N8"",""tasks"":2,""started"":2,""wait"":24.0,""unstarted"":0}]"
5,1,26,low,rolling_forecast,12,12,1.0,16.916666666666668,13.8,719,12,0,0,359,0,0,0,0.5281592999963323,14,0,0.1774928774928775,0,"[{""node"":""N3"",""tasks"":1,""started"":1,""wait"":8.0,""unstarted"":0},{""node"":""N4"",""tasks"":3,""started"":3,""wait"":14.333333333333334,""unstarted"":0},{""node"":""N5"",""tasks"":3,""started"":3,""wait"":15.666666666666666,""unstarted"":0},{""node"":""N6"",""tasks"":1,""started"":1,""wait"":14.0,""unstarted"":0},{""node"":""N7"",""tasks"":2,""started"":2,""wait"":21.5,""unstarted"":0},{""node"":""N8"",""tasks"":2,""started"":2,""wait"":24.0,""unstarted"":0}]"
5,1,26,low,static,4,12,0.4,16.75,17.0,269,4,20,0,124,0,0,0,0.11632040000404231,1,0,0.2126865671641791,2,"[{""node"":""N3"",""tasks"":1,""started"":1,""wait"":8.0,""unstarted"":0},{""node"":""N4"",""tasks"":3,""started"":1,""wait"":14.0,""unstarted"":2},{""node"":""N5"",""tasks"":3,""started"":1,""wait"":20.0,""unstarted"":2},{""node"":""N6"",""tasks"":1,""started"":0,""wait"":null,""unstarted"":1},{""node"":""N7"",""tasks"":2,""started"":1,""wait"":25.0,""unstarted"":1},{""node"":""N8"",""tasks"":2,""started"":0,""wait"":null,""unstarted"":2}]"
5,1,26,medium,greedy,24,24,1.0,21.083333333333332,18.0,1820,24,0,12,455,0,2,0,0.04364460000942927,18,18,0.25993338091839163,0,"[{""node"":""N3"",""tasks"":2,""started"":2,""wait"":5.5,""unstarted"":0},{""node"":""N4"",""tasks"":6,""started"":6,""wait"":17.666666666666668,""unstarted"":0},{""node"":""N5"",""tasks"":6,""started"":6,""wait"":21.833333333333332,""unstarted"":0},{""node"":""N6"",""tasks"":2,""started"":2,""wait"":14.5,""unstarted"":0},{""node"":""N7"",""tasks"":4,""started"":4,""wait"":20.25,""unstarted"":0},{""node"":""N8"",""tasks"":4,""started"":4,""wait"":37.0,""unstarted"":0}]"
5,1,26,medium,rolling,24,24,1.0,21.791666666666668,18.7,1885,24,0,20,420,3,11,0,2.5153306999709457,18,8,0.260322952710496,0,"[{""node"":""N3"",""tasks"":2,""started"":2,""wait"":5.5,""unstarted"":0},{""node"":""N4"",""tasks"":6,""started"":6,""wait"":17.666666666666668,""unstarted"":0},{""node"":""N5"",""tasks"":6,""started"":6,""wait"":23.0,""unstarted"":0},{""node"":""N6"",""tasks"":2,""started"":2,""wait"":14.5,""unstarted"":0},{""node"":""N7"",""tasks"":4,""started"":4,""wait"":22.75,""unstarted"":0},{""node"":""N8"",""tasks"":4,""started"":4,""wait"":37.0,""unstarted"":0}]"
5,1,26,medium,rolling_forecast,24,24,1.0,20.583333333333332,15.7,1738,24,0,29,411,1,10,0,2.06329970000661,18,6,0.2881844380403458,0,"[{""node"":""N3"",""tasks"":2,""started"":2,""wait"":5.5,""unstarted"":0},{""node"":""N4"",""tasks"":6,""started"":6,""wait"":12.166666666666666,""unstarted"":0},{""node"":""N5"",""tasks"":6,""started"":6,""wait"":23.5,""unstarted"":0},{""node"":""N6"",""tasks"":2,""started"":2,""wait"":14.5,""unstarted"":0},{""node"":""N7"",""tasks"":4,""started"":4,""wait"":23.0,""unstarted"":0},{""node"":""N8"",""tasks"":4,""started"":4,""wait"":37.0,""unstarted"":0}]"
5,1,26,medium,static,4,24,0.2,16.75,17.0,269,4,49,0,124,0,0,0,0.12513509999553207,1,0,0.2126865671641791,2,"[{""node"":""N3"",""tasks"":2,""started"":1,""wait"":8.0,""unstarted"":1},{""node"":""N4"",""tasks"":6,""started"":1,""wait"":14.0,""unstarted"":5},{""node"":""N5"",""tasks"":6,""started"":1,""wait"":20.0,""unstarted"":5},{""node"":""N6"",""tasks"":2,""started"":0,""wait"":null,""unstarted"":2},{""node"":""N7"",""tasks"":4,""started"":1,""wait"":25.0,""unstarted"":3},{""node"":""N8"",""tasks"":4,""started"":0,""wait"":null,""unstarted"":4}]"
6,0.35,8,high,greedy,11,36,0.26666666666666666,28.25,42.0,1437,12,64,65,136,4,3,0,0.043253100040601566,22,22,0.22460317460317458,2,"[{""node"":""N3"",""tasks"":3,""started"":3,""wait"":14.333333333333334,""unstarted"":0},{""node"":""N4"",""tasks"":9,""started"":5,""wait"":42.0,""unstarted"":4},{""node"":""N5"",""tasks"":9,""started"":0,""wait"":null,""unstarted"":9},{""node"":""N6"",""tasks"":3,""started"":0,""wait"":null,""unstarted"":3},{""node"":""N7"",""tasks"":6,""started"":3,""wait"":18.666666666666668,""unstarted"":3},{""node"":""N8"",""tasks"":6,""started"":1,""wait"":30.0,""unstarted"":5}]"
6,0.35,8,high,rolling,12,36,0.26666666666666666,28.615384615384617,42.2,1538,13,62,72,136,11,14,0,1.9687103000178467,22,1,0.2258317639673572,2,"[{""node"":""N3"",""tasks"":3,""started"":3,""wait"":14.333333333333334,""unstarted"":0},{""node"":""N4"",""tasks"":9,""started"":5,""wait"":42.2,""unstarted"":4},{""node"":""N5"",""tasks"":9,""started"":0,""wait"":null,""unstarted"":9},{""node"":""N6"",""tasks"":3,""started"":0,""wait"":null,""unstarted"":3},{""node"":""N7"",""tasks"":6,""started"":3,""wait"":18.666666666666668,""unstarted"":3},{""node"":""N8"",""tasks"":6,""started"":2,""wait"":31.0,""unstarted"":4}]"
6,0.35,8,high,rolling_forecast,11,36,0.26666666666666666,31.666666666666668,35.25,1422,12,64,112,148,16,11,0,1.6440503000485478,22,0,0.33197709463532243,2,"[{""node"":""N3"",""tasks"":3,""started"":3,""wait"":14.333333333333334,""unstarted"":0},{""node"":""N4"",""tasks"":9,""started"":4,""wait"":35.25,""unstarted"":5},{""node"":""N5"",""tasks"":9,""started"":0,""wait"":null,""unstarted"":9},{""node"":""N6"",""tasks"":3,""started"":0,""wait"":null,""unstarted"":3},{""node"":""N7"",""tasks"":6,""started"":3,""wait"":18.666666666666668,""unstarted"":3},{""node"":""N8"",""tasks"":6,""started"":2,""wait"":70.0,""unstarted"":4}]"
6,0.35,8,high,static,3,36,0.06666666666666667,17.0,17.0,187,3,81,0,90,0,0,0,0.006077800004277378,1,0,0.1830065359477124,3,"[{""node"":""N3"",""tasks"":3,""started"":1,""wait"":10.0,""unstarted"":2},{""node"":""N4"",""tasks"":9,""started"":1,""wait"":17.0,""unstarted"":8},{""node"":""N5"",""tasks"":9,""started"":0,""wait"":null,""unstarted"":9},{""node"":""N6"",""tasks"":3,""started"":0,""wait"":null,""unstarted"":3},{""node"":""N7"",""tasks"":6,""started"":1,""wait"":24.0,""unstarted"":5},{""node"":""N8"",""tasks"":6,""started"":0,""wait"":null,""unstarted"":6}]"
6,0.35,8,low,greedy,7,12,0.6,34.714285714285715,18.666666666666668,841,7,13,73,140,0,2,0,0.008328900090418756,14,14,0.4358543417366947,1,"[{""node"":""N3"",""tasks"":1,""started"":1,""wait"":10.0,""unstarted"":0},{""node"":""N4"",""tasks"":3,""started"":2,""wait"":22.0,""unstarted"":1},{""node"":""N5"",""tasks"":3,""started"":1,""wait"":12.0,""unstarted"":2},{""node"":""N6"",""tasks"":1,""started"":0,""wait"":null,""unstarted"":1},{""node"":""N7"",""tasks"":2,""started"":2,""wait"":42.5,""unstarted"":0},{""node"":""N8"",""tasks"":2,""started"":1,""wait"":92.0,""unstarted"":1}]"
6,0.35,8,low,rolling,6,12,0.4,26.142857142857142,28.333333333333332,719,7,16,1,163,0,4,0,0.15478650001750793,14,0,0.22568093385214008,1,"[{""node"":""N3"",""tasks"":1,""started"":1,""wait"":10.0,""unstarted"":0},{""node"":""N4"",""tasks"":3,""started"":2,""wait"":22.0,""unstarted"":1},{""node"":""N5"",""tasks"":3,""started"":1,""wait"":41.0,""unstarted"":2},{""node"":""N6"",""tasks"":1,""started"":0,""wait"":null,""unstarted"":1},{""node"":""N7"",""tasks"":2,""started"":2,""wait"":32.5,""unstarted"":0},{""node"":""N8"",""tasks"":2,""started"":1,""wait"":23.0,""unstarted"":1}]"
6,0.35,8,low,rolling_forecast,6,12,0.4,26.142857142857142,28.333333333333332,719,7,16,1,163,0,4,0,0.14920379999966826,14,0,0.22568093385214008,1,"[{""node"":""N3"",""tasks"":1,""started"":1,""wait"":10.0,""unstarted"":0},{""node"":""N4"",""tasks"":3,""started"":2,""wait"":22.0,""unstarted"":1},{""node"":""N5"",""tasks"":3,""started"":1,""wait"":41.0,""unstarted"":2},{""node"":""N6"",""tasks"":1,""started"":0,""wait"":null,""unstarted"":1},{""node"":""N7"",""tasks"":2,""started"":2,""wait"":32.5,""unstarted"":0},{""node"":""N8"",""tasks"":2,""started"":1,""wait"":23.0,""unstarted"":1}]"
6,0.35,8,low,static,3,12,0.2,17.0,17.0,187,3,23,0,90,0,0,0,0.010030399993411265,1,0,0.1830065359477124,3,"[{""node"":""N3"",""tasks"":1,""started"":1,""wait"":10.0,""unstarted"":0},{""node"":""N4"",""tasks"":3,""started"":1,""wait"":17.0,""unstarted"":2},{""node"":""N5"",""tasks"":3,""started"":0,""wait"":null,""unstarted"":3},{""node"":""N6"",""tasks"":1,""started"":0,""wait"":null,""unstarted"":1},{""node"":""N7"",""tasks"":2,""started"":1,""wait"":24.0,""unstarted"":1},{""node"":""N8"",""tasks"":2,""started"":0,""wait"":null,""unstarted"":2}]"
6,0.35,8,medium,greedy,9,24,0.4,26.6,38.4,1182,10,38,42,147,1,2,0,0.021666700020432472,18,18,0.3084870848708487,1,"[{""node"":""N3"",""tasks"":2,""started"":2,""wait"":9.0,""unstarted"":0},{""node"":""N4"",""tasks"":6,""started"":4,""wait"":35.0,""unstarted"":2},{""node"":""N5"",""tasks"":6,""started"":1,""wait"":52.0,""unstarted"":5},{""node"":""N6"",""tasks"":2,""started"":0,""wait"":null,""unstarted"":2},{""node"":""N7"",""tasks"":4,""started"":2,""wait"":16.5,""unstarted"":2},{""node"":""N8"",""tasks"":4,""started"":1,""wait"":23.0,""unstarted"":3}]"
6,0.35,8,medium,rolling,10,24,0.4,24.363636363636363,35.4,1158,11,36,32,147,2,5,0,0.5635433999705128,18,0,0.25361702127659574,1,"[{""node"":""N3"",""tasks"":2,""started"":2,""wait"":9.0,""unstarted"":0},{""node"":""N4"",""tasks"":6,""started"":4,""wait"":35.0,""unstarted"":2},{""node"":""N5"",""tasks"":6,""started"":1,""wait"":37.0,""unstarted"":5},{""node"":""N6"",""tasks"":2,""started"":0,""wait"":null,""unstarted"":2},{""node"":""N7"",""tasks"":4,""started"":2,""wait"":16.5,""unstarted"":2},{""node"":""N8"",""tasks"":4,""started"":2,""wait"":20.0,""unstarted"":2}]"
6,0.35,8,medium,rolling_forecast,10,24,0.4,24.363636363636363,35.4,1158,11,36,32,147,2,5,0,0.5782128000137163,18,0,0.25361702127659574,1,"[{""node"":""N3"",""tasks"":2,""started"":2,""wait"":9.0,""unstarted"":0},{""node"":""N4"",""tasks"":6,""started"":4,""wait"":35.0,""unstarted"":2},{""node"":""N5"",""tasks"":6,""started"":1,""wait"":37.0,""unstarted"":5},{""node"":""N6"",""tasks"":2,""started"":0,""wait"":null,""unstarted"":2},{""node"":""N7"",""tasks"":4,""started"":2,""wait"":16.5,""unstarted"":2},{""node"":""N8"",""tasks"":4,""started"":2,""wait"":20.0,""unstarted"":2}]"
6,0.35,8,medium,static,3,24,0.1,17.0,17.0,187,3,52,0,90,0,0,0,0.004975400006514974,1,0,0.1830065359477124,3,"[{""node"":""N3"",""tasks"":2,""started"":1,""wait"":10.0,""unstarted"":1},{""node"":""N4"",""tasks"":6,""started"":1,""wait"":17.0,""unstarted"":5},{""node"":""N5"",""tasks"":6,""started"":0,""wait"":null,""unstarted"":6},{""node"":""N6"",""tasks"":2,""started"":0,""wait"":null,""unstarted"":2},{""node"":""N7"",""tasks"":4,""started"":1,""wait"":24.0,""unstarted"":3},{""node"":""N8"",""tasks"":4,""started"":0,""wait"":null,""unstarted"":4}]"
6,0.5,11,high,greedy,15,36,0.4666666666666667,33.5625,42.625,2293,16,53,127,209,18,16,0,0.12846909996005706,22,22,0.2023680513746739,1,"[{""node"":""N3"",""tasks"":3,""started"":3,""wait"":14.333333333333334,""unstarted"":0},{""node"":""N4"",""tasks"":9,""started"":5,""wait"":48.6,""unstarted"":4},{""node"":""N5"",""tasks"":9,""started"":3,""wait"":32.666666666666664,""unstarted"":6},{""node"":""N6"",""tasks"":3,""started"":0,""wait"":null,""unstarted"":3},{""node"":""N7"",""tasks"":6,""started"":4,""wait"":27.5,""unstarted"":2},{""node"":""N8"",""tasks"":6,""started"":1,""wait"":43.0,""unstarted"":5}]"
6,0.5,11,high,rolling,15,36,0.4,31.41176470588235,42.625,2284,17,54,114,256,19,29,0,2.8182472999906167,22,8,0.2534997287032013,1,"[{""node"":""N3"",""tasks"":3,""started"":3,""wait"":14.333333333333334,""unstarted"":0},{""node"":""N4"",""tasks"":9,""started"":4,""wait"":25.25,""unstarted"":5},{""node"":""N5"",""tasks"":9,""started"":4,""wait"":60.0,""unstarted"":5},{""node"":""N6"",""tasks"":3,""started"":0,""wait"":null,""unstarted"":3},{""node"":""N7"",""tasks"":6,""started"":5,""wait"":24.0,""unstarted"":1},{""node"":""N8"",""tasks"":6,""started"":1,""wait"":30.0,""unstarted"":5}]"
6,0.5,11,high,rolling_forecast,15,36,0.4666666666666667,33.5625,42.625,2293,16,53,127,209,19,25,0,3.1096095999964746,22,16,0.2023680513746739,1,"[{""node"":""N3"",""tasks"":3,""started"":3,""wait"":14.333333333333334,""unstarted"":0},{""node"":""N4"",""tasks"":9,""started"":5,""wait"":48.6,""unstarted"":4},{""node"":""N5"",""tasks"":9,""started"":3,""wait"":32.666666666666664,""unstarted"":6},{""node"":""N6"",""tasks"":3,""started"":0,""wait"":null,""unstarted"":3},{""node"":""N7"",""tasks"":6,""started"":4,""wait"":27.5,""unstarted"":2},{""node"":""N8"",""tasks"":6,""started"":1,""wait"":43.0,""unstarted"":5}]"
6,0.5,11,high,static,4,36,0.13333333333333333,17.75,18.5,287,4,78,0,133,0,0,0,0.017046599998138845,1,0,0.15845070422535212,2,"[{""node"":""N3"",""tasks"":3,""started"":1,""wait"":10.0,""unstarted"":2},{""node"":""N4"",""tasks"":9,""started"":1,""wait"":17.0,""unstarted"":8},{""node"":""N5"",""tasks"":9,""started"":1,""wait"":20.0,""unstarted"":8},{""node"":""N6"",""tasks"":3,""started"":0,""wait"":null,""unstarted"":3},{""node"":""N7"",""tasks"":6,""started"":1,""wait"":24.0,""unstarted"":5},{""node"":""N8"",""tasks"":6,""started"":0,""wait"":null,""unstarted"":6}]"
6,0.5,11,low,greedy,9,12,1.0,31.6,22.2,1170,10,7,46,251,0,2,0,0.033014500004355796,14,14,0.3072527472527472,1,"[{""node"":""N3"",""tasks"":1,""started"":1,""wait"":10.0,""unstarted"":0},{""node"":""N4"",""tasks"":3,""started"":3,""wait"":22.666666666666668,""unstarted"":0},{""node"":""N5"",""tasks"":3,""started"":2,""wait"":21.5,""unstarted"":1},{""node"":""N6"",""tasks"":1,""started"":0,""wait"":null,""unstarted"":1},{""node"":""N7"",""tasks"":2,""started"":2,""wait"":37.0,""unstarted"":0},{""node"":""N8"",""tasks"":2,""started"":2,""wait"":60.5,""unstarted"":0}]"
6,0.5,11,low,rolling,9,12,1.0,25.444444444444443,24.6,933,9,7,7,230,0,1,0,0.9225952999840956,14,0,0.19271255060728745,1,"[{""node"":""N3"",""tasks"":1,""started"":1,""wait"":10.0,""unstarted"":0},{""node"":""N4"",""tasks"":3,""started"":3,""wait"":27.0,""unstarted"":0},{""node"":""N5"",""tasks"":3,""started"":2,""wait"":21.0,""unstarted"":1},{""node"":""N6"",""tasks"":1,""started"":0,""wait"":null,""unstarted"":1},{""node"":""N7"",""tasks"":2,""started"":2,""wait"":30.5,""unstarted"":0},{""node"":""N8"",""tasks"":2,""started"":1,""wait"":35.0,""unstarted"":1}]"
6,0.5,11,low,rolling_forecast,9,12,1.0,25.444444444444443,24.6,933,9,7,7,230,0,1,0,0.9832629999727942,14,0,0.19271255060728745,1,"[{""node"":""N3"",""tasks"":1,""started"":1,""wait"":10.0,""unstarted"":0},{""node"":""N4"",""tasks"":3,""started"":3,""wait"":27.0,""unstarted"":0},{""node"":""N5"",""tasks"":3,""started"":2,""wait"":21.0,""unstarted"":1},{""node"":""N6"",""tasks"":1,""started"":0,""wait"":null,""unstarted"":1},{""node"":""N7"",""tasks"":2,""started"":2,""wait"":30.5,""unstarted"":0},{""node"":""N8"",""tasks"":2,""started"":1,""wait"":35.0,""unstarted"":1}]"
6,0.5,11,low,static,4,12,0.4,17.75,18.5,287,4,20,0,133,0,0,0,0.08414130000164732,1,0,0.15845070422535212,2,"[{""node"":""N3"",""tasks"":1,""started"":1,""wait"":10.0,""unstarted"":0},{""node"":""N4"",""tasks"":3,""started"":1,""wait"":17.0,""unstarted"":2},{""node"":""N5"",""tasks"":3,""started"":1,""wait"":20.0,""unstarted"":2},{""node"":""N6"",""tasks"":1,""started"":0,""wait"":null,""unstarted"":1},{""node"":""N7"",""tasks"":2,""started"":1,""wait"":24.0,""unstarted"":1},{""node"":""N8"",""tasks"":2,""started"":0,""wait"":null,""unstarted"":2}]"
6,0.5,11,medium,greedy,13,24,0.8,30.866666666666667,35.0,2019,15,26,76,227,12,7,0,0.0918946999736363,18,18,0.19755501222493888,1,"[{""node"":""N3"",""tasks"":2,""started"":2,""wait"":9.0,""unstarted"":0},{""node"":""N4"",""tasks"":6,""started"":6,""wait"":36.333333333333336,""unstarted"":0},{""node"":""N5"",""tasks"":6,""started"":3,""wait"":32.333333333333336,""unstarted"":3},{""node"":""N6"",""tasks"":2,""started"":0,""wait"":null,""unstarted"":2},{""node"":""N7"",""tasks"":4,""started"":3,""wait"":35.666666666666664,""unstarted"":1},{""node"":""N8"",""tasks"":4,""started"":1,""wait"":23.0,""unstarted"":3}]"
6,0.5,11,medium,rolling,15,24,0.7,23.375,30.875,1616,16,23,16,235,5,11,0,1.0560014999791747,18,0,0.21850634100516672,1,"[{""node"":""N3"",""tasks"":2,""started"":2,""wait"":9.0,""unstarted"":0},{""node"":""N4"",""tasks"":6,""started"":5,""wait"":33.2,""unstarted"":1},{""node"":""N5"",""tasks"":6,""started"":3,""wait"":27.0,""unstarted"":3},{""node"":""N6"",""tasks"":2,""started"":0,""wait"":null,""unstarted"":2},{""node"":""N7"",""tasks"":4,""started"":4,""wait"":17.25,""unstarted"":0},{""node"":""N8"",""tasks"":4,""started"":2,""wait"":20.0,""unstarted"":2}]"
6,0.5,11,medium,rolling_forecast,16,24,0.8,27.4375,37.125,1911,16,20,69,223,5,25,0,1.441363700054353,18,1,0.2524109014675052,1,"[{""node"":""N3"",""tasks"":2,""started"":2,""wait"":9.0,""unstarted"":0},{""node"":""N4"",""tasks"":6,""started"":6,""wait"":41.5,""unstarted"":0},{""node"":""N5"",""tasks"":6,""started"":2,""wait"":24.0,""unstarted"":4},{""node"":""N6"",""tasks"":2,""started"":0,""wait"":null,""unstarted"":2},{""node"":""N7"",""tasks"":4,""started"":4,""wait"":17.25,""unstarted"":0},{""node"":""N8"",""tasks"":4,""started"":2,""wait"":27.5,""unstarted"":2}]"
6,0.5,11,medium,static,4,24,0.2,17.75,18.5,287,4,49,0,133,0,0,0,0.05645370000274852,1,0,0.15845070422535212,2,"[{""node"":""N3"",""tasks"":2,""started"":1,""wait"":10.0,""unstarted"":1},{""node"":""N4"",""tasks"":6,""started"":1,""wait"":17.0,""unstarted"":5},{""node"":""N5"",""tasks"":6,""started"":1,""wait"":20.0,""unstarted"":5},{""node"":""N6"",""tasks"":2,""started"":0,""wait"":null,""unstarted"":2},{""node"":""N7"",""tasks"":4,""started"":1,""wait"":24.0,""unstarted"":3},{""node"":""N8"",""tasks"":4,""started"":0,""wait"":null,""unstarted"":4}]"
6,0.75,18,high,greedy,22,36,0.6666666666666666,28.68,36.0,2969,25,33,105,294,18,10,0,0.26894520000496414,22,22,0.2800428418421992,1,"[{""node"":""N3"",""tasks"":3,""started"":3,""wait"":7.0,""unstarted"":0},{""node"":""N4"",""tasks"":9,""started"":8,""wait"":39.0,""unstarted"":1},{""node"":""N5"",""tasks"":9,""started"":8,""wait"":34.375,""unstarted"":1},{""node"":""N6"",""tasks"":3,""started"":3,""wait"":19.666666666666668,""unstarted"":0},{""node"":""N7"",""tasks"":6,""started"":3,""wait"":16.666666666666668,""unstarted"":3},{""node"":""N8"",""tasks"":6,""started"":0,""wait"":null,""unstarted"":6}]"
6,0.75,18,high,rolling,21,36,0.5333333333333333,33.53846153846154,41.81818181818182,3420,26,38,226,383,17,38,0,3.803224200019031,22,10,0.2271314214657652,0,"[{""node"":""N3"",""tasks"":3,""started"":3,""wait"":7.0,""unstarted"":0},{""node"":""N4"",""tasks"":9,""started"":8,""wait"":43.375,""unstarted"":1},{""node"":""N5"",""tasks"":9,""started"":6,""wait"":41.666666666666664,""unstarted"":3},{""node"":""N6"",""tasks"":3,""started"":2,""wait"":29.0,""unstarted"":1},{""node"":""N7"",""tasks"":6,""started"":4,""wait"":23.0,""unstarted"":2},{""node"":""N8"",""tasks"":6,""started"":3,""wait"":34.666666666666664,""unstarted"":3}]"
6,0.75,18,high,rolling_forecast,23,36,0.6666666666666666,30.0,37.84615384615385,3224,26,31,131,322,23,13,0,3.29370230002678,22,18,0.3002361075976052,0,"[{""node"":""N3"",""tasks"":3,""started"":3,""wait"":7.0,""unstarted"":0},{""node"":""N4"",""tasks"":9,""started"":8,""wait"":41.0,""unstarted"":1},{""node"":""N5"",""tasks"":9,""started"":8,""wait"":35.375,""unstarted"":1},{""node"":""N6"",""tasks"":3,""started"":3,""wait"":16.666666666666668,""unstarted"":0},{""node"":""N7"",""tasks"":6,""started"":3,""wait"":16.666666666666668,""unstarted"":3},{""node"":""N8"",""tasks"":6,""started"":1,""wait"":48.0,""unstarted"":5}]"
6,0.75,18,high,static,4,36,0.13333333333333333,13.5,13.5,216,4,78,0,109,0,0,0,0.07482049999816809,1,0,0.25,2,"[{""node"":""N3"",""tasks"":3,""started"":1,""wait"":5.0,""unstarted"":2},{""node"":""N4"",""tasks"":9,""started"":1,""wait"":12.0,""unstarted"":8},{""node"":""N5"",""tasks"":9,""started"":1,""wait"":15.0,""unstarted"":8},{""node"":""N6"",""tasks"":3,""started"":0,""wait"":null,""unstarted"":3},{""node"":""N7"",""tasks"":6,""started"":1,""wait"":22.0,""unstarted"":5},{""node"":""N8"",""tasks"":6,""started"":0,""wait"":null,""unstarted"":6}]"
6,0.75,18,low,greedy,12,12,1.0,16.833333333333332,12.0,692,12,0,0,288,0,0,0,0.004262399976141751,14,14,0.24211711711711714,0,"[{""node"":""N3"",""tasks"":1,""started"":1,""wait"":5.0,""unstarted"":0},{""node"":""N4"",""tasks"":3,""started"":3,""wait"":13.666666666666666,""unstarted"":0},{""node"":""N5"",""tasks"":3,""started"":3,""wait"":13.0,""unstarted"":0},{""node"":""N6"",""tasks"":1,""started"":1,""wait"":17.0,""unstarted"":0},{""node"":""N7"",""tasks"":2,""started"":2,""wait"":23.0,""unstarted"":0},{""node"":""N8"",""tasks"":2,""started"":2,""wait"":27.0,""unstarted"":0}]"
6,0.75,18,low,rolling,12,12,1.0,16.833333333333332,12.0,692,12,0,0,288,0,0,0,0.10481730000174139,14,0,0.24211711711711714,0,"[{""node"":""N3"",""tasks"":1,""started"":1,""wait"":5.0,""unstarted"":0},{""node"":""N4"",""tasks"":3,""started"":3,""wait"":13.666666666666666,""unstarted"":0},{""node"":""N5"",""tasks"":3,""started"":3,""wait"":13.0,""unstarted"":0},{""node"":""N6"",""tasks"":1,""started"":1,""wait"":17.0,""unstarted"":0},{""node"":""N7"",""tasks"":2,""started"":2,""wait"":23.0,""unstarted"":0},{""node"":""N8"",""tasks"":2,""started"":2,""wait"":27.0,""unstarted"":0}]"
6,0.75,18,low,rolling_forecast,12,12,1.0,15.416666666666666,12.0,647,12,0,0,306,0,0,0,0.12793510002666153,14,0,0.2073934837092732,0,"[{""node"":""N3"",""tasks"":1,""started"":1,""wait"":5.0,""unstarted"":0},{""node"":""N4"",""tasks"":3,""started"":3,""wait"":13.666666666666666,""unstarted"":0},{""node"":""N5"",""tasks"":3,""started"":3,""wait"":13.0,""unstarted"":0},{""node"":""N6"",""tasks"":1,""started"":1,""wait"":14.0,""unstarted"":0},{""node"":""N7"",""tasks"":2,""started"":2,""wait"":20.5,""unstarted"":0},{""node"":""N8"",""tasks"":2,""started"":2,""wait"":22.5,""unstarted"":0}]"
6,0.75,18,low,static,4,12,0.4,13.5,13.5,216,4,20,0,109,0,0,0,0.01687970000784844,1,0,0.25,2,"[{""node"":""N3"",""tasks"":1,""started"":1,""wait"":5.0,""unstarted"":0},{""node"":""N4"",""tasks"":3,""started"":1,""wait"":12.0,""unstarted"":2},{""node"":""N5"",""tasks"":3,""started"":1,""wait"":15.0,""unstarted"":2},{""node"":""N6"",""tasks"":1,""started"":0,""wait"":null,""unstarted"":1},{""node"":""N7"",""tasks"":2,""started"":1,""wait"":22.0,""unstarted"":1},{""node"":""N8"",""tasks"":2,""started"":0,""wait"":null,""unstarted"":2}]"
6,0.75,18,medium,greedy,18,24,0.9,23.526315789473685,23.5,1773,19,13,26,339,1,11,0,0.016560300020501018,18,18,0.3316993464052287,0,"[{""node"":""N3"",""tasks"":2,""started"":2,""wait"":4.0,""unstarted"":0},{""node"":""N4"",""tasks"":6,""started"":6,""wait"":21.166666666666668,""unstarted"":0},{""node"":""N5"",""tasks"":6,""started"":6,""wait"":27.333333333333332,""unstarted"":0},{""node"":""N6"",""tasks"":2,""started"":1,""wait"":19.0,""unstarted"":1},{""node"":""N7"",""tasks"":4,""started"":2,""wait"":14.5,""unstarted"":2},{""node"":""N8"",""tasks"":4,""started"":2,""wait"":50.0,""unstarted"":2}]"
6,0.75,18,medium,rolling,21,24,1.0,22.818181818181817,23.3,1934,22,6,24,343,1,2,0,1.3658694000041578,18,0,0.22626931567328923,0,"[{""node"":""N3"",""tasks"":2,""started"":2,""wait"":4.0,""unstarted"":0},{""node"":""N4"",""tasks"":6,""started"":6,""wait"":27.666666666666668,""unstarted"":0},{""node"":""N5"",""tasks"":6,""started"":6,""wait"":20.5,""unstarted"":0},{""node"":""N6"",""tasks"":2,""started"":1,""wait"":19.0,""unstarted"":1},{""node"":""N7"",""tasks"":4,""started"":4,""wait"":22.0,""unstarted"":0},{""node"":""N8"",""tasks"":4,""started"":3,""wait"":32.666666666666664,""unstarted"":1}]"
6,0.75,18,medium,rolling_forecast,18,24,0.9,24.473684210526315,24.1,1877,19,13,26,324,8,17,0,2.468049599963706,18,12,0.32172739541160594,1,"[{""node"":""N3"",""tasks"":2,""started"":2,""wait"":4.0,""unstarted"":0},{""node"":""N4"",""tasks"":6,""started"":6,""wait"":22.166666666666668,""unstarted"":0},{""node"":""N5"",""tasks"":6,""started"":6,""wait"":27.333333333333332,""unstarted"":0},{""node"":""N6"",""tasks"":2,""started"":0,""wait"":null,""unstarted"":2},{""node"":""N7"",""tasks"":4,""started"":3,""wait"":20.0,""unstarted"":1},{""node"":""N8"",""tasks"":4,""started"":2,""wait"":50.0,""unstarted"":2}]"
6,0.75,18,medium,static,4,24,0.2,13.5,13.5,216,4,49,0,109,0,0,0,0.02162480000697542,1,0,0.25,2,"[{""node"":""N3"",""tasks"":2,""started"":1,""wait"":5.0,""unstarted"":1},{""node"":""N4"",""tasks"":6,""started"":1,""wait"":12.0,""unstarted"":5},{""node"":""N5"",""tasks"":6,""started"":1,""wait"":15.0,""unstarted"":5},{""node"":""N6"",""tasks"":2,""started"":0,""wait"":null,""unstarted"":2},{""node"":""N7"",""tasks"":4,""started"":1,""wait"":22.0,""unstarted"":3},{""node"":""N8"",""tasks"":4,""started"":0,""wait"":null,""unstarted"":4}]"
6,1,26,high,greedy,25,36,0.9333333333333333,24.76923076923077,26.133333333333333,2716,26,23,30,450,34,19,0,0.22858549999364186,22,22,0.22930439072520964,1,"[{""node"":""N3"",""tasks"":3,""started"":3,""wait"":7.0,""unstarted"":0},{""node"":""N4"",""tasks"":9,""started"":9,""wait"":26.22222222222222,""unstarted"":0},{""node"":""N5"",""tasks"":9,""started"":9,""wait"":30.22222222222222,""unstarted"":0},{""node"":""N6"",""tasks"":3,""started"":0,""wait"":null,""unstarted"":3},{""node"":""N7"",""tasks"":6,""started"":3,""wait"":16.666666666666668,""unstarted"":3},{""node"":""N8"",""tasks"":6,""started"":2,""wait"":32.5,""unstarted"":4}]"
6,1,26,high,rolling,32,36,0.8,25.970588235294116,28.785714285714285,3355,34,11,55,445,17,40,0,2.9609572000190383,22,1,0.21640279332587029,0,"[{""node"":""N3"",""tasks"":3,""started"":3,""wait"":7.0,""unstarted"":0},{""node"":""N4"",""tasks"":9,""started"":9,""wait"":26.555555555555557,""unstarted"":0},{""node"":""N5"",""tasks"":9,""started"":8,""wait"":35.0,""unstarted"":1},{""node"":""N6"",""tasks"":3,""started"":3,""wait"":16.666666666666668,""unstarted"":0},{""node"":""N7"",""tasks"":6,""started"":6,""wait"":24.333333333333332,""unstarted"":0},{""node"":""N8"",""tasks"":6,""started"":5,""wait"":29.4,""unstarted"":1}]"
6,1,26,high,rolling_forecast,27,36,0.8,28.387096774193548,30.642857142857142,3396,31,22,114,456,7,44,0,2.834136999983457,22,2,0.19729882828133566,0,"[{""node"":""N3"",""tasks"":3,""started"":3,""wait"":9.333333333333334,""unstarted"":0},{""node"":""N4"",""tasks"":9,""started"":8,""wait"":32.375,""unstarted"":1},{""node"":""N5"",""tasks"":9,""started"":9,""wait"":36.22222222222222,""unstarted"":0},{""node"":""N6"",""tasks"":3,""started"":2,""wait"":25.5,""unstarted"":1},{""node"":""N7"",""tasks"":6,""started"":4,""wait"":18.75,""unstarted"":2},{""node"":""N8"",""tasks"":6,""started"":5,""wait"":28.2,""unstarted"":1}]"
6,1,26,high,static,4,36,0.13333333333333333,13.5,13.5,216,4,78,0,109,0,0,0,0.11692810000386089,1,0,0.25,2,"[{""node"":""N3"",""tasks"":3,""started"":1,""wait"":5.0,""unstarted"":2},{""node"":""N4"",""tasks"":9,""started"":1,""wait"":12.0,""unstarted"":8},{""node"":""N5"",""tasks"":9,""started"":1,""wait"":15.0,""unstarted"":8},{""node"":""N6"",""tasks"":3,""started"":0,""wait"":null,""unstarted"":3},{""node"":""N7"",""tasks"":6,""started"":1,""wait"":22.0,""unstarted"":5},{""node"":""N8"",""tasks"":6,""started"":0,""wait"":null,""unstarted"":6}]"
6,1,26,low,greedy,12,12,1.0,16.416666666666668,12.0,683,12,0,0,293,0,0,0,0.05281720003404189,14,14,0.24178403755868547,0,"[{""node"":""N3"",""tasks"":1,""started"":1,""wait"":5.0,""unstarted"":0},{""node"":""N4"",""tasks"":3,""started"":3,""wait"":13.666666666666666,""unstarted"":0},{""node"":""N5"",""tasks"":3,""started"":3,""wait"":13.0,""unstarted"":0},{""node"":""N6"",""tasks"":1,""started"":1,""wait"":14.0,""unstarted"":0},{""node"":""N7"",""tasks"":2,""started"":2,""wait"":22.0,""unstarted"":0},{""node"":""N8"",""tasks"":2,""started"":2,""wait"":27.0,""unstarted"":0}]"
6,1,26,low,rolling,12,12,1.0,16.416666666666668,12.0,683,12,0,0,293,0,0,0,0.5719169000076363,14,0,0.24178403755868547,0,"[{""node"":""N3"",""tasks"":1,""started"":1,""wait"":5.0,""unstarted"":0},{""node"":""N4"",""tasks"":3,""started"":3,""wait"":13.666666666666666,""unstarted"":0},{""node"":""N5"",""tasks"":3,""started"":3,""wait"":13.0,""unstarted"":0},{""node"":""N6"",""tasks"":1,""started"":1,""wait"":14.0,""unstarted"":0},{""node"":""N7"",""tasks"":2,""started"":2,""wait"":22.0,""unstarted"":0},{""node"":""N8"",""tasks"":2,""started"":2,""wait"":27.0,""unstarted"":0}]"
6,1,26,low,rolling_forecast,12,12,1.0,15.083333333333334,12.0,637,12,0,0,329,0,0,0,0.7025479999720119,14,0,0.20535138620245008,0,"[{""node"":""N3"",""tasks"":1,""started"":1,""wait"":5.0,""unstarted"":0},{""node"":""N4"",""tasks"":3,""started"":3,""wait"":13.666666666666666,""unstarted"":0},{""node"":""N5"",""tasks"":3,""started"":3,""wait"":13.0,""unstarted"":0},{""node"":""N6"",""tasks"":1,""started"":1,""wait"":13.0,""unstarted"":0},{""node"":""N7"",""tasks"":2,""started"":2,""wait"":19.0,""unstarted"":0},{""node"":""N8"",""tasks"":2,""started"":2,""wait"":22.5,""unstarted"":0}]"
6,1,26,low,static,4,12,0.4,13.5,13.5,216,4,20,0,109,0,0,0,0.11036310000054073,1,0,0.25,2,"[{""node"":""N3"",""tasks"":1,""started"":1,""wait"":5.0,""unstarted"":0},{""node"":""N4"",""tasks"":3,""started"":1,""wait"":12.0,""unstarted"":2},{""node"":""N5"",""tasks"":3,""started"":1,""wait"":15.0,""unstarted"":2},{""node"":""N6"",""tasks"":1,""started"":0,""wait"":null,""unstarted"":1},{""node"":""N7"",""tasks"":2,""started"":1,""wait"":22.0,""unstarted"":1},{""node"":""N8"",""tasks"":2,""started"":0,""wait"":null,""unstarted"":2}]"
6,1,26,medium,greedy,24,24,1.0,20.375,16.4,1743,24,0,16,449,1,5,0,0.04315289999067318,18,18,0.2934272300469483,0,"[{""node"":""N3"",""tasks"":2,""started"":2,""wait"":4.0,""unstarted"":0},{""node"":""N4"",""tasks"":6,""started"":6,""wait"":17.0,""unstarted"":0},{""node"":""N5"",""tasks"":6,""started"":6,""wait"":19.666666666666668,""unstarted"":0},{""node"":""N6"",""tasks"":2,""started"":2,""wait"":13.0,""unstarted"":0},{""node"":""N7"",""tasks"":4,""started"":4,""wait"":19.75,""unstarted"":0},{""node"":""N8"",""tasks"":4,""started"":4,""wait"":39.0,""unstarted"":0}]"
6,1,26,medium,rolling,22,24,1.0,24.318181818181817,19.5,1995,22,4,33,474,0,20,0,2.5650783000455704,18,8,0.22094691535150646,1,"[{""node"":""N3"",""tasks"":2,""started"":2,""wait"":8.0,""unstarted"":0},{""node"":""N4"",""tasks"":6,""started"":6,""wait"":18.833333333333332,""unstarted"":0},{""node"":""N5"",""tasks"":6,""started"":6,""wait"":24.333333333333332,""unstarted"":0},{""node"":""N6"",""tasks"":2,""started"":0,""wait"":null,""unstarted"":2},{""node"":""N7"",""tasks"":4,""started"":4,""wait"":31.0,""unstarted"":0},{""node"":""N8"",""tasks"":4,""started"":4,""wait"":34.0,""unstarted"":0}]"
6,1,26,medium,rolling_forecast,24,24,1.0,17.791666666666668,16.0,1529,24,0,0,401,2,5,0,2.059534400017583,18,6,0.1883876357560568,0,"[{""node"":""N3"",""tasks"":2,""started"":2,""wait"":4.0,""unstarted"":0},{""node"":""N4"",""tasks"":6,""started"":6,""wait"":18.0,""unstarted"":0},{""node"":""N5"",""tasks"":6,""started"":6,""wait"":18.0,""unstarted"":0},{""node"":""N6"",""tasks"":2,""started"":2,""wait"":18.0,""unstarted"":0},{""node"":""N7"",""tasks"":4,""started"":4,""wait"":16.25,""unstarted"":0},{""node"":""N8"",""tasks"":4,""started"":4,""wait"":25.5,""unstarted"":0}]"
6,1,26,medium,static,4,24,0.2,13.5,13.5,216,4,49,0,109,0,0,0,0.10969610000029206,1,0,0.25,2,"[{""node"":""N3"",""tasks"":2,""started"":1,""wait"":5.0,""unstarted"":1},{""node"":""N4"",""tasks"":6,""started"":1,""wait"":12.0,""unstarted"":5},{""node"":""N5"",""tasks"":6,""started"":1,""wait"":15.0,""unstarted"":5},{""node"":""N6"",""tasks"":2,""started"":0,""wait"":null,""unstarted"":2},{""node"":""N7"",""tasks"":4,""started"":1,""wait"":22.0,""unstarted"":3},{""node"":""N8"",""tasks"":4,""started"":0,""wait"":null,""unstarted"":4}]"
7,0.35,8,high,greedy,13,36,0.3333333333333333,23.076923076923077,36.6,1266,13,59,43,116,3,3,0,0.043954000022495165,22,22,0.25162733930024406,2,"[{""node"":""N3"",""tasks"":3,""started"":3,""wait"":10.0,""unstarted"":0},{""node"":""N4"",""tasks"":9,""started"":5,""wait"":36.6,""unstarted"":4},{""node"":""N5"",""tasks"":9,""started"":0,""wait"":null,""unstarted"":9},{""node"":""N6"",""tasks"":3,""started"":0,""wait"":null,""unstarted"":3},{""node"":""N7"",""tasks"":6,""started"":3,""wait"":16.333333333333332,""unstarted"":3},{""node"":""N8"",""tasks"":6,""started"":2,""wait"":19.0,""unstarted"":4}]"
7,0.35,8,high,rolling,12,36,0.2,24.0,21.666666666666668,994,12,63,51,151,10,20,0,1.9018131000193534,22,0,0.3032498042286609,2,"[{""node"":""N3"",""tasks"":3,""started"":3,""wait"":10.0,""unstarted"":0},{""node"":""N4"",""tasks"":9,""started"":3,""wait"":21.666666666666668,""unstarted"":6},{""node"":""N5"",""tasks"":9,""started"":0,""wait"":null,""unstarted"":9},{""node"":""N6"",""tasks"":3,""started"":0,""wait"":null,""unstarted"":3},{""node"":""N7"",""tasks"":6,""started"":4,""wait"":21.75,""unstarted"":2},{""node"":""N8"",""tasks"":6,""started"":2,""wait"":53.0,""unstarted"":4}]"
7,0.35,8,high,rolling_forecast,12,36,0.2,24.0,21.666666666666668,994,12,63,51,145,12,10,0,1.669061300024623,22,0,0.3032498042286609,2,"[{""node"":""N3"",""tasks"":3,""started"":3,""wait"":10.0,""unstarted"":0},{""node"":""N4"",""tasks"":9,""started"":3,""wait"":21.666666666666668,""unstarted"":6},{""node"":""N5"",""tasks"":9,""started"":0,""wait"":null,""unstarted"":9},{""node"":""N6"",""tasks"":3,""started"":0,""wait"":null,""unstarted"":3},{""node"":""N7"",""tasks"":6,""started"":4,""wait"":21.75,""unstarted"":2},{""node"":""N8"",""tasks"":6,""started"":2,""wait"":53.0,""unstarted"":4}]"
7,0.35,8,high,static,3,36,0.06666666666666667,13.666666666666666,13.0,149,3,81,0,74,0,0,0,0.007804299995768815,1,0,0.22764227642276422,3,"[{""node"":""N3"",""tasks"":3,""started"":1,""wait"":7.0,""unstarted"":2},{""node"":""N4"",""tasks"":9,""started"":1,""wait"":13.0,""unstarted"":8},{""node"":""N5"",""tasks"":9,""started"":0,""wait"":null,""unstarted"":9},{""node"":""N6"",""tasks"":3,""started"":0,""wait"":null,""unstarted"":3},{""node"":""N7"",""tasks"":6,""started"":1,""wait"":21.0,""unstarted"":5},{""node"":""N8"",""tasks"":6,""started"":0,""wait"":null,""unstarted"":6}]"
7,0.35,8,low,greedy,7,12,0.6,27.0,24.333333333333332,713,7,13,24,150,0,2,0,0.011530600022524595,14,14,0.336986301369863,1,"[{""node"":""N3"",""tasks"":1,""started"":1,""wait"":7.0,""unstarted"":0},{""node"":""N4"",""tasks"":3,""started"":2,""wait"":18.0,""unstarted"":1},{""node"":""N5"",""tasks"":3,""started"":1,""wait"":37.0,""unstarted"":2},{""node"":""N6"",""tasks"":1,""started"":0,""wait"":null,""unstarted"":1},{""node"":""N7"",""tasks"":2,""started"":2,""wait"":25.0,""unstarted"":0},{""node"":""N8"",""tasks"":2,""started"":1,""wait"":59.0,""unstarted"":1}]"
7,0.35,8,low,rolling,7,12,0.6,20.571428571428573,22.0,564,7,13,0,139,0,2,0,0.12547319999430329,14,0,0.2099009900990099,1,"[{""node"":""N3"",""tasks"":1,""started"":1,""wait"":7.0,""unstarted"":0},{""node"":""N4"",""tasks"":3,""started"":2,""wait"":18.0,""unstarted"":1},{""node"":""N5"",""tasks"":3,""started"":1,""wait"":30.0,""unstarted"":2},{""node"":""N6"",""tasks"":1,""started"":0,""wait"":null,""unstarted"":1},{""node"":""N7"",""tasks"":2,""started"":2,""wait"":25.0,""unstarted"":0},{""node"":""N8"",""tasks"":2,""started"":1,""wait"":21.0,""unstarted"":1}]"
7,0.35,8,low,rolling_forecast,7,12,0.6,20.571428571428573,22.0,564,7,13,0,139,0,2,0,0.12429820002580527,14,0,0.2099009900990099,1,"[{""node"":""N3"",""tasks"":1,""started"":1,""wait"":7.0,""unstarted"":0},{""node"":""N4"",""tasks"":3,""started"":2,""wait"":18.0,""unstarted"":1},{""node"":""N5"",""tasks"":3,""started"":1,""wait"":30.0,""unstarted"":2},{""node"":""N6"",""tasks"":1,""started"":0,""wait"":null,""unstarted"":1},{""node"":""N7"",""tasks"":2,""started"":2,""wait"":25.0,""unstarted"":0},{""node"":""N8"",""tasks"":2,""started"":1,""wait"":21.0,""unstarted"":1}]"
7,0.35,8,low,static,3,12,0.2,13.666666666666666,13.0,149,3,23,0,74,0,0,0,0.007701499998802319,1,0,0.22764227642276422,3,"[{""node"":""N3"",""tasks"":1,""started"":1,""wait"":7.0,""unstarted"":0},{""node"":""N4"",""tasks"":3,""started"":1,""wait"":13.0,""unstarted"":2},{""node"":""N5"",""tasks"":3,""started"":0,""wait"":null,""unstarted"":3},{""node"":""N6"",""tasks"":1,""started"":0,""wait"":null,""unstarted"":1},{""node"":""N7"",""tasks"":2,""started"":1,""wait"":21.0,""unstarted"":1},{""node"":""N8"",""tasks"":2,""started"":0,""wait"":null,""unstarted"":2}]"
7,0.35,8,medium,greedy,9,24,0.4,22.4,33.0,1002,10,38,20,125,4,1,0,0.01886599998397287,18,18,0.32599118942731276,1,"[{""node"":""N3"",""tasks"":2,""started"":2,""wait"":5.0,""unstarted"":0},{""node"":""N4"",""tasks"":6,""started"":4,""wait"":30.5,""unstarted"":2},{""node"":""N5"",""tasks"":6,""started"":1,""wait"":43.0,""unstarted"":5},{""node"":""N6"",""tasks"":2,""started"":0,""wait"":null,""unstarted"":2},{""node"":""N7"",""tasks"":4,""started"":2,""wait"":14.0,""unstarted"":2},{""node"":""N8"",""tasks"":4,""started"":1,""wait"":21.0,""unstarted"":3}]"
7,0.35,8,medium,rolling,10,24,0.4,21.454545454545453,33.2,1040,11,36,21,126,4,3,0,0.6987647000059951,18,0,0.3452054794520548,1,"[{""node"":""N3"",""tasks"":2,""started"":2,""wait"":5.0,""unstarted"":0},{""node"":""N4"",""tasks"":6,""started"":4,""wait"":30.5,""unstarted"":2},{""node"":""N5"",""tasks"":6,""started"":1,""wait"":44.0,""unstarted"":5},{""node"":""N6"",""tasks"":2,""started"":0,""wait"":null,""unstarted"":2},{""node"":""N7"",""tasks"":4,""started"":2,""wait"":14.0,""unstarted"":2},{""node"":""N8"",""tasks"":4,""started"":2,""wait"":16.0,""unstarted"":2}]"
7,0.35,8,medium,rolling_forecast,9,24,0.4,20.3,28.8,897,10,38,13,131,4,5,0,0.7329350000072736,18,0,0.263497453310696,1,"[{""node"":""N3"",""tasks"":2,""started"":2,""wait"":5.0,""unstarted"":0},{""node"":""N4"",""tasks"":6,""started"":3,""wait"":27.666666666666668,""unstarted"":3},{""node"":""N5"",""tasks"":6,""started"":2,""wait"":30.5,""unstarted"":4},{""node"":""N6"",""tasks"":2,""started"":0,""wait"":null,""unstarted"":2},{""node"":""N7"",""tasks"":4,""started"":2,""wait"":14.0,""unstarted"":2},{""node"":""N8"",""tasks"":4,""started"":1,""wait"":21.0,""unstarted"":3}]"
7,0.35,8,medium,static,3,24,0.1,13.666666666666666,13.0,149,3,52,0,74,0,0,0,0.004857300009462051,1,0,0.22764227642276422,3,"[{""node"":""N3"",""tasks"":2,""started"":1,""wait"":7.0,""unstarted"":1},{""node"":""N4"",""tasks"":6,""started"":1,""wait"":13.0,""unstarted"":5},{""node"":""N5"",""tasks"":6,""started"":0,""wait"":null,""unstarted"":6},{""node"":""N6"",""tasks"":2,""started"":0,""wait"":null,""unstarted"":2},{""node"":""N7"",""tasks"":4,""started"":1,""wait"":21.0,""unstarted"":3},{""node"":""N8"",""tasks"":4,""started"":0,""wait"":null,""unstarted"":4}]"
7,0.5,11,high,greedy,15,36,0.5333333333333333,35.35294117647059,45.9,2721,17,52,198,168,18,10,0,0.20738120000169147,22,22,0.3303290019353055,1,"[{""node"":""N3"",""tasks"":3,""started"":3,""wait"":10.0,""unstarted"":0},{""node"":""N4"",""tasks"":9,""started"":7,""wait"":52.57142857142857,""unstarted"":2},{""node"":""N5"",""tasks"":9,""started"":3,""wait"":30.333333333333332,""unstarted"":6},{""node"":""N6"",""tasks"":3,""started"":0,""wait"":null,""unstarted"":3},{""node"":""N7"",""tasks"":6,""started"":3,""wait"":16.333333333333332,""unstarted"":3},{""node"":""N8"",""tasks"":6,""started"":1,""wait"":63.0,""unstarted"":5}]"
7,0.5,11,high,rolling,15,36,0.4666666666666667,33.23529411764706,43.0,2469,17,53,188,186,22,41,0,3.0730686000024434,22,6,0.2652849740932643,1,"[{""node"":""N3"",""tasks"":3,""started"":3,""wait"":10.0,""unstarted"":0},{""node"":""N4"",""tasks"":9,""started"":6,""wait"":44.0,""unstarted"":3},{""node"":""N5"",""tasks"":9,""started"":3,""wait"":41.0,""unstarted"":6},{""node"":""N6"",""tasks"":3,""started"":0,""wait"":null,""unstarted"":3},{""node"":""N7"",""tasks"":6,""started"":3,""wait"":16.333333333333332,""unstarted"":3},{""node"":""N8"",""tasks"":6,""started"":2,""wait"":49.5,""unstarted"":4}]"
7,0.5,11,high,rolling_forecast,15,36,0.5333333333333333,36.294117647058826,45.9,2769,17,52,198,168,19,20,0,3.204487299968605,22,16,0.2963797264682221,1,"[{""node"":""N3"",""tasks"":3,""started"":3,""wait"":15.333333333333334,""unstarted"":0},{""node"":""N4"",""tasks"":9,""started"":7,""wait"":52.57142857142857,""unstarted"":2},{""node"":""N5"",""tasks"":9,""started"":3,""wait"":30.333333333333332,""unstarted"":6},{""node"":""N6"",""tasks"":3,""started"":0,""wait"":null,""unstarted"":3},{""node"":""N7"",""tasks"":6,""started"":3,""wait"":16.333333333333332,""unstarted"":3},{""node"":""N8"",""tasks"":6,""started"":1,""wait"":63.0,""unstarted"":5}]"
7,0.5,11,high,static,4,36,0.13333333333333333,14.0,14.0,224,4,78,0,114,0,0,0,0.018817100004525855,1,0,0.19642857142857142,2,"[{""node"":""N3"",""tasks"":3,""started"":1,""wait"":7.0,""unstarted"":2},{""node"":""N4"",""tasks"":9,""started"":1,""wait"":13.0,""unstarted"":8},{""node"":""N5"",""tasks"":9,""started"":1,""wait"":15.0,""unstarted"":8},{""node"":""N6"",""tasks"":3,""started"":0,""wait"":null,""unstarted"":3},{""node"":""N7"",""tasks"":6,""started"":1,""wait"":21.0,""unstarted"":5},{""node"":""N8"",""tasks"":6,""started"":0,""wait"":null,""unstarted"":6}]"
7,0.5,11,low,greedy,9,12,1.0,24.9,17.0,917,10,7,27,215,0,1,0,0.022136500003398396,14,14,0.3393602225312935,1,"[{""node"":""N3"",""tasks"":1,""started"":1,""wait"":7.0,""unstarted"":0},{""node"":""N4"",""tasks"":3,""started"":3,""wait"":16.333333333333332,""unstarted"":0},{""node"":""N5"",""tasks"":3,""started"":2,""wait"":18.0,""unstarted"":1},{""node"":""N6"",""tasks"":1,""started"":0,""wait"":null,""unstarted"":1},{""node"":""N7"",""tasks"":2,""started"":2,""wait"":25.0,""unstarted"":0},{""node"":""N8"",""tasks"":2,""started"":2,""wait"":53.5,""unstarted"":0}]"
7,0.5,11,low,rolling,10,12,1.0,21.6,14.8,796,10,5,8,208,0,0,0,0.6442837999929907,14,0,0.3232258064516129,1,"[{""node"":""N3"",""tasks"":1,""started"":1,""wait"":7.0,""unstarted"":0},{""node"":""N4"",""tasks"":3,""started"":3,""wait"":16.333333333333332,""unstarted"":0},{""node"":""N5"",""tasks"":3,""started"":2,""wait"":12.5,""unstarted"":1},{""node"":""N6"",""tasks"":1,""started"":0,""wait"":null,""unstarted"":1},{""node"":""N7"",""tasks"":2,""started"":2,""wait"":25.0,""unstarted"":0},{""node"":""N8"",""tasks"":2,""started"":2,""wait"":42.5,""unstarted"":0}]"
7,0.5,11,low,rolling_forecast,9,12,1.0,21.11111111111111,18.8,758,9,7,3,197,0,2,0,1.0024756000057096,14,0,0.23312101910828026,1,"[{""node"":""N3"",""tasks"":1,""started"":1,""wait"":7.0,""unstarted"":0},{""node"":""N4"",""tasks"":3,""started"":3,""wait"":19.666666666666668,""unstarted"":0},{""node"":""N5"",""tasks"":3,""started"":2,""wait"":17.5,""unstarted"":1},{""node"":""N6"",""tasks"":1,""started"":0,""wait"":null,""unstarted"":1},{""node"":""N7"",""tasks"":2,""started"":2,""wait"":28.5,""unstarted"":0},{""node"":""N8"",""tasks"":2,""started"":1,""wait"":32.0,""unstarted"":1}]"
7,0.5,11,low,static,4,12,0.4,14.0,14.0,224,4,20,0,114,0,0,0,0.07287509999878239,1,0,0.19642857142857142,2,"[{""node"":""N3"",""tasks"":1,""started"":1,""wait"":7.0,""unstarted"":0},{""node"":""N4"",""tasks"":3,""started"":1,""wait"":13.0,""unstarted"":2},{""node"":""N5"",""tasks"":3,""started"":1,""wait"":15.0,""unstarted"":2},{""node"":""N6"",""tasks"":1,""started"":0,""wait"":null,""unstarted"":1},{""node"":""N7"",""tasks"":2,""started"":1,""wait"":21.0,""unstarted"":1},{""node"":""N8"",""tasks"":2,""started"":0,""wait"":null,""unstarted"":2}]"
7,0.5,11,medium,greedy,12,24,0.8,23.76923076923077,30.11111111111111,1469,13,28,22,146,9,4,0,0.08748760000162292,18,18,0.29468085106382985,2,"[{""node"":""N3"",""tasks"":2,""started"":2,""wait"":5.0,""unstarted"":0},{""node"":""N4"",""tasks"":6,""started"":6,""wait"":31.0,""unstarted"":0},{""node"":""N5"",""tasks"":6,""started"":3,""wait"":28.333333333333332,""unstarted"":3},{""node"":""N6"",""tasks"":2,""started"":0,""wait"":null,""unstarted"":2},{""node"":""N7"",""tasks"":4,""started"":2,""wait"":14.0,""unstarted"":2},{""node"":""N8"",""tasks"":4,""started"":0,""wait"":null,""unstarted"":4}]"
7,0.5,11,medium,rolling,16,24,0.8,22.823529411764707,31.77777777777778,1736,17,20,37,193,7,7,0,1.026689800026361,18,0,0.28417508417508414,1,"[{""node"":""N3"",""tasks"":2,""started"":2,""wait"":5.0,""unstarted"":0},{""node"":""N4"",""tasks"":6,""started"":6,""wait"":32.333333333333336,""unstarted"":0},{""node"":""N5"",""tasks"":6,""started"":3,""wait"":30.666666666666668,""unstarted"":3},{""node"":""N6"",""tasks"":2,""started"":0,""wait"":null,""unstarted"":2},{""node"":""N7"",""tasks"":4,""started"":4,""wait"":15.0,""unstarted"":0},{""node"":""N8"",""tasks"":4,""started"":2,""wait"":16.0,""unstarted"":2}]"
7,0.5,11,medium,rolling_forecast,16,24,0.8,22.823529411764707,31.77777777777778,1736,17,20,37,193,7,7,0,1.023780200004694,18,0,0.28417508417508414,1,"[{""node"":""N3"",""tasks"":2,""started"":2,""wait"":5.0,""unstarted"":0},{""node"":""N4"",""tasks"":6,""started"":6,""wait"":32.333333333333336,""unstarted"":0},{""node"":""N5"",""tasks"":6,""started"":3,""wait"":30.666666666666668,""unstarted"":3},{""node"":""N6"",""tasks"":2,""started"":0,""wait"":null,""unstarted"":2},{""node"":""N7"",""tasks"":4,""started"":4,""wait"":15.0,""unstarted"":0},{""node"":""N8"",""tasks"":4,""started"":2,""wait"":16.0,""unstarted"":2}]"
7,0.5,11,medium,static,4,24,0.2,14.0,14.0,224,4,49,0,114,0,0,0,0.06766000000061467,1,0,0.19642857142857142,2,"[{""node"":""N3"",""tasks"":2,""started"":1,""wait"":7.0,""unstarted"":1},{""node"":""N4"",""tasks"":6,""started"":1,""wait"":13.0,""unstarted"":5},{""node"":""N5"",""tasks"":6,""started"":1,""wait"":15.0,""unstarted"":5},{""node"":""N6"",""tasks"":2,""started"":0,""wait"":null,""unstarted"":2},{""node"":""N7"",""tasks"":4,""started"":1,""wait"":21.0,""unstarted"":3},{""node"":""N8"",""tasks"":4,""started"":0,""wait"":null,""unstarted"":4}]"
7,0.75,18,high,greedy,23,36,0.6666666666666666,29.615384615384617,39.07692307692308,3254,26,31,135,319,27,18,0,0.2172487000207184,22,22,0.2756558641975309,0,"[{""node"":""N3"",""tasks"":3,""started"":3,""wait"":6.666666666666667,""unstarted"":0},{""node"":""N4"",""tasks"":9,""started"":8,""wait"":41.25,""unstarted"":1},{""node"":""N5"",""tasks"":9,""started"":8,""wait"":35.25,""unstarted"":1},{""node"":""N6"",""tasks"":3,""started"":2,""wait"":18.0,""unstarted"":1},{""node"":""N7"",""tasks"":6,""started"":3,""wait"":16.333333333333332,""unstarted"":3},{""node"":""N8"",""tasks"":6,""started"":2,""wait"":26.5,""unstarted"":4}]"
7,0.75,18,high,rolling,21,36,0.5333333333333333,31.24,39.45454545454545,3165,25,38,144,347,20,33,0,3.898435800030711,22,13,0.2361999264976111,0,"[{""node"":""N3"",""tasks"":3,""started"":3,""wait"":6.666666666666667,""unstarted"":0},{""node"":""N4"",""tasks"":9,""started"":7,""wait"":38.142857142857146,""unstarted"":2},{""node"":""N5"",""tasks"":9,""started"":7,""wait"":41.57142857142857,""unstarted"":2},{""node"":""N6"",""tasks"":3,""started"":1,""wait"":23.0,""unstarted"":2},{""node"":""N7"",""tasks"":6,""started"":4,""wait"":22.25,""unstarted"":2},{""node"":""N8"",""tasks"":6,""started"":3,""wait"":30.333333333333332,""unstarted"":3}]"
7,0.75,18,high,rolling_forecast,24,36,0.6666666666666666,31.296296296296298,41.92307692307692,3527,27,29,162,312,22,17,0,3.3418692000268493,22,18,0.25172167069135143,0,"[{""node"":""N3"",""tasks"":3,""started"":3,""wait"":10.0,""unstarted"":0},{""node"":""N4"",""tasks"":9,""started"":8,""wait"":42.5,""unstarted"":1},{""node"":""N5"",""tasks"":9,""started"":8,""wait"":38.625,""unstarted"":1},{""node"":""N6"",""tasks"":3,""started"":3,""wait"":16.333333333333332,""unstarted"":0},{""node"":""N7"",""tasks"":6,""started"":3,""wait"":21.333333333333332,""unstarted"":3},{""node"":""N8"",""tasks"":6,""started"":2,""wait"":26.5,""unstarted"":4}]"
7,0.75,18,high,static,4,36,0.13333333333333333,14.0,14.0,224,4,78,0,107,0,0,0,0.13628019999305252,1,0,0.19642857142857142,2,"[{""node"":""N3"",""tasks"":3,""started"":1,""wait"":7.0,""unstarted"":2},{""node"":""N4"",""tasks"":9,""started"":1,""wait"":13.0,""unstarted"":8},{""node"":""N5"",""tasks"":9,""started"":1,""wait"":15.0,""unstarted"":8},{""node"":""N6"",""tasks"":3,""started"":0,""wait"":null,""unstarted"":3},{""node"":""N7"",""tasks"":6,""started"":1,""wait"":21.0,""unstarted"":5},{""node"":""N8"",""tasks"":6,""started"":0,""wait"":null,""unstarted"":6}]"
7,0.75,18,low,greedy,12,12,1.0,15.916666666666666,13.6,683,12,0,0,285,0,0,0,0.0038327000220306218,14,14,0.2042424242424242,0,"[{""node"":""N3"",""tasks"":1,""started"":1,""wait"":7.0,""unstarted"":0},{""node"":""N4"",""tasks"":3,""started"":3,""wait"":16.333333333333332,""unstarted"":0},{""node"":""N5"",""tasks"":3,""started"":3,""wait"":11.333333333333334,""unstarted"":0},{""node"":""N6"",""tasks"":1,""started"":1,""wait"":13.0,""unstarted"":0},{""node"":""N7"",""tasks"":2,""started"":2,""wait"":21.0,""unstarted"":0},{""node"":""N8"",""tasks"":2,""started"":2,""wait"":23.0,""unstarted"":0}]"
7,0.75,18,low,rolling,12,12,1.0,15.916666666666666,13.6,683,12,0,0,258,0,0,0,0.09313129998918157,14,0,0.2042424242424242,0,"[{""node"":""N3"",""tasks"":1,""started"":1,""wait"":7.0,""unstarted"":0},{""node"":""N4"",""tasks"":3,""started"":3,""wait"":16.333333333333332,""unstarted"":0},{""node"":""N5"",""tasks"":3,""started"":3,""wait"":11.333333333333334,""unstarted"":0},{""node"":""N6"",""tasks"":1,""started"":1,""wait"":13.0,""unstarted"":0},{""node"":""N7"",""tasks"":2,""started"":2,""wait"":21.0,""unstarted"":0},{""node"":""N8"",""tasks"":2,""started"":2,""wait"":23.0,""unstarted"":0}]"
7,0.75,18,low,rolling_forecast,12,12,1.0,14.916666666666666,13.6,647,12,0,0,289,0,0,0,0.12909240002045408,14,0,0.1699092088197146,0,"[{""node"":""N3"",""tasks"":1,""started"":1,""wait"":7.0,""unstarted"":0},{""node"":""N4"",""tasks"":3,""started"":3,""wait"":16.333333333333332,""unstarted"":0},{""node"":""N5"",""tasks"":3,""started"":3,""wait"":11.333333333333334,""unstarted"":0},{""node"":""N6"",""tasks"":1,""started"":1,""wait"":13.0,""unstarted"":0},{""node"":""N7"",""tasks"":2,""started"":2,""wait"":19.5,""unstarted"":0},{""node"":""N8"",""tasks"":2,""started"":2,""wait"":18.5,""unstarted"":0}]"
7,0.75,18,low,static,4,12,0.4,14.0,14.0,224,4,20,0,107,0,0,0,0.021154200003365986,1,0,0.19642857142857142,2,"[{""node"":""N3"",""tasks"":1,""started"":1,""wait"":7.0,""unstarted"":0},{""node"":""N4"",""tasks"":3,""started"":1,""wait"":13.0,""unstarted"":2},{""node"":""N5"",""tasks"":3,""started"":1,""wait"":15.0,""unstarted"":2},{""node"":""N6"",""tasks"":1,""started"":0,""wait"":null,""unstarted"":1},{""node"":""N7"",""tasks"":2,""started"":1,""wait"":21.0,""unstarted"":1},{""node"":""N8"",""tasks"":2,""started"":0,""wait"":null,""unstarted"":2}]"
7,0.75,18,medium,greedy,19,24,1.0,26.285714285714285,23.3,2122,21,10,71,327,12,9,0,0.015173599997069687,18,18,0.29794871794871797,1,"[{""node"":""N3"",""tasks"":2,""started"":2,""wait"":5.0,""unstarted"":0},{""node"":""N4"",""tasks"":6,""started"":6,""wait"":22.666666666666668,""unstarted"":0},{""node"":""N5"",""tasks"":6,""started"":6,""wait"":23.833333333333332,""unstarted"":0},{""node"":""N6"",""tasks"":2,""started"":0,""wait"":null,""unstarted"":2},{""node"":""N7"",""tasks"":4,""started"":4,""wait"":27.5,""unstarted"":0},{""node"":""N8"",""tasks"":4,""started"":3,""wait"":51.0,""unstarted"":1}]"
7,0.75,18,medium,rolling,23,24,0.9,19.916666666666668,22.5,1794,24,3,7,305,0,0,0,0.9420648999948753,18,0,0.22640562248995985,0,"[{""node"":""N3"",""tasks"":2,""started"":2,""wait"":5.0,""unstarted"":0},{""node"":""N4"",""tasks"":6,""started"":6,""wait"":19.666666666666668,""unstarted"":0},{""node"":""N5"",""tasks"":6,""started"":6,""wait"":25.5,""unstarted"":0},{""node"":""N6"",""tasks"":2,""started"":2,""wait"":22.5,""unstarted"":0},{""node"":""N7"",""tasks"":4,""started"":4,""wait"":11.75,""unstarted"":0},{""node"":""N8"",""tasks"":4,""started"":4,""wait"":26.25,""unstarted"":0}]"
7,0.75,18,medium,rolling_forecast,18,24,1.0,25.789473684210527,24.7,1964,19,12,78,308,9,22,0,2.530355100010638,18,11,0.2813688212927756,1,"[{""node"":""N3"",""tasks"":2,""started"":2,""wait"":5.0,""unstarted"":0},{""node"":""N4"",""tasks"":6,""started"":6,""wait"":27.666666666666668,""unstarted"":0},{""node"":""N5"",""tasks"":6,""started"":6,""wait"":21.166666666666668,""unstarted"":0},{""node"":""N6"",""tasks"":2,""started"":0,""wait"":null,""unstarted"":2},{""node"":""N7"",""tasks"":4,""started"":3,""wait"":31.666666666666668,""unstarted"":1},{""node"":""N8"",""tasks"":4,""started"":2,""wait"":46.0,""unstarted"":2}]"
7,0.75,18,medium,static,4,24,0.2,14.0,14.0,224,4,49,0,107,0,0,0,0.026942299999063835,1,0,0.19642857142857142,2,"[{""node"":""N3"",""tasks"":2,""started"":1,""wait"":7.0,""unstarted"":1},{""node"":""N4"",""tasks"":6,""started"":1,""wait"":13.0,""unstarted"":5},{""node"":""N5"",""tasks"":6,""started"":1,""wait"":15.0,""unstarted"":5},{""node"":""N6"",""tasks"":2,""started"":0,""wait"":null,""unstarted"":2},{""node"":""N7"",""tasks"":4,""started"":1,""wait"":21.0,""unstarted"":3},{""node"":""N8"",""tasks"":4,""started"":0,""wait"":null,""unstarted"":4}]"
7,1,26,high,greedy,24,36,0.8,25.85185185185185,29.866666666666667,2954,27,27,53,409,32,22,0,0.29432660000748,22,22,0.22144964180362417,0,"[{""node"":""N3"",""tasks"":3,""started"":3,""wait"":6.666666666666667,""unstarted"":0},{""node"":""N4"",""tasks"":9,""started"":9,""wait"":31.0,""unstarted"":0},{""node"":""N5"",""tasks"":9,""started"":9,""wait"":30.333333333333332,""unstarted"":0},{""node"":""N6"",""tasks"":3,""started"":1,""wait"":18.0,""unstarted"":2},{""node"":""N7"",""tasks"":6,""started"":3,""wait"":16.333333333333332,""unstarted"":3},{""node"":""N8"",""tasks"":6,""started"":2,""wait"":29.5,""unstarted"":4}]"
7,1,26,high,rolling,29,36,0.8666666666666667,25.90909090909091,25.333333333333332,3243,33,16,79,442,42,32,0,3.1273959999525687,22,2,0.18146642695223955,0,"[{""node"":""N3"",""tasks"":3,""started"":3,""wait"":6.666666666666667,""unstarted"":0},{""node"":""N4"",""tasks"":9,""started"":9,""wait"":24.333333333333332,""unstarted"":0},{""node"":""N5"",""tasks"":9,""started"":9,""wait"":30.444444444444443,""unstarted"":0},{""node"":""N6"",""tasks"":3,""started"":2,""wait"":20.5,""unstarted"":1},{""node"":""N7"",""tasks"":6,""started"":5,""wait"":29.6,""unstarted"":1},{""node"":""N8"",""tasks"":6,""started"":5,""wait"":30.6,""unstarted"":1}]"
7,1,26,high,rolling_forecast,29,36,0.9333333333333333,25.757575757575758,26.466666666666665,3302,33,15,90,432,25,51,0,2.4680393999879016,22,3,0.19085848854634976,0,"[{""node"":""N3"",""tasks"":3,""started"":3,""wait"":6.666666666666667,""unstarted"":0},{""node"":""N4"",""tasks"":9,""started"":9,""wait"":29.11111111111111,""unstarted"":0},{""node"":""N5"",""tasks"":9,""started"":9,""wait"":26.555555555555557,""unstarted"":0},{""node"":""N6"",""tasks"":3,""started"":1,""wait"":21.0,""unstarted"":2},{""node"":""N7"",""tasks"":6,""started"":6,""wait"":32.666666666666664,""unstarted"":0},{""node"":""N8"",""tasks"":6,""started"":5,""wait"":22.4,""unstarted"":1}]"
7,1,26,high,static,4,36,0.13333333333333333,14.0,14.0,224,4,78,0,107,0,0,0,0.1792663999949582,1,0,0.19642857142857142,2,"[{""node"":""N3"",""tasks"":3,""started"":1,""wait"":7.0,""unstarted"":2},{""node"":""N4"",""tasks"":9,""started"":1,""wait"":13.0,""unstarted"":8},{""node"":""N5"",""tasks"":9,""started"":1,""wait"":15.0,""unstarted"":8},{""node"":""N6"",""tasks"":3,""started"":0,""wait"":null,""unstarted"":3},{""node"":""N7"",""tasks"":6,""started"":1,""wait"":21.0,""unstarted"":5},{""node"":""N8"",""tasks"":6,""started"":0,""wait"":null,""unstarted"":6}]"
7,1,26,low,greedy,12,12,1.0,15.833333333333334,13.6,682,12,0,0,284,0,0,0,0.051993299974128604,14,14,0.2083333333333333,0,"[{""node"":""N3"",""tasks"":1,""started"":1,""wait"":7.0,""unstarted"":0},{""node"":""N4"",""tasks"":3,""started"":3,""wait"":16.333333333333332,""unstarted"":0},{""node"":""N5"",""tasks"":3,""started"":3,""wait"":11.333333333333334,""unstarted"":0},{""node"":""N6"",""tasks"":1,""started"":1,""wait"":12.0,""unstarted"":0},{""node"":""N7"",""tasks"":2,""started"":2,""wait"":21.0,""unstarted"":0},{""node"":""N8"",""tasks"":2,""started"":2,""wait"":23.0,""unstarted"":0}]"
7,1,26,low,rolling,12,12,1.0,15.833333333333334,13.6,682,12,0,0,257,0,0,0,0.7410082999995211,14,0,0.2083333333333333,0,"[{""node"":""N3"",""tasks"":1,""started"":1,""wait"":7.0,""unstarted"":0},{""node"":""N4"",""tasks"":3,""started"":3,""wait"":16.333333333333332,""unstarted"":0},{""node"":""N5"",""tasks"":3,""started"":3,""wait"":11.333333333333334,""unstarted"":0},{""node"":""N6"",""tasks"":1,""started"":1,""wait"":12.0,""unstarted"":0},{""node"":""N7"",""tasks"":2,""started"":2,""wait"":21.0,""unstarted"":0},{""node"":""N8"",""tasks"":2,""started"":2,""wait"":23.0,""unstarted"":0}]"
7,1,26,low,rolling_forecast,12,12,1.0,14.75,13.6,645,12,0,0,308,0,0,0,0.6343395999865606,14,0,0.17928286852589637,0,"[{""node"":""N3"",""tasks"":1,""started"":1,""wait"":7.0,""unstarted"":0},{""node"":""N4"",""tasks"":3,""started"":3,""wait"":16.333333333333332,""unstarted"":0},{""node"":""N5"",""tasks"":3,""started"":3,""wait"":11.333333333333334,""unstarted"":0},{""node"":""N6"",""tasks"":1,""started"":1,""wait"":11.0,""unstarted"":0},{""node"":""N7"",""tasks"":2,""started"":2,""wait"":19.5,""unstarted"":0},{""node"":""N8"",""tasks"":2,""started"":2,""wait"":18.5,""unstarted"":0}]"
7,1,26,low,static,4,12,0.4,14.0,14.0,224,4,20,0,107,0,0,0,0.14617409999482334,1,0,0.19642857142857142,2,"[{""node"":""N3"",""tasks"":1,""started"":1,""wait"":7.0,""unstarted"":0},{""node"":""N4"",""tasks"":3,""started"":1,""wait"":13.0,""unstarted"":2},{""node"":""N5"",""tasks"":3,""started"":1,""wait"":15.0,""unstarted"":2},{""node"":""N6"",""tasks"":1,""started"":0,""wait"":null,""unstarted"":1},{""node"":""N7"",""tasks"":2,""started"":1,""wait"":21.0,""unstarted"":1},{""node"":""N8"",""tasks"":2,""started"":0,""wait"":null,""unstarted"":2}]"
7,1,26,medium,greedy,24,24,1.0,18.875,17.2,1653,24,0,1,369,2,2,0,0.03697119998105336,18,18,0.24210807918673088,0,"[{""node"":""N3"",""tasks"":2,""started"":2,""wait"":5.0,""unstarted"":0},{""node"":""N4"",""tasks"":6,""started"":6,""wait"":17.0,""unstarted"":0},{""node"":""N5"",""tasks"":6,""started"":6,""wait"":19.333333333333332,""unstarted"":0},{""node"":""N6"",""tasks"":2,""started"":2,""wait"":12.5,""unstarted"":0},{""node"":""N7"",""tasks"":4,""started"":4,""wait"":19.5,""unstarted"":0},{""node"":""N8"",""tasks"":4,""started"":4,""wait"":30.5,""unstarted"":0}]"
7,1,26,medium,rolling,24,24,1.0,17.666666666666668,17.7,1576,24,0,1,359,2,6,0,2.1386711000377545,18,6,0.2244367417677643,0,"[{""node"":""N3"",""tasks"":2,""started"":2,""wait"":5.0,""unstarted"":0},{""node"":""N4"",""tasks"":6,""started"":6,""wait"":17.0,""unstarted"":0},{""node"":""N5"",""tasks"":6,""started"":6,""wait"":20.166666666666668,""unstarted"":0},{""node"":""N6"",""tasks"":2,""started"":2,""wait"":12.5,""unstarted"":0},{""node"":""N7"",""tasks"":4,""started"":4,""wait"":15.5,""unstarted"":0},{""node"":""N8"",""tasks"":4,""started"":4,""wait"":26.0,""unstarted"":0}]"
7,1,26,medium,rolling_forecast,24,24,1.0,17.583333333333332,17.5,1566,24,0,1,378,2,7,0,1.750475600012578,18,6,0.2234782608695652,0,"[{""node"":""N3"",""tasks"":2,""started"":2,""wait"":5.0,""unstarted"":0},{""node"":""N4"",""tasks"":6,""started"":6,""wait"":17.0,""unstarted"":0},{""node"":""N5"",""tasks"":6,""started"":6,""wait"":19.833333333333332,""unstarted"":0},{""node"":""N6"",""tasks"":2,""started"":2,""wait"":12.5,""unstarted"":0},{""node"":""N7"",""tasks"":4,""started"":4,""wait"":15.5,""unstarted"":0},{""node"":""N8"",""tasks"":4,""started"":4,""wait"":26.0,""unstarted"":0}]"
7,1,26,medium,static,4,24,0.2,14.0,14.0,224,4,49,0,107,0,0,0,0.15722499998810235,1,0,0.19642857142857142,2,"[{""node"":""N3"",""tasks"":2,""started"":1,""wait"":7.0,""unstarted"":1},{""node"":""N4"",""tasks"":6,""started"":1,""wait"":13.0,""unstarted"":5},{""node"":""N5"",""tasks"":6,""started"":1,""wait"":15.0,""unstarted"":5},{""node"":""N6"",""tasks"":2,""started"":0,""wait"":null,""unstarted"":2},{""node"":""N7"",""tasks"":4,""started"":1,""wait"":21.0,""unstarted"":3},{""node"":""N8"",""tasks"":4,""started"":0,""wait"":null,""unstarted"":4}]"
8,0.35,8,high,greedy,12,36,0.3333333333333333,25.46153846153846,36.833333333333336,1435,13,61,42,134,3,3,0,0.0472072999982629,22,22,0.3060647514819881,1,"[{""node"":""N3"",""tasks"":3,""started"":3,""wait"":12.333333333333334,""unstarted"":0},{""node"":""N4"",""tasks"":9,""started"":5,""wait"":32.2,""unstarted"":4},{""node"":""N5"",""tasks"":9,""started"":1,""wait"":60.0,""unstarted"":8},{""node"":""N6"",""tasks"":3,""started"":0,""wait"":null,""unstarted"":3},{""node"":""N7"",""tasks"":6,""started"":3,""wait"":15.666666666666666,""unstarted"":3},{""node"":""N8"",""tasks"":6,""started"":1,""wait"":26.0,""unstarted"":5}]"
8,0.35,8,high,rolling,12,36,0.2,25.46153846153846,19.0,1107,13,63,59,143,9,15,0,1.8007110000035027,22,0,0.2838983050847457,2,"[{""node"":""N3"",""tasks"":3,""started"":3,""wait"":12.333333333333334,""unstarted"":0},{""node"":""N4"",""tasks"":9,""started"":3,""wait"":19.0,""unstarted"":6},{""node"":""N5"",""tasks"":9,""started"":0,""wait"":null,""unstarted"":9},{""node"":""N6"",""tasks"":3,""started"":0,""wait"":null,""unstarted"":3},{""node"":""N7"",""tasks"":6,""started"":4,""wait"":21.25,""unstarted"":2},{""node"":""N8"",""tasks"":6,""started"":3,""wait"":50.666666666666664,""unstarted"":3}]"
8,0.35,8,high,rolling_forecast,13,36,0.3333333333333333,23.46153846153846,34.8,1263,13,59,52,125,12,13,0,1.703501399999368,22,0,0.21794129007338742,2,"[{""node"":""N3"",""tasks"":3,""started"":3,""wait"":12.333333333333334,""unstarted"":0},{""node"":""N4"",""tasks"":9,""started"":5,""wait"":34.8,""unstarted"":4},{""node"":""N5"",""tasks"":9,""started"":0,""wait"":null,""unstarted"":9},{""node"":""N6"",""tasks"":3,""started"":0,""wait"":null,""unstarted"":3},{""node"":""N7"",""tasks"":6,""started"":3,""wait"":15.666666666666666,""unstarted"":3},{""node"":""N8"",""tasks"":6,""started"":2,""wait"":23.5,""unstarted"":4}]"
8,0.35,8,high,static,3,36,0.06666666666666667,14.666666666666666,15.0,162,3,81,0,80,0,0,0,0.006573900012881495,1,0,0.13636363636363635,3,"[{""node"":""N3"",""tasks"":3,""started"":1,""wait"":10.0,""unstarted"":2},{""node"":""N4"",""tasks"":9,""started"":1,""wait"":15.0,""unstarted"":8},{""node"":""N5"",""tasks"":9,""started"":0,""wait"":null,""unstarted"":9},{""node"":""N6"",""tasks"":3,""started"":0,""wait"":null,""unstarted"":3},{""node"":""N7"",""tasks"":6,""started"":1,""wait"":19.0,""unstarted"":5},{""node"":""N8"",""tasks"":6,""started"":0,""wait"":null,""unstarted"":6}]"
8,0.35,8,low,greedy,7,12,0.6,30.428571428571427,15.666666666666666,733,7,13,57,145,1,1,0,0.0219517000077758,14,14,0.46329113924050636,1,"[{""node"":""N3"",""tasks"":1,""started"":1,""wait"":10.0,""unstarted"":0},{""node"":""N4"",""tasks"":3,""started"":2,""wait"":20.0,""unstarted"":1},{""node"":""N5"",""tasks"":3,""started"":1,""wait"":7.0,""unstarted"":2},{""node"":""N6"",""tasks"":1,""started"":0,""wait"":null,""unstarted"":1},{""node"":""N7"",""tasks"":2,""started"":2,""wait"":35.0,""unstarted"":0},{""node"":""N8"",""tasks"":2,""started"":1,""wait"":86.0,""unstarted"":1}]"
8,0.35,8,low,rolling,7,12,0.6,22.285714285714285,24.333333333333332,614,7,13,0,153,1,1,0,0.14155010000104085,14,0,0.18642533936651584,1,"[{""node"":""N3"",""tasks"":1,""started"":1,""wait"":10.0,""unstarted"":0},{""node"":""N4"",""tasks"":3,""started"":2,""wait"":20.0,""unstarted"":1},{""node"":""N5"",""tasks"":3,""started"":1,""wait"":33.0,""unstarted"":2},{""node"":""N6"",""tasks"":1,""started"":0,""wait"":null,""unstarted"":1},{""node"":""N7"",""tasks"":2,""started"":2,""wait"":25.5,""unstarted"":0},{""node"":""N8"",""tasks"":2,""started"":1,""wait"":22.0,""unstarted"":1}]"
8,0.35,8,low,rolling_forecast,7,12,0.6,22.285714285714285,24.333333333333332,614,7,13,0,153,1,1,0,0.14259790000505745,14,0,0.18642533936651584,1,"[{""node"":""N3"",""tasks"":1,""started"":1,""wait"":10.0,""unstarted"":0},{""node"":""N4"",""tasks"":3,""started"":2,""wait"":20.0,""unstarted"":1},{""node"":""N5"",""tasks"":3,""started"":1,""wait"":33.0,""unstarted"":2},{""node"":""N6"",""tasks"":1,""started"":0,""wait"":null,""unstarted"":1},{""node"":""N7"",""tasks"":2,""started"":2,""wait"":25.5,""unstarted"":0},{""node"":""N8"",""tasks"":2,""started"":1,""wait"":22.0,""unstarted"":1}]"
8,0.35,8,low,static,3,12,0.2,14.666666666666666,15.0,162,3,23,0,80,0,0,0,0.008048599993344396,1,0,0.13636363636363635,3,"[{""node"":""N3"",""tasks"":1,""started"":1,""wait"":10.0,""unstarted"":0},{""node"":""N4"",""tasks"":3,""started"":1,""wait"":15.0,""unstarted"":2},{""node"":""N5"",""tasks"":3,""started"":0,""wait"":null,""unstarted"":3},{""node"":""N6"",""tasks"":1,""started"":0,""wait"":null,""unstarted"":1},{""node"":""N7"",""tasks"":2,""started"":1,""wait"":19.0,""unstarted"":1},{""node"":""N8"",""tasks"":2,""started"":0,""wait"":null,""unstarted"":2}]"
8,0.35,8,medium,greedy,10,24,0.5,23.09090909090909,31.833333333333332,1144,11,35,14,134,5,4,0,0.017813699989346787,18,18,0.29752808988764046,1,"[{""node"":""N3"",""tasks"":2,""started"":2,""wait"":7.5,""unstarted"":0},{""node"":""N4"",""tasks"":6,""started"":4,""wait"":26.75,""unstarted"":2},{""node"":""N5"",""tasks"":6,""started"":2,""wait"":42.0,""unstarted"":4},{""node"":""N6"",""tasks"":2,""started"":0,""wait"":null,""unstarted"":2},{""node"":""N7"",""tasks"":4,""started"":2,""wait"":13.0,""unstarted"":2},{""node"":""N8"",""tasks"":4,""started"":1,""wait"":22.0,""unstarted"":3}]"
8,0.35,8,medium,rolling,10,24,0.5,23.09090909090909,31.833333333333332,1144,11,35,14,134,3,3,0,0.7021512999781407,18,0,0.29752808988764046,1,"[{""node"":""N3"",""tasks"":2,""started"":2,""wait"":7.5,""unstarted"":0},{""node"":""N4"",""tasks"":6,""started"":4,""wait"":26.75,""unstarted"":2},{""node"":""N5"",""tasks"":6,""started"":2,""wait"":42.0,""unstarted"":4},{""node"":""N6"",""tasks"":2,""started"":0,""wait"":null,""unstarted"":2},{""node"":""N7"",""tasks"":4,""started"":2,""wait"":13.0,""unstarted"":2},{""node"":""N8"",""tasks"":4,""started"":1,""wait"":22.0,""unstarted"":3}]"
8,0.35,8,medium,rolling_forecast,10,24,0.5,23.09090909090909,31.833333333333332,1144,11,35,14,134,3,3,0,0.6808406000054674,18,0,0.29752808988764046,1,"[{""node"":""N3"",""tasks"":2,""started"":2,""wait"":7.5,""unstarted"":0},{""node"":""N4"",""tasks"":6,""started"":4,""wait"":26.75,""unstarted"":2},{""node"":""N5"",""tasks"":6,""started"":2,""wait"":42.0,""unstarted"":4},{""node"":""N6"",""tasks"":2,""started"":0,""wait"":null,""unstarted"":2},{""node"":""N7"",""tasks"":4,""started"":2,""wait"":13.0,""unstarted"":2},{""node"":""N8"",""tasks"":4,""started"":1,""wait"":22.0,""unstarted"":3}]"
8,0.35,8,medium,static,3,24,0.1,14.666666666666666,15.0,162,3,52,0,80,0,0,0,0.011629700005869381,1,0,0.13636363636363635,3,"[{""node"":""N3"",""tasks"":2,""started"":1,""wait"":10.0,""unstarted"":1},{""node"":""N4"",""tasks"":6,""started"":1,""wait"":15.0,""unstarted"":5},{""node"":""N5"",""tasks"":6,""started"":0,""wait"":null,""unstarted"":6},{""node"":""N6"",""tasks"":2,""started"":0,""wait"":null,""unstarted"":2},{""node"":""N7"",""tasks"":4,""started"":1,""wait"":19.0,""unstarted"":3},{""node"":""N8"",""tasks"":4,""started"":0,""wait"":null,""unstarted"":4}]"
8,0.5,11,high,greedy,15,36,0.4,39.22222222222222,51.5,2942,18,54,242,226,7,12,0,0.1507893999805674,22,22,0.24875830710038477,1,"[{""node"":""N3"",""tasks"":3,""started"":3,""wait"":12.333333333333334,""unstarted"":0},{""node"":""N4"",""tasks"":9,""started"":5,""wait"":55.6,""unstarted"":4},{""node"":""N5"",""tasks"":9,""started"":3,""wait"":44.666666666666664,""unstarted"":6},{""node"":""N6"",""tasks"":3,""started"":0,""wait"":null,""unstarted"":3},{""node"":""N7"",""tasks"":6,""started"":4,""wait"":23.0,""unstarted"":2},{""node"":""N8"",""tasks"":6,""started"":3,""wait"":55.0,""unstarted"":3}]"
8,0.5,11,high,rolling,15,36,0.4666666666666667,33.0625,40.75,2239,16,53,155,227,15,37,0,3.1065454999625217,22,5,0.299634122857693,1,"[{""node"":""N3"",""tasks"":3,""started"":3,""wait"":12.333333333333334,""unstarted"":0},{""node"":""N4"",""tasks"":9,""started"":5,""wait"":34.6,""unstarted"":4},{""node"":""N5"",""tasks"":9,""started"":3,""wait"":51.0,""unstarted"":6},{""node"":""N6"",""tasks"":3,""started"":0,""wait"":null,""unstarted"":3},{""node"":""N7"",""tasks"":6,""started"":3,""wait"":15.666666666666666,""unstarted"":3},{""node"":""N8"",""tasks"":6,""started"":2,""wait"":59.5,""unstarted"":4}]"
8,0.5,11,high,rolling_forecast,15,36,0.4,39.22222222222222,51.5,2942,18,54,242,226,7,20,0,3.1037569000036456,22,17,0.24875830710038477,1,"[{""node"":""N3"",""tasks"":3,""started"":3,""wait"":12.333333333333334,""unstarted"":0},{""node"":""N4"",""tasks"":9,""started"":5,""wait"":55.6,""unstarted"":4},{""node"":""N5"",""tasks"":9,""started"":3,""wait"":44.666666666666664,""unstarted"":6},{""node"":""N6"",""tasks"":3,""started"":0,""wait"":null,""unstarted"":3},{""node"":""N7"",""tasks"":6,""started"":4,""wait"":23.0,""unstarted"":2},{""node"":""N8"",""tasks"":6,""started"":3,""wait"":55.0,""unstarted"":3}]"
8,0.5,11,high,static,4,36,0.13333333333333333,16.0,17.5,262,4,78,0,126,0,0,0,0.05995160000748001,1,0,0.1328125,2,"[{""node"":""N3"",""tasks"":3,""started"":1,""wait"":10.0,""unstarted"":2},{""node"":""N4"",""tasks"":9,""started"":1,""wait"":15.0,""unstarted"":8},{""node"":""N5"",""tasks"":9,""started"":1,""wait"":20.0,""unstarted"":8},{""node"":""N6"",""tasks"":3,""started"":0,""wait"":null,""unstarted"":3},{""node"":""N7"",""tasks"":6,""started"":1,""wait"":19.0,""unstarted"":5},{""node"":""N8"",""tasks"":6,""started"":0,""wait"":null,""unstarted"":6}]"
8,0.5,11,low,greedy,9,12,1.0,28.8,18.8,1052,10,7,40,249,0,2,0,0.022616899994318374,14,14,0.3248513674197383,1,"[{""node"":""N3"",""tasks"":1,""started"":1,""wait"":10.0,""unstarted"":0},{""node"":""N4"",""tasks"":3,""started"":3,""wait"":17.666666666666668,""unstarted"":0},{""node"":""N5"",""tasks"":3,""started"":2,""wait"":20.5,""unstarted"":1},{""node"":""N6"",""tasks"":1,""started"":0,""wait"":null,""unstarted"":1},{""node"":""N7"",""tasks"":2,""started"":2,""wait"":32.5,""unstarted"":0},{""node"":""N8"",""tasks"":2,""started"":2,""wait"":59.5,""unstarted"":0}]"
8,0.5,11,low,rolling,10,12,1.0,22.2,21.6,882,10,5,0,225,0,0,0,0.6166030000167666,14,0,0.1578783151326053,1,"[{""node"":""N3"",""tasks"":1,""started"":1,""wait"":10.0,""unstarted"":0},{""node"":""N4"",""tasks"":3,""started"":3,""wait"":18.333333333333332,""unstarted"":0},{""node"":""N5"",""tasks"":3,""started"":2,""wait"":26.5,""unstarted"":1},{""node"":""N6"",""tasks"":1,""started"":0,""wait"":null,""unstarted"":1},{""node"":""N7"",""tasks"":2,""started"":2,""wait"":25.0,""unstarted"":0},{""node"":""N8"",""tasks"":2,""started"":2,""wait"":27.0,""unstarted"":0}]"
8,0.5,11,low,rolling_forecast,10,12,1.0,22.2,21.6,882,10,5,0,225,0,0,0,0.6295666999794776,14,0,0.1578783151326053,1,"[{""node"":""N3"",""tasks"":1,""started"":1,""wait"":10.0,""unstarted"":0},{""node"":""N4"",""tasks"":3,""started"":3,""wait"":18.333333333333332,""unstarted"":0},{""node"":""N5"",""tasks"":3,""started"":2,""wait"":26.5,""unstarted"":1},{""node"":""N6"",""tasks"":1,""started"":0,""wait"":null,""unstarted"":1},{""node"":""N7"",""tasks"":2,""started"":2,""wait"":25.0,""unstarted"":0},{""node"":""N8"",""tasks"":2,""started"":2,""wait"":27.0,""unstarted"":0}]"
8,0.5,11,low,static,4,12,0.4,16.0,17.5,262,4,20,0,126,0,0,0,0.08693279999715742,1,0,0.1328125,2,"[{""node"":""N3"",""tasks"":1,""started"":1,""wait"":10.0,""unstarted"":0},{""node"":""N4"",""tasks"":3,""started"":1,""wait"":15.0,""unstarted"":2},{""node"":""N5"",""tasks"":3,""started"":1,""wait"":20.0,""unstarted"":2},{""node"":""N6"",""tasks"":1,""started"":0,""wait"":null,""unstarted"":1},{""node"":""N7"",""tasks"":2,""started"":1,""wait"":19.0,""unstarted"":1},{""node"":""N8"",""tasks"":2,""started"":0,""wait"":null,""unstarted"":2}]"
8,0.5,11,medium,greedy,12,24,0.8,25.153846153846153,31.77777777777778,1553,13,28,27,167,7,3,0,0.0966230999911204,18,18,0.277,2,"[{""node"":""N3"",""tasks"":2,""started"":2,""wait"":7.5,""unstarted"":0},{""node"":""N4"",""tasks"":6,""started"":6,""wait"":32.5,""unstarted"":0},{""node"":""N5"",""tasks"":6,""started"":3,""wait"":30.333333333333332,""unstarted"":3},{""node"":""N6"",""tasks"":2,""started"":0,""wait"":null,""unstarted"":2},{""node"":""N7"",""tasks"":4,""started"":2,""wait"":13.0,""unstarted"":2},{""node"":""N8"",""tasks"":4,""started"":0,""wait"":null,""unstarted"":4}]"
8,0.5,11,medium,rolling,13,24,0.8,30.4375,33.4,2129,16,26,117,227,5,17,0,1.917237599962391,18,1,0.3400293973542381,1,"[{""node"":""N3"",""tasks"":2,""started"":2,""wait"":7.5,""unstarted"":0},{""node"":""N4"",""tasks"":6,""started"":6,""wait"":23.166666666666668,""unstarted"":0},{""node"":""N5"",""tasks"":6,""started"":4,""wait"":48.75,""unstarted"":2},{""node"":""N6"",""tasks"":2,""started"":0,""wait"":null,""unstarted"":2},{""node"":""N7"",""tasks"":4,""started"":3,""wait"":23.666666666666668,""unstarted"":1},{""node"":""N8"",""tasks"":4,""started"":1,""wait"":67.0,""unstarted"":3}]"
8,0.5,11,medium,rolling_forecast,15,24,0.8,22.8125,30.555555555555557,1645,16,22,51,219,6,13,0,0.8837093000474852,18,0,0.24787644787644783,1,"[{""node"":""N3"",""tasks"":2,""started"":2,""wait"":7.5,""unstarted"":0},{""node"":""N4"",""tasks"":6,""started"":5,""wait"":31.6,""unstarted"":1},{""node"":""N5"",""tasks"":6,""started"":4,""wait"":29.25,""unstarted"":2},{""node"":""N6"",""tasks"":2,""started"":0,""wait"":null,""unstarted"":2},{""node"":""N7"",""tasks"":4,""started"":4,""wait"":13.25,""unstarted"":0},{""node"":""N8"",""tasks"":4,""started"":1,""wait"":22.0,""unstarted"":3}]"
8,0.5,11,medium,static,4,24,0.2,16.0,17.5,262,4,49,0,126,0,0,0,0.08638700000301469,1,0,0.1328125,2,"[{""node"":""N3"",""tasks"":2,""started"":1,""wait"":10.0,""unstarted"":1},{""node"":""N4"",""tasks"":6,""started"":1,""wait"":15.0,""unstarted"":5},{""node"":""N5"",""tasks"":6,""started"":1,""wait"":20.0,""unstarted"":5},{""node"":""N6"",""tasks"":2,""started"":0,""wait"":null,""unstarted"":2},{""node"":""N7"",""tasks"":4,""started"":1,""wait"":19.0,""unstarted"":3},{""node"":""N8"",""tasks"":4,""started"":0,""wait"":null,""unstarted"":4}]"
8,0.75,18,high,greedy,22,36,0.5333333333333333,31.333333333333332,46.4,3078,24,35,198,339,16,17,0,0.277822300005937,22,22,0.3095021250758956,0,"[{""node"":""N3"",""tasks"":3,""started"":3,""wait"":6.666666666666667,""unstarted"":0},{""node"":""N4"",""tasks"":9,""started"":7,""wait"":48.857142857142854,""unstarted"":2},{""node"":""N5"",""tasks"":9,""started"":6,""wait"":38.5,""unstarted"":3},{""node"":""N6"",""tasks"":3,""started"":3,""wait"":17.666666666666668,""unstarted"":0},{""node"":""N7"",""tasks"":6,""started"":3,""wait"":15.666666666666666,""unstarted"":3},{""node"":""N8"",""tasks"":6,""started"":2,""wait"":29.5,""unstarted"":4}]"
8,0.75,18,high,rolling,23,36,0.5333333333333333,29.52,44.333333333333336,2920,25,33,179,354,13,43,0,3.8599315999890678,22,14,0.30850284038849185,0,"[{""node"":""N3"",""tasks"":3,""started"":3,""wait"":6.666666666666667,""unstarted"":0},{""node"":""N4"",""tasks"":9,""started"":6,""wait"":46.166666666666664,""unstarted"":3},{""node"":""N5"",""tasks"":9,""started"":6,""wait"":38.5,""unstarted"":3},{""node"":""N6"",""tasks"":3,""started"":3,""wait"":15.333333333333334,""unstarted"":0},{""node"":""N7"",""tasks"":6,""started"":3,""wait"":15.666666666666666,""unstarted"":3},{""node"":""N8"",""tasks"":6,""started"":4,""wait"":29.25,""unstarted"":2}]"
8,0.75,18,high,rolling_forecast,22,36,0.5333333333333333,32.541666666666664,47.0,3177,24,35,205,335,20,21,0,3.265803500034963,22,19,0.30737301252286475,0,"[{""node"":""N3"",""tasks"":3,""started"":3,""wait"":6.666666666666667,""unstarted"":0},{""node"":""N4"",""tasks"":9,""started"":7,""wait"":49.714285714285715,""unstarted"":2},{""node"":""N5"",""tasks"":9,""started"":6,""wait"":38.5,""unstarted"":3},{""node"":""N6"",""tasks"":3,""started"":3,""wait"":17.666666666666668,""unstarted"":0},{""node"":""N7"",""tasks"":6,""started"":3,""wait"":15.666666666666666,""unstarted"":3},{""node"":""N8"",""tasks"":6,""started"":2,""wait"":41.0,""unstarted"":4}]"
8,0.75,18,high,static,4,36,0.13333333333333333,13.0,13.5,210,4,78,0,106,0,0,0,0.10015060000296216,1,0,0.21153846153846154,2,"[{""node"":""N3"",""tasks"":3,""started"":1,""wait"":6.0,""unstarted"":2},{""node"":""N4"",""tasks"":9,""started"":1,""wait"":11.0,""unstarted"":8},{""node"":""N5"",""tasks"":9,""started"":1,""wait"":16.0,""unstarted"":8},{""node"":""N6"",""tasks"":3,""started"":0,""wait"":null,""unstarted"":3},{""node"":""N7"",""tasks"":6,""started"":1,""wait"":19.0,""unstarted"":5},{""node"":""N8"",""tasks"":6,""started"":0,""wait"":null,""unstarted"":6}]"
8,0.75,18,low,greedy,12,12,1.0,15.333333333333334,11.6,644,12,0,0,285,0,0,0,0.0035714000405278057,14,14,0.22222222222222224,0,"[{""node"":""N3"",""tasks"":1,""started"":1,""wait"":6.0,""unstarted"":0},{""node"":""N4"",""tasks"":3,""started"":3,""wait"":12.333333333333334,""unstarted"":0},{""node"":""N5"",""tasks"":3,""started"":3,""wait"":13.666666666666666,""unstarted"":0},{""node"":""N6"",""tasks"":1,""started"":1,""wait"":12.0,""unstarted"":0},{""node"":""N7"",""tasks"":2,""started"":2,""wait"":19.0,""unstarted"":0},{""node"":""N8"",""tasks"":2,""started"":2,""wait"":25.0,""unstarted"":0}]"
8,0.75,18,low,rolling,12,12,1.0,15.333333333333334,11.6,644,12,0,0,285,0,0,0,0.08062109997263178,14,0,0.22222222222222224,0,"[{""node"":""N3"",""tasks"":1,""started"":1,""wait"":6.0,""unstarted"":0},{""node"":""N4"",""tasks"":3,""started"":3,""wait"":12.333333333333334,""unstarted"":0},{""node"":""N5"",""tasks"":3,""started"":3,""wait"":13.666666666666666,""unstarted"":0},{""node"":""N6"",""tasks"":1,""started"":1,""wait"":12.0,""unstarted"":0},{""node"":""N7"",""tasks"":2,""started"":2,""wait"":19.0,""unstarted"":0},{""node"":""N8"",""tasks"":2,""started"":2,""wait"":25.0,""unstarted"":0}]"
8,0.75,18,low,rolling_forecast,12,12,1.0,14.333333333333334,11.6,608,12,0,0,326,0,0,0,0.07647499996528495,14,0,0.18360433604336046,0,"[{""node"":""N3"",""tasks"":1,""started"":1,""wait"":6.0,""unstarted"":0},{""node"":""N4"",""tasks"":3,""started"":3,""wait"":12.333333333333334,""unstarted"":0},{""node"":""N5"",""tasks"":3,""started"":3,""wait"":13.666666666666666,""unstarted"":0},{""node"":""N6"",""tasks"":1,""started"":1,""wait"":12.0,""unstarted"":0},{""node"":""N7"",""tasks"":2,""started"":2,""wait"":17.5,""unstarted"":0},{""node"":""N8"",""tasks"":2,""started"":2,""wait"":20.5,""unstarted"":0}]"
8,0.75,18,low,static,4,12,0.4,13.0,13.5,210,4,20,0,106,0,0,0,0.01839480000489857,1,0,0.21153846153846154,2,"[{""node"":""N3"",""tasks"":1,""started"":1,""wait"":6.0,""unstarted"":0},{""node"":""N4"",""tasks"":3,""started"":1,""wait"":11.0,""unstarted"":2},{""node"":""N5"",""tasks"":3,""started"":1,""wait"":16.0,""unstarted"":2},{""node"":""N6"",""tasks"":1,""started"":0,""wait"":null,""unstarted"":1},{""node"":""N7"",""tasks"":2,""started"":1,""wait"":19.0,""unstarted"":1},{""node"":""N8"",""tasks"":2,""started"":0,""wait"":null,""unstarted"":2}]"
8,0.75,18,medium,greedy,20,24,1.0,24.142857142857142,20.6,1933,21,8,54,319,2,9,0,0.013330000001587905,18,18,0.3220598469032707,1,"[{""node"":""N3"",""tasks"":2,""started"":2,""wait"":3.5,""unstarted"":0},{""node"":""N4"",""tasks"":6,""started"":6,""wait"":20.666666666666668,""unstarted"":0},{""node"":""N5"",""tasks"":6,""started"":6,""wait"":22.166666666666668,""unstarted"":0},{""node"":""N6"",""tasks"":2,""started"":0,""wait"":null,""unstarted"":2},{""node"":""N7"",""tasks"":4,""started"":4,""wait"":22.75,""unstarted"":0},{""node"":""N8"",""tasks"":4,""started"":3,""wait"":50.666666666666664,""unstarted"":1}]"
8,0.75,18,medium,rolling,23,24,0.9,21.0,23.8,1898,24,3,15,311,0,0,0,0.5744328999571735,18,0,0.25223591974861015,0,"[{""node"":""N3"",""tasks"":2,""started"":2,""wait"":3.5,""unstarted"":0},{""node"":""N4"",""tasks"":6,""started"":6,""wait"":22.333333333333332,""unstarted"":0},{""node"":""N5"",""tasks"":6,""started"":6,""wait"":25.833333333333332,""unstarted"":0},{""node"":""N6"",""tasks"":2,""started"":2,""wait"":22.5,""unstarted"":0},{""node"":""N7"",""tasks"":4,""started"":4,""wait"":11.25,""unstarted"":0},{""node"":""N8"",""tasks"":4,""started"":4,""wait"":29.5,""unstarted"":0}]"
8,0.75,18,medium,rolling_forecast,20,24,0.9,25.0,27.3,2132,22,9,26,308,5,21,0,2.1351826999889454,18,4,0.2266272189349113,0,"[{""node"":""N3"",""tasks"":2,""started"":2,""wait"":3.5,""unstarted"":0},{""node"":""N4"",""tasks"":6,""started"":6,""wait"":28.5,""unstarted"":0},{""node"":""N5"",""tasks"":6,""started"":6,""wait"":25.5,""unstarted"":0},{""node"":""N6"",""tasks"":2,""started"":1,""wait"":32.0,""unstarted"":1},{""node"":""N7"",""tasks"":4,""started"":3,""wait"":18.333333333333332,""unstarted"":1},{""node"":""N8"",""tasks"":4,""started"":4,""wait"":33.0,""unstarted"":0}]"
8,0.75,18,medium,static,4,24,0.2,13.0,13.5,210,4,49,0,106,0,0,0,0.02688049999414943,1,0,0.21153846153846154,2,"[{""node"":""N3"",""tasks"":2,""started"":1,""wait"":6.0,""unstarted"":1},{""node"":""N4"",""tasks"":6,""started"":1,""wait"":11.0,""unstarted"":5},{""node"":""N5"",""tasks"":6,""started"":1,""wait"":16.0,""unstarted"":5},{""node"":""N6"",""tasks"":2,""started"":0,""wait"":null,""unstarted"":2},{""node"":""N7"",""tasks"":4,""started"":1,""wait"":19.0,""unstarted"":3},{""node"":""N8"",""tasks"":4,""started"":0,""wait"":null,""unstarted"":4}]"
8,1,26,high,greedy,24,36,0.8,25.59259259259259,29.2,2915,27,27,41,465,32,21,0,0.3081030000175815,22,22,0.2301452955282833,0,"[{""node"":""N3"",""tasks"":3,""started"":3,""wait"":6.666666666666667,""unstarted"":0},{""node"":""N4"",""tasks"":9,""started"":9,""wait"":30.333333333333332,""unstarted"":0},{""node"":""N5"",""tasks"":9,""started"":9,""wait"":30.11111111111111,""unstarted"":0},{""node"":""N6"",""tasks"":3,""started"":1,""wait"":17.0,""unstarted"":2},{""node"":""N7"",""tasks"":6,""started"":3,""wait"":15.666666666666666,""unstarted"":3},{""node"":""N8"",""tasks"":6,""started"":2,""wait"":31.5,""unstarted"":4}]"
8,1,26,high,rolling,33,36,0.8666666666666667,22.2,21.785714285714285,2819,35,8,23,394,10,8,0,2.481306100045913,22,0,0.18416865552903733,0,"[{""node"":""N3"",""tasks"":3,""started"":3,""wait"":6.666666666666667,""unstarted"":0},{""node"":""N4"",""tasks"":9,""started"":8,""wait"":19.375,""unstarted"":1},{""node"":""N5"",""tasks"":9,""started"":9,""wait"":28.666666666666668,""unstarted"":0},{""node"":""N6"",""tasks"":3,""started"":3,""wait"":20.333333333333332,""unstarted"":0},{""node"":""N7"",""tasks"":6,""started"":6,""wait"":19.666666666666668,""unstarted"":0},{""node"":""N8"",""tasks"":6,""started"":6,""wait"":27.5,""unstarted"":0}]"
8,1,26,high,rolling_forecast,31,36,0.8666666666666667,24.272727272727273,23.0,3009,33,12,43,460,13,23,0,2.417375599994557,22,1,0.20126777334173843,0,"[{""node"":""N3"",""tasks"":3,""started"":3,""wait"":6.666666666666667,""unstarted"":0},{""node"":""N4"",""tasks"":9,""started"":9,""wait"":20.444444444444443,""unstarted"":0},{""node"":""N5"",""tasks"":9,""started"":8,""wait"":30.75,""unstarted"":1},{""node"":""N6"",""tasks"":3,""started"":1,""wait"":19.0,""unstarted"":2},{""node"":""N7"",""tasks"":6,""started"":6,""wait"":30.666666666666668,""unstarted"":0},{""node"":""N8"",""tasks"":6,""started"":6,""wait"":24.666666666666668,""unstarted"":0}]"
8,1,26,high,static,4,36,0.13333333333333333,13.0,13.5,210,4,78,0,106,0,0,0,0.1070385999919381,1,0,0.21153846153846154,2,"[{""node"":""N3"",""tasks"":3,""started"":1,""wait"":6.0,""unstarted"":2},{""node"":""N4"",""tasks"":9,""started"":1,""wait"":11.0,""unstarted"":8},{""node"":""N5"",""tasks"":9,""started"":1,""wait"":16.0,""unstarted"":8},{""node"":""N6"",""tasks"":3,""started"":0,""wait"":null,""unstarted"":3},{""node"":""N7"",""tasks"":6,""started"":1,""wait"":19.0,""unstarted"":5},{""node"":""N8"",""tasks"":6,""started"":0,""wait"":null,""unstarted"":6}]"
8,1,26,low,greedy,12,12,1.0,15.166666666666666,11.6,642,12,0,0,283,0,0,0,0.05878179996216204,14,14,0.23901808785529718,0,"[{""node"":""N3"",""tasks"":1,""started"":1,""wait"":6.0,""unstarted"":0},{""node"":""N4"",""tasks"":3,""started"":3,""wait"":12.333333333333334,""unstarted"":0},{""node"":""N5"",""tasks"":3,""started"":3,""wait"":13.666666666666666,""unstarted"":0},{""node"":""N6"",""tasks"":1,""started"":1,""wait"":10.0,""unstarted"":0},{""node"":""N7"",""tasks"":2,""started"":2,""wait"":19.0,""unstarted"":0},{""node"":""N8"",""tasks"":2,""started"":2,""wait"":25.0,""unstarted"":0}]"
8,1,26,low,rolling,12,12,1.0,15.166666666666666,11.6,642,12,0,0,283,0,0,0,0.5826741999771912,14,0,0.23901808785529718,0,"[{""node"":""N3"",""tasks"":1,""started"":1,""wait"":6.0,""unstarted"":0},{""node"":""N4"",""tasks"":3,""started"":3,""wait"":12.333333333333334,""unstarted"":0},{""node"":""N5"",""tasks"":3,""started"":3,""wait"":13.666666666666666,""unstarted"":0},{""node"":""N6"",""tasks"":1,""started"":1,""wait"":10.0,""unstarted"":0},{""node"":""N7"",""tasks"":2,""started"":2,""wait"":19.0,""unstarted"":0},{""node"":""N8"",""tasks"":2,""started"":2,""wait"":25.0,""unstarted"":0}]"
8,1,26,low,rolling_forecast,12,12,1.0,14.416666666666666,11.6,615,12,0,0,350,2,1,0,0.6636334999639075,14,1,0.2123381049761418,0,"[{""node"":""N3"",""tasks"":1,""started"":1,""wait"":6.0,""unstarted"":0},{""node"":""N4"",""tasks"":3,""started"":3,""wait"":12.333333333333334,""unstarted"":0},{""node"":""N5"",""tasks"":3,""started"":3,""wait"":13.666666666666666,""unstarted"":0},{""node"":""N6"",""tasks"":1,""started"":1,""wait"":10.0,""unstarted"":0},{""node"":""N7"",""tasks"":2,""started"":2,""wait"":17.5,""unstarted"":0},{""node"":""N8"",""tasks"":2,""started"":2,""wait"":22.0,""unstarted"":0}]"
8,1,26,low,static,4,12,0.4,13.0,13.5,210,4,20,0,106,0,0,0,0.12521130000823177,1,0,0.21153846153846154,2,"[{""node"":""N3"",""tasks"":1,""started"":1,""wait"":6.0,""unstarted"":0},{""node"":""N4"",""tasks"":3,""started"":1,""wait"":11.0,""unstarted"":2},{""node"":""N5"",""tasks"":3,""started"":1,""wait"":16.0,""unstarted"":2},{""node"":""N6"",""tasks"":1,""started"":0,""wait"":null,""unstarted"":1},{""node"":""N7"",""tasks"":2,""started"":1,""wait"":19.0,""unstarted"":1},{""node"":""N8"",""tasks"":2,""started"":0,""wait"":null,""unstarted"":2}]"
8,1,26,medium,greedy,24,24,1.0,17.875,14.9,1539,24,0,15,398,0,4,0,0.03440840003895573,18,18,0.311101670914755,0,"[{""node"":""N3"",""tasks"":2,""started"":2,""wait"":3.5,""unstarted"":0},{""node"":""N4"",""tasks"":6,""started"":6,""wait"":14.166666666666666,""unstarted"":0},{""node"":""N5"",""tasks"":6,""started"":6,""wait"":19.166666666666668,""unstarted"":0},{""node"":""N6"",""tasks"":2,""started"":2,""wait"":11.5,""unstarted"":0},{""node"":""N7"",""tasks"":4,""started"":4,""wait"":14.25,""unstarted"":0},{""node"":""N8"",""tasks"":4,""started"":4,""wait"":35.5,""unstarted"":0}]"
8,1,26,medium,rolling,24,24,1.0,18.916666666666668,15.9,1610,24,0,15,401,1,4,0,2.418161699999473,18,6,0.2725612936880542,0,"[{""node"":""N3"",""tasks"":2,""started"":2,""wait"":3.5,""unstarted"":0},{""node"":""N4"",""tasks"":6,""started"":6,""wait"":15.833333333333334,""unstarted"":0},{""node"":""N5"",""tasks"":6,""started"":6,""wait"":19.166666666666668,""unstarted"":0},{""node"":""N6"",""tasks"":2,""started"":2,""wait"":17.5,""unstarted"":0},{""node"":""N7"",""tasks"":4,""started"":4,""wait"":15.0,""unstarted"":0},{""node"":""N8"",""tasks"":4,""started"":4,""wait"":35.5,""unstarted"":0}]"
8,1,26,medium,rolling_forecast,24,24,1.0,18.958333333333332,16.2,1643,24,0,17,393,0,13,0,2.1210648999986006,18,6,0.3062265163714438,0,"[{""node"":""N3"",""tasks"":2,""started"":2,""wait"":3.5,""unstarted"":0},{""node"":""N4"",""tasks"":6,""started"":6,""wait"":15.333333333333334,""unstarted"":0},{""node"":""N5"",""tasks"":6,""started"":6,""wait"":20.166666666666668,""unstarted"":0},{""node"":""N6"",""tasks"":2,""started"":2,""wait"":11.5,""unstarted"":0},{""node"":""N7"",""tasks"":4,""started"":4,""wait"":17.0,""unstarted"":0},{""node"":""N8"",""tasks"":4,""started"":4,""wait"":36.0,""unstarted"":0}]"
8,1,26,medium,static,4,24,0.2,13.0,13.5,210,4,49,0,106,0,0,0,0.13485529999888968,1,0,0.21153846153846154,2,"[{""node"":""N3"",""tasks"":2,""started"":1,""wait"":6.0,""unstarted"":1},{""node"":""N4"",""tasks"":6,""started"":1,""wait"":11.0,""unstarted"":5},{""node"":""N5"",""tasks"":6,""started"":1,""wait"":16.0,""unstarted"":5},{""node"":""N6"",""tasks"":2,""started"":0,""wait"":null,""unstarted"":2},{""node"":""N7"",""tasks"":4,""started"":1,""wait"":19.0,""unstarted"":3},{""node"":""N8"",""tasks"":4,""started"":0,""wait"":null,""unstarted"":4}]"
9,0.35,8,high,greedy,12,36,0.3333333333333333,25.76923076923077,36.833333333333336,1447,13,61,44,121,1,2,0,0.04484500001126435,22,22,0.30050205385668644,1,"[{""node"":""N3"",""tasks"":3,""started"":3,""wait"":11.0,""unstarted"":0},{""node"":""N4"",""tasks"":9,""started"":5,""wait"":32.4,""unstarted"":4},{""node"":""N5"",""tasks"":9,""started"":1,""wait"":59.0,""unstarted"":8},{""node"":""N6"",""tasks"":3,""started"":0,""wait"":null,""unstarted"":3},{""node"":""N7"",""tasks"":6,""started"":3,""wait"":18.666666666666668,""unstarted"":3},{""node"":""N8"",""tasks"":6,""started"":1,""wait"":25.0,""unstarted"":5}]"
9,0.35,8,high,rolling,13,36,0.26666666666666666,22.5,25.75,1151,14,60,35,120,11,22,0,1.9526762000023155,22,1,0.12713472485768504,2,"[{""node"":""N3"",""tasks"":3,""started"":3,""wait"":11.0,""unstarted"":0},{""node"":""N4"",""tasks"":9,""started"":4,""wait"":25.75,""unstarted"":5},{""node"":""N5"",""tasks"":9,""started"":0,""wait"":null,""unstarted"":9},{""node"":""N6"",""tasks"":3,""started"":0,""wait"":null,""unstarted"":3},{""node"":""N7"",""tasks"":6,""started"":4,""wait"":25.75,""unstarted"":2},{""node"":""N8"",""tasks"":6,""started"":3,""wait"":25.333333333333332,""unstarted"":3}]"
9,0.35,8,high,rolling_forecast,12,36,0.26666666666666666,20.53846153846154,27.4,1075,13,62,25,125,7,22,0,1.654285400043591,22,2,0.18293620292083013,1,"[{""node"":""N3"",""tasks"":3,""started"":3,""wait"":11.0,""unstarted"":0},{""node"":""N4"",""tasks"":9,""started"":4,""wait"":26.25,""unstarted"":5},{""node"":""N5"",""tasks"":9,""started"":1,""wait"":32.0,""unstarted"":8},{""node"":""N6"",""tasks"":3,""started"":0,""wait"":null,""unstarted"":3},{""node"":""N7"",""tasks"":6,""started"":3,""wait"":18.666666666666668,""unstarted"":3},{""node"":""N8"",""tasks"":6,""started"":2,""wait"":20.5,""unstarted"":4}]"
9,0.35,8,high,static,3,36,0.06666666666666667,14.333333333333334,13.0,155,3,81,0,74,0,0,0,0.0064682999945944175,1,0,0.21705426356589147,3,"[{""node"":""N3"",""tasks"":3,""started"":1,""wait"":8.0,""unstarted"":2},{""node"":""N4"",""tasks"":9,""started"":1,""wait"":13.0,""unstarted"":8},{""node"":""N5"",""tasks"":9,""started"":0,""wait"":null,""unstarted"":9},{""node"":""N6"",""tasks"":3,""started"":0,""wait"":null,""unstarted"":3},{""node"":""N7"",""tasks"":6,""started"":1,""wait"":22.0,""unstarted"":5},{""node"":""N8"",""tasks"":6,""started"":0,""wait"":null,""unstarted"":6}]"
9,0.35,8,low,greedy,7,12,0.6,24.285714285714285,19.0,624,7,13,22,145,0,4,0,0.007317400013562292,14,14,0.34887218045112783,1,"[{""node"":""N3"",""tasks"":1,""started"":1,""wait"":8.0,""unstarted"":0},{""node"":""N4"",""tasks"":3,""started"":2,""wait"":13.0,""unstarted"":1},{""node"":""N5"",""tasks"":3,""started"":1,""wait"":31.0,""unstarted"":2},{""node"":""N6"",""tasks"":1,""started"":0,""wait"":null,""unstarted"":1},{""node"":""N7"",""tasks"":2,""started"":2,""wait"":24.0,""unstarted"":0},{""node"":""N8"",""tasks"":2,""started"":1,""wait"":57.0,""unstarted"":1}]"
9,0.35,8,low,rolling,7,12,0.6,19.0,18.333333333333332,509,7,13,0,137,0,4,0,0.1233551000332227,14,0,0.22083333333333333,1,"[{""node"":""N3"",""tasks"":1,""started"":1,""wait"":8.0,""unstarted"":0},{""node"":""N4"",""tasks"":3,""started"":2,""wait"":13.0,""unstarted"":1},{""node"":""N5"",""tasks"":3,""started"":1,""wait"":29.0,""unstarted"":2},{""node"":""N6"",""tasks"":1,""started"":0,""wait"":null,""unstarted"":1},{""node"":""N7"",""tasks"":2,""started"":2,""wait"":24.0,""unstarted"":0},{""node"":""N8"",""tasks"":2,""started"":1,""wait"":22.0,""unstarted"":1}]"
9,0.35,8,low,rolling_forecast,7,12,0.6,19.0,18.333333333333332,509,7,13,0,137,0,4,0,0.14053109999804292,14,0,0.22083333333333333,1,"[{""node"":""N3"",""tasks"":1,""started"":1,""wait"":8.0,""unstarted"":0},{""node"":""N4"",""tasks"":3,""started"":2,""wait"":13.0,""unstarted"":1},{""node"":""N5"",""tasks"":3,""started"":1,""wait"":29.0,""unstarted"":2},{""node"":""N6"",""tasks"":1,""started"":0,""wait"":null,""unstarted"":1},{""node"":""N7"",""tasks"":2,""started"":2,""wait"":24.0,""unstarted"":0},{""node"":""N8"",""tasks"":2,""started"":1,""wait"":22.0,""unstarted"":1}]"
9,0.35,8,low,static,3,12,0.2,14.333333333333334,13.0,155,3,23,0,74,0,0,0,0.007908100000349805,1,0,0.21705426356589147,3,"[{""node"":""N3"",""tasks"":1,""started"":1,""wait"":8.0,""unstarted"":0},{""node"":""N4"",""tasks"":3,""started"":1,""wait"":13.0,""unstarted"":2},{""node"":""N5"",""tasks"":3,""started"":0,""wait"":null,""unstarted"":3},{""node"":""N6"",""tasks"":1,""started"":0,""wait"":null,""unstarted"":1},{""node"":""N7"",""tasks"":2,""started"":1,""wait"":22.0,""unstarted"":1},{""node"":""N8"",""tasks"":2,""started"":0,""wait"":null,""unstarted"":2}]"
9,0.35,8,medium,greedy,10,24,0.5,23.181818181818183,31.5,1143,11,35,13,121,3,1,0,0.02373759997135494,18,18,0.2930957683741648,1,"[{""node"":""N3"",""tasks"":2,""started"":2,""wait"":6.0,""unstarted"":0},{""node"":""N4"",""tasks"":6,""started"":4,""wait"":26.25,""unstarted"":2},{""node"":""N5"",""tasks"":6,""started"":2,""wait"":42.0,""unstarted"":4},{""node"":""N6"",""tasks"":2,""started"":0,""wait"":null,""unstarted"":2},{""node"":""N7"",""tasks"":4,""started"":2,""wait"":16.0,""unstarted"":2},{""node"":""N8"",""tasks"":4,""started"":1,""wait"":22.0,""unstarted"":3}]"
9,0.35,8,medium,rolling,10,24,0.5,23.181818181818183,31.5,1143,11,35,13,121,3,5,0,0.7813109000126133,18,0,0.2930957683741648,1,"[{""node"":""N3"",""tasks"":2,""started"":2,""wait"":6.0,""unstarted"":0},{""node"":""N4"",""tasks"":6,""started"":4,""wait"":26.25,""unstarted"":2},{""node"":""N5"",""tasks"":6,""started"":2,""wait"":42.0,""unstarted"":4},{""node"":""N6"",""tasks"":2,""started"":0,""wait"":null,""unstarted"":2},{""node"":""N7"",""tasks"":4,""started"":2,""wait"":16.0,""unstarted"":2},{""node"":""N8"",""tasks"":4,""started"":1,""wait"":22.0,""unstarted"":3}]"
9,0.35,8,medium,rolling_forecast,10,24,0.4,20.818181818181817,30.0,987,11,36,8,125,4,3,0,0.6018251999921631,18,0,0.3145454545454546,1,"[{""node"":""N3"",""tasks"":2,""started"":2,""wait"":6.0,""unstarted"":0},{""node"":""N4"",""tasks"":6,""started"":4,""wait"":26.5,""unstarted"":2},{""node"":""N5"",""tasks"":6,""started"":1,""wait"":44.0,""unstarted"":5},{""node"":""N6"",""tasks"":2,""started"":0,""wait"":null,""unstarted"":2},{""node"":""N7"",""tasks"":4,""started"":2,""wait"":16.0,""unstarted"":2},{""node"":""N8"",""tasks"":4,""started"":2,""wait"":17.5,""unstarted"":2}]"
9,0.35,8,medium,static,3,24,0.1,14.333333333333334,13.0,155,3,52,0,74,0,0,0,0.00798650000069756,1,0,0.21705426356589147,3,"[{""node"":""N3"",""tasks"":2,""started"":1,""wait"":8.0,""unstarted"":1},{""node"":""N4"",""tasks"":6,""started"":1,""wait"":13.0,""unstarted"":5},{""node"":""N5"",""tasks"":6,""started"":0,""wait"":null,""unstarted"":6},{""node"":""N6"",""tasks"":2,""started"":0,""wait"":null,""unstarted"":2},{""node"":""N7"",""tasks"":4,""started"":1,""wait"":22.0,""unstarted"":3},{""node"":""N8"",""tasks"":4,""started"":0,""wait"":null,""unstarted"":4}]"
9,0.5,11,high,greedy,16,36,0.5333333333333333,35.55555555555556,44.4,2808,18,50,188,186,19,14,0,0.0496417000395013,22,22,0.2903973024483213,1,"[{""node"":""N3"",""tasks"":3,""started"":3,""wait"":11.0,""unstarted"":0},{""node"":""N4"",""tasks"":9,""started"":7,""wait"":51.57142857142857,""unstarted"":2},{""node"":""N5"",""tasks"":9,""started"":3,""wait"":27.666666666666668,""unstarted"":6},{""node"":""N6"",""tasks"":3,""started"":0,""wait"":null,""unstarted"":3},{""node"":""N7"",""tasks"":6,""started"":3,""wait"":18.666666666666668,""unstarted"":3},{""node"":""N8"",""tasks"":6,""started"":2,""wait"":53.5,""unstarted"":4}]"
9,0.5,11,high,rolling,16,36,0.5333333333333333,35.55555555555556,44.4,2808,18,50,190,186,19,20,0,3.026739799999632,22,15,0.2903973024483213,1,"[{""node"":""N3"",""tasks"":3,""started"":3,""wait"":11.0,""unstarted"":0},{""node"":""N4"",""tasks"":9,""started"":7,""wait"":51.57142857142857,""unstarted"":2},{""node"":""N5"",""tasks"":9,""started"":3,""wait"":27.666666666666668,""unstarted"":6},{""node"":""N6"",""tasks"":3,""started"":0,""wait"":null,""unstarted"":3},{""node"":""N7"",""tasks"":6,""started"":3,""wait"":18.666666666666668,""unstarted"":3},{""node"":""N8"",""tasks"":6,""started"":2,""wait"":53.5,""unstarted"":4}]"
9,0.5,11,high,rolling_forecast,16,36,0.5333333333333333,36.611111111111114,44.5,2867,18,50,192,184,14,27,0,3.1269071999704465,22,15,0.23075688686814652,1,"[{""node"":""N3"",""tasks"":3,""started"":3,""wait"":15.666666666666666,""unstarted"":0},{""node"":""N4"",""tasks"":9,""started"":7,""wait"":51.714285714285715,""unstarted"":2},{""node"":""N5"",""tasks"":9,""started"":3,""wait"":27.666666666666668,""unstarted"":6},{""node"":""N6"",""tasks"":3,""started"":0,""wait"":null,""unstarted"":3},{""node"":""N7"",""tasks"":6,""started"":4,""wait"":28.0,""unstarted"":2},{""node"":""N8"",""tasks"":6,""started"":1,""wait"":55.0,""unstarted"":5}]"
9,0.5,11,high,static,4,36,0.13333333333333333,15.0,15.0,240,4,78,0,116,0,0,0,0.011761399990064092,1,0,0.19166666666666668,2,"[{""node"":""N3"",""tasks"":3,""started"":1,""wait"":8.0,""unstarted"":2},{""node"":""N4"",""tasks"":9,""started"":1,""wait"":13.0,""unstarted"":8},{""node"":""N5"",""tasks"":9,""started"":1,""wait"":17.0,""unstarted"":8},{""node"":""N6"",""tasks"":3,""started"":0,""wait"":null,""unstarted"":3},{""node"":""N7"",""tasks"":6,""started"":1,""wait"":22.0,""unstarted"":5},{""node"":""N8"",""tasks"":6,""started"":0,""wait"":null,""unstarted"":6}]"
9,0.5,11,low,greedy,9,12,1.0,23.3,14.0,839,10,7,17,221,0,1,0,0.0288578999316087,14,14,0.34285714285714286,1,"[{""node"":""N3"",""tasks"":1,""started"":1,""wait"":8.0,""unstarted"":0},{""node"":""N4"",""tasks"":3,""started"":3,""wait"":14.666666666666666,""unstarted"":0},{""node"":""N5"",""tasks"":3,""started"":2,""wait"":13.0,""unstarted"":1},{""node"":""N6"",""tasks"":1,""started"":0,""wait"":null,""unstarted"":1},{""node"":""N7"",""tasks"":2,""started"":2,""wait"":29.0,""unstarted"":0},{""node"":""N8"",""tasks"":2,""started"":2,""wait"":48.5,""unstarted"":0}]"
9,0.5,11,low,rolling,10,12,1.0,21.0,19.0,820,10,5,0,211,0,0,0,0.5532882999978028,14,0,0.19107438016528927,1,"[{""node"":""N3"",""tasks"":1,""started"":1,""wait"":8.0,""unstarted"":0},{""node"":""N4"",""tasks"":3,""started"":3,""wait"":16.333333333333332,""unstarted"":0},{""node"":""N5"",""tasks"":3,""started"":2,""wait"":23.0,""unstarted"":1},{""node"":""N6"",""tasks"":1,""started"":0,""wait"":null,""unstarted"":1},{""node"":""N7"",""tasks"":2,""started"":2,""wait"":27.0,""unstarted"":0},{""node"":""N8"",""tasks"":2,""started"":2,""wait"":26.5,""unstarted"":0}]"
9,0.5,11,low,rolling_forecast,10,12,1.0,21.0,19.0,820,10,5,0,211,0,0,0,0.46849799998744857,14,0,0.19107438016528927,1,"[{""node"":""N3"",""tasks"":1,""started"":1,""wait"":8.0,""unstarted"":0},{""node"":""N4"",""tasks"":3,""started"":3,""wait"":16.333333333333332,""unstarted"":0},{""node"":""N5"",""tasks"":3,""started"":2,""wait"":23.0,""unstarted"":1},{""node"":""N6"",""tasks"":1,""started"":0,""wait"":null,""unstarted"":1},{""node"":""N7"",""tasks"":2,""started"":2,""wait"":27.0,""unstarted"":0},{""node"":""N8"",""tasks"":2,""started"":2,""wait"":26.5,""unstarted"":0}]"
9,0.5,11,low,static,4,12,0.4,15.0,15.0,240,4,20,0,116,0,0,0,0.09348480000335258,1,0,0.19166666666666668,2,"[{""node"":""N3"",""tasks"":1,""started"":1,""wait"":8.0,""unstarted"":0},{""node"":""N4"",""tasks"":3,""started"":1,""wait"":13.0,""unstarted"":2},{""node"":""N5"",""tasks"":3,""started"":1,""wait"":17.0,""unstarted"":2},{""node"":""N6"",""tasks"":1,""started"":0,""wait"":null,""unstarted"":1},{""node"":""N7"",""tasks"":2,""started"":1,""wait"":22.0,""unstarted"":1},{""node"":""N8"",""tasks"":2,""started"":0,""wait"":null,""unstarted"":2}]"
9,0.5,11,medium,greedy,12,24,0.8,23.692307692307693,29.333333333333332,1452,13,28,19,153,9,3,0,0.029913699996541254,18,18,0.2635699373695198,2,"[{""node"":""N3"",""tasks"":2,""started"":2,""wait"":6.0,""unstarted"":0},{""node"":""N4"",""tasks"":6,""started"":6,""wait"":30.166666666666668,""unstarted"":0},{""node"":""N5"",""tasks"":6,""started"":3,""wait"":27.666666666666668,""unstarted"":3},{""node"":""N6"",""tasks"":2,""started"":0,""wait"":null,""unstarted"":2},{""node"":""N7"",""tasks"":4,""started"":2,""wait"":16.0,""unstarted"":2},{""node"":""N8"",""tasks"":4,""started"":0,""wait"":null,""unstarted"":4}]"
9,0.5,11,medium,rolling,15,24,0.8,20.6875,26.333333333333332,1467,16,22,4,205,3,8,0,1.1451483000128064,18,0,0.2193211488250653,1,"[{""node"":""N3"",""tasks"":2,""started"":2,""wait"":6.0,""unstarted"":0},{""node"":""N4"",""tasks"":6,""started"":5,""wait"":26.0,""unstarted"":1},{""node"":""N5"",""tasks"":6,""started"":4,""wait"":26.75,""unstarted"":2},{""node"":""N6"",""tasks"":2,""started"":0,""wait"":null,""unstarted"":2},{""node"":""N7"",""tasks"":4,""started"":4,""wait"":15.0,""unstarted"":0},{""node"":""N8"",""tasks"":4,""started"":1,""wait"":22.0,""unstarted"":3}]"
9,0.5,11,medium,rolling_forecast,14,24,0.8,28.333333333333332,27.5,1715,15,24,82,176,5,18,0,2.27203439999721,18,6,0.33280423280423277,1,"[{""node"":""N3"",""tasks"":2,""started"":2,""wait"":6.0,""unstarted"":0},{""node"":""N4"",""tasks"":6,""started"":6,""wait"":30.166666666666668,""unstarted"":0},{""node"":""N5"",""tasks"":6,""started"":2,""wait"":19.5,""unstarted"":4},{""node"":""N6"",""tasks"":2,""started"":0,""wait"":null,""unstarted"":2},{""node"":""N7"",""tasks"":4,""started"":2,""wait"":18.0,""unstarted"":2},{""node"":""N8"",""tasks"":4,""started"":3,""wait"":52.333333333333336,""unstarted"":1}]"
9,0.5,11,medium,static,4,24,0.2,15.0,15.0,240,4,49,0,116,0,0,0,0.01854579999053385,1,0,0.19166666666666668,2,"[{""node"":""N3"",""tasks"":2,""started"":1,""wait"":8.0,""unstarted"":1},{""node"":""N4"",""tasks"":6,""started"":1,""wait"":13.0,""unstarted"":5},{""node"":""N5"",""tasks"":6,""started"":1,""wait"":17.0,""unstarted"":5},{""node"":""N6"",""tasks"":2,""started"":0,""wait"":null,""unstarted"":2},{""node"":""N7"",""tasks"":4,""started"":1,""wait"":22.0,""unstarted"":3},{""node"":""N8"",""tasks"":4,""started"":0,""wait"":null,""unstarted"":4}]"
9,0.75,18,high,greedy,22,36,0.6666666666666666,27.72,34.53846153846154,2909,25,33,88,301,21,15,0,0.11909830004151445,22,22,0.26761958675346736,0,"[{""node"":""N3"",""tasks"":3,""started"":3,""wait"":5.666666666666667,""unstarted"":0},{""node"":""N4"",""tasks"":9,""started"":8,""wait"":37.25,""unstarted"":1},{""node"":""N5"",""tasks"":9,""started"":8,""wait"":31.625,""unstarted"":1},{""node"":""N6"",""tasks"":3,""started"":2,""wait"":17.0,""unstarted"":1},{""node"":""N7"",""tasks"":6,""started"":3,""wait"":17.666666666666668,""unstarted"":3},{""node"":""N8"",""tasks"":6,""started"":1,""wait"":38.0,""unstarted"":5}]"
9,0.75,18,high,rolling,22,36,0.6666666666666666,27.72,34.53846153846154,2909,25,33,88,301,21,14,0,3.755066199999419,22,18,0.26761958675346736,0,"[{""node"":""N3"",""tasks"":3,""started"":3,""wait"":5.666666666666667,""unstarted"":0},{""node"":""N4"",""tasks"":9,""started"":8,""wait"":37.25,""unstarted"":1},{""node"":""N5"",""tasks"":9,""started"":8,""wait"":31.625,""unstarted"":1},{""node"":""N6"",""tasks"":3,""started"":2,""wait"":17.0,""unstarted"":1},{""node"":""N7"",""tasks"":6,""started"":3,""wait"":17.666666666666668,""unstarted"":3},{""node"":""N8"",""tasks"":6,""started"":1,""wait"":38.0,""unstarted"":5}]"
9,0.75,18,high,rolling_forecast,22,36,0.7333333333333333,27.28,34.357142857142854,2950,25,32,83,263,27,19,0,3.3529558000009274,22,19,0.2995704802811402,1,"[{""node"":""N3"",""tasks"":3,""started"":3,""wait"":5.666666666666667,""unstarted"":0},{""node"":""N4"",""tasks"":9,""started"":8,""wait"":36.875,""unstarted"":1},{""node"":""N5"",""tasks"":9,""started"":9,""wait"":32.0,""unstarted"":0},{""node"":""N6"",""tasks"":3,""started"":2,""wait"":14.5,""unstarted"":1},{""node"":""N7"",""tasks"":6,""started"":3,""wait"":17.666666666666668,""unstarted"":3},{""node"":""N8"",""tasks"":6,""started"":0,""wait"":null,""unstarted"":6}]"
9,0.75,18,high,static,4,36,0.13333333333333333,12.5,12.0,198,4,78,0,103,0,0,0,0.023581999994348735,1,0,0.26,2,"[{""node"":""N3"",""tasks"":3,""started"":1,""wait"":5.0,""unstarted"":2},{""node"":""N4"",""tasks"":9,""started"":1,""wait"":10.0,""unstarted"":8},{""node"":""N5"",""tasks"":9,""started"":1,""wait"":14.0,""unstarted"":8},{""node"":""N6"",""tasks"":3,""started"":0,""wait"":null,""unstarted"":3},{""node"":""N7"",""tasks"":6,""started"":1,""wait"":21.0,""unstarted"":5},{""node"":""N8"",""tasks"":6,""started"":0,""wait"":null,""unstarted"":6}]"
9,0.75,18,low,greedy,12,12,1.0,14.666666666666666,10.2,598,12,0,0,275,0,0,0,0.00394399999640882,14,14,0.23103887826641176,0,"[{""node"":""N3"",""tasks"":1,""started"":1,""wait"":5.0,""unstarted"":0},{""node"":""N4"",""tasks"":3,""started"":3,""wait"":11.0,""unstarted"":0},{""node"":""N5"",""tasks"":3,""started"":3,""wait"":11.666666666666666,""unstarted"":0},{""node"":""N6"",""tasks"":1,""started"":1,""wait"":16.0,""unstarted"":0},{""node"":""N7"",""tasks"":2,""started"":2,""wait"":21.5,""unstarted"":0},{""node"":""N8"",""tasks"":2,""started"":2,""wait"":22.0,""unstarted"":0}]"
9,0.75,18,low,rolling,12,12,1.0,14.666666666666666,10.2,598,12,0,0,275,0,0,0,0.08133009998709895,14,0,0.23103887826641176,0,"[{""node"":""N3"",""tasks"":1,""started"":1,""wait"":5.0,""unstarted"":0},{""node"":""N4"",""tasks"":3,""started"":3,""wait"":11.0,""unstarted"":0},{""node"":""N5"",""tasks"":3,""started"":3,""wait"":11.666666666666666,""unstarted"":0},{""node"":""N6"",""tasks"":1,""started"":1,""wait"":16.0,""unstarted"":0},{""node"":""N7"",""tasks"":2,""started"":2,""wait"":21.5,""unstarted"":0},{""node"":""N8"",""tasks"":2,""started"":2,""wait"":22.0,""unstarted"":0}]"
9,0.75,18,low,rolling_forecast,12,12,1.0,12.916666666666666,10.2,545,12,0,0,293,0,0,0,0.0751864000048954,14,0,0.1913857677902622,0,"[{""node"":""N3"",""tasks"":1,""started"":1,""wait"":5.0,""unstarted"":0},{""node"":""N4"",""tasks"":3,""started"":3,""wait"":11.0,""unstarted"":0},{""node"":""N5"",""tasks"":3,""started"":3,""wait"":11.666666666666666,""unstarted"":0},{""node"":""N6"",""tasks"":1,""started"":1,""wait"":11.0,""unstarted"":0},{""node"":""N7"",""tasks"":2,""started"":2,""wait"":18.0,""unstarted"":0},{""node"":""N8"",""tasks"":2,""started"":2,""wait"":17.5,""unstarted"":0}]"
9,0.75,18,low,static,4,12,0.4,12.5,12.0,198,4,20,0,103,0,0,0,0.02072859999316279,1,0,0.26,2,"[{""node"":""N3"",""tasks"":1,""started"":1,""wait"":5.0,""unstarted"":0},{""node"":""N4"",""tasks"":3,""started"":1,""wait"":10.0,""unstarted"":2},{""node"":""N5"",""tasks"":3,""started"":1,""wait"":14.0,""unstarted"":2},{""node"":""N6"",""tasks"":1,""started"":0,""wait"":null,""unstarted"":1},{""node"":""N7"",""tasks"":2,""started"":1,""wait"":21.0,""unstarted"":1},{""node"":""N8"",""tasks"":2,""started"":0,""wait"":null,""unstarted"":2}]"
9,0.75,18,medium,greedy,18,24,0.9,24.047619047619047,19.6,1907,21,13,62,325,4,9,0,0.0287289999978384,18,18,0.34008321775312067,1,"[{""node"":""N3"",""tasks"":2,""started"":2,""wait"":3.0,""unstarted"":0},{""node"":""N4"",""tasks"":6,""started"":6,""wait"":19.0,""unstarted"":0},{""node"":""N5"",""tasks"":6,""started"":6,""wait"":21.333333333333332,""unstarted"":0},{""node"":""N6"",""tasks"":2,""started"":0,""wait"":null,""unstarted"":2},{""node"":""N7"",""tasks"":4,""started"":4,""wait"":26.5,""unstarted"":0},{""node"":""N8"",""tasks"":4,""started"":3,""wait"":50.333333333333336,""unstarted"":1}]"
9,0.75,18,medium,rolling,22,24,1.0,19.318181818181817,19.6,1667,22,4,0,294,1,7,0,2.352265500012436,18,3,0.21008563273073266,1,"[{""node"":""N3"",""tasks"":2,""started"":2,""wait"":3.0,""unstarted"":0},{""node"":""N4"",""tasks"":6,""started"":6,""wait"":20.5,""unstarted"":0},{""node"":""N5"",""tasks"":6,""started"":6,""wait"":19.833333333333332,""unstarted"":0},{""node"":""N6"",""tasks"":2,""started"":0,""wait"":null,""unstarted"":2},{""node"":""N7"",""tasks"":4,""started"":4,""wait"":19.0,""unstarted"":0},{""node"":""N8"",""tasks"":4,""started"":4,""wait"":25.25,""unstarted"":0}]"
9,0.75,18,medium,rolling_forecast,18,24,1.0,25.45,23.9,2005,20,12,76,280,13,19,0,2.4427732000040123,18,9,0.27377049180327867,1,"[{""node"":""N3"",""tasks"":2,""started"":2,""wait"":3.0,""unstarted"":0},{""node"":""N4"",""tasks"":6,""started"":6,""wait"":28.0,""unstarted"":0},{""node"":""N5"",""tasks"":6,""started"":6,""wait"":19.5,""unstarted"":0},{""node"":""N6"",""tasks"":2,""started"":0,""wait"":null,""unstarted"":2},{""node"":""N7"",""tasks"":4,""started"":4,""wait"":37.5,""unstarted"":0},{""node"":""N8"",""tasks"":4,""started"":2,""wait"":34.0,""unstarted"":2}]"
9,0.75,18,medium,static,4,24,0.2,12.5,12.0,198,4,49,0,103,0,0,0,0.09718339999380987,1,0,0.26,2,"[{""node"":""N3"",""tasks"":2,""started"":1,""wait"":5.0,""unstarted"":1},{""node"":""N4"",""tasks"":6,""started"":1,""wait"":10.0,""unstarted"":5},{""node"":""N5"",""tasks"":6,""started"":1,""wait"":14.0,""unstarted"":5},{""node"":""N6"",""tasks"":2,""started"":0,""wait"":null,""unstarted"":2},{""node"":""N7"",""tasks"":4,""started"":1,""wait"":21.0,""unstarted"":3},{""node"":""N8"",""tasks"":4,""started"":0,""wait"":null,""unstarted"":4}]"
9,1,26,high,greedy,25,36,0.9333333333333333,24.925925925925927,23.333333333333332,2719,27,23,68,417,33,22,0,0.051424300007056445,22,22,0.3182062780269059,1,"[{""node"":""N3"",""tasks"":3,""started"":3,""wait"":5.666666666666667,""unstarted"":0},{""node"":""N4"",""tasks"":9,""started"":9,""wait"":23.333333333333332,""unstarted"":0},{""node"":""N5"",""tasks"":9,""started"":9,""wait"":26.88888888888889,""unstarted"":0},{""node"":""N6"",""tasks"":3,""started"":0,""wait"":null,""unstarted"":3},{""node"":""N7"",""tasks"":6,""started"":3,""wait"":17.666666666666668,""unstarted"":3},{""node"":""N8"",""tasks"":6,""started"":3,""wait"":50.333333333333336,""unstarted"":3}]"
9,1,26,high,rolling,34,36,0.9333333333333333,21.485714285714284,21.071428571428573,2754,35,5,18,362,12,3,0,2.6139673000288894,22,0,0.2074397987300826,0,"[{""node"":""N3"",""tasks"":3,""started"":3,""wait"":5.666666666666667,""unstarted"":0},{""node"":""N4"",""tasks"":9,""started"":8,""wait"":19.375,""unstarted"":1},{""node"":""N5"",""tasks"":9,""started"":9,""wait"":26.88888888888889,""unstarted"":0},{""node"":""N6"",""tasks"":3,""started"":3,""wait"":15.333333333333334,""unstarted"":0},{""node"":""N7"",""tasks"":6,""started"":6,""wait"":21.5,""unstarted"":0},{""node"":""N8"",""tasks"":6,""started"":6,""wait"":27.166666666666668,""unstarted"":0}]"
9,1,26,high,rolling_forecast,33,36,0.8666666666666667,22.314285714285713,22.5,2881,35,8,41,422,5,21,0,2.263948900043033,22,0,0.208246225319396,0,"[{""node"":""N3"",""tasks"":3,""started"":3,""wait"":5.666666666666667,""unstarted"":0},{""node"":""N4"",""tasks"":9,""started"":8,""wait"":20.75,""unstarted"":1},{""node"":""N5"",""tasks"":9,""started"":9,""wait"":28.333333333333332,""unstarted"":0},{""node"":""N6"",""tasks"":3,""started"":3,""wait"":15.333333333333334,""unstarted"":0},{""node"":""N7"",""tasks"":6,""started"":6,""wait"":26.666666666666668,""unstarted"":0},{""node"":""N8"",""tasks"":6,""started"":6,""wait"":22.833333333333332,""unstarted"":0}]"
9,1,26,high,static,4,36,0.13333333333333333,12.5,12.0,198,4,78,0,103,0,0,0,0.017629900001338683,1,0,0.26,2,"[{""node"":""N3"",""tasks"":3,""started"":1,""wait"":5.0,""unstarted"":2},{""node"":""N4"",""tasks"":9,""started"":1,""wait"":10.0,""unstarted"":8},{""node"":""N5"",""tasks"":9,""started"":1,""wait"":14.0,""unstarted"":8},{""node"":""N6"",""tasks"":3,""started"":0,""wait"":null,""unstarted"":3},{""node"":""N7"",""tasks"":6,""started"":1,""wait"":21.0,""unstarted"":5},{""node"":""N8"",""tasks"":6,""started"":0,""wait"":null,""unstarted"":6}]"
9,1,26,low,greedy,12,12,1.0,14.25,10.2,591,12,0,0,275,0,0,0,0.032374800022807904,14,14,0.23252688172043015,0,"[{""node"":""N3"",""tasks"":1,""started"":1,""wait"":5.0,""unstarted"":0},{""node"":""N4"",""tasks"":3,""started"":3,""wait"":11.0,""unstarted"":0},{""node"":""N5"",""tasks"":3,""started"":3,""wait"":11.666666666666666,""unstarted"":0},{""node"":""N6"",""tasks"":1,""started"":1,""wait"":12.0,""unstarted"":0},{""node"":""N7"",""tasks"":2,""started"":2,""wait"":21.0,""unstarted"":0},{""node"":""N8"",""tasks"":2,""started"":2,""wait"":22.0,""unstarted"":0}]"
9,1,26,low,rolling,12,12,1.0,14.25,10.2,591,12,0,0,275,0,0,0,0.5393774000112899,14,0,0.23252688172043015,0,"[{""node"":""N3"",""tasks"":1,""started"":1,""wait"":5.0,""unstarted"":0},{""node"":""N4"",""tasks"":3,""started"":3,""wait"":11.0,""unstarted"":0},{""node"":""N5"",""tasks"":3,""started"":3,""wait"":11.666666666666666,""unstarted"":0},{""node"":""N6"",""tasks"":1,""started"":1,""wait"":12.0,""unstarted"":0},{""node"":""N7"",""tasks"":2,""started"":2,""wait"":21.0,""unstarted"":0},{""node"":""N8"",""tasks"":2,""started"":2,""wait"":22.0,""unstarted"":0}]"
9,1,26,low,rolling_forecast,12,12,1.0,12.916666666666666,10.2,545,12,0,0,321,0,0,0,0.48866149997047614,14,0,0.1913857677902622,0,"[{""node"":""N3"",""tasks"":1,""started"":1,""wait"":5.0,""unstarted"":0},{""node"":""N4"",""tasks"":3,""started"":3,""wait"":11.0,""unstarted"":0},{""node"":""N5"",""tasks"":3,""started"":3,""wait"":11.666666666666666,""unstarted"":0},{""node"":""N6"",""tasks"":1,""started"":1,""wait"":11.0,""unstarted"":0},{""node"":""N7"",""tasks"":2,""started"":2,""wait"":18.0,""unstarted"":0},{""node"":""N8"",""tasks"":2,""started"":2,""wait"":17.5,""unstarted"":0}]"
9,1,26,low,static,4,12,0.4,12.5,12.0,198,4,20,0,103,0,0,0,0.11840110000048298,1,0,0.26,2,"[{""node"":""N3"",""tasks"":1,""started"":1,""wait"":5.0,""unstarted"":0},{""node"":""N4"",""tasks"":3,""started"":1,""wait"":10.0,""unstarted"":2},{""node"":""N5"",""tasks"":3,""started"":1,""wait"":14.0,""unstarted"":2},{""node"":""N6"",""tasks"":1,""started"":0,""wait"":null,""unstarted"":1},{""node"":""N7"",""tasks"":2,""started"":1,""wait"":21.0,""unstarted"":1},{""node"":""N8"",""tasks"":2,""started"":0,""wait"":null,""unstarted"":2}]"
9,1,26,medium,greedy,24,24,1.0,17.416666666666668,14.2,1492,24,0,14,372,1,1,0,0.05704530002549291,18,18,0.3037004914715235,0,"[{""node"":""N3"",""tasks"":2,""started"":2,""wait"":3.0,""unstarted"":0},{""node"":""N4"",""tasks"":6,""started"":6,""wait"":14.166666666666666,""unstarted"":0},{""node"":""N5"",""tasks"":6,""started"":6,""wait"":17.166666666666668,""unstarted"":0},{""node"":""N6"",""tasks"":2,""started"":2,""wait"":11.5,""unstarted"":0},{""node"":""N7"",""tasks"":4,""started"":4,""wait"":16.0,""unstarted"":0},{""node"":""N8"",""tasks"":4,""started"":4,""wait"":34.25,""unstarted"":0}]"
9,1,26,medium,rolling,24,24,1.0,15.916666666666666,14.1,1382,24,0,0,373,4,2,0,1.845159100033925,18,3,0.2488846398980242,0,"[{""node"":""N3"",""tasks"":2,""started"":2,""wait"":3.0,""unstarted"":0},{""node"":""N4"",""tasks"":6,""started"":6,""wait"":14.333333333333334,""unstarted"":0},{""node"":""N5"",""tasks"":6,""started"":6,""wait"":16.833333333333332,""unstarted"":0},{""node"":""N6"",""tasks"":2,""started"":2,""wait"":11.5,""unstarted"":0},{""node"":""N7"",""tasks"":4,""started"":4,""wait"":16.0,""unstarted"":0},{""node"":""N8"",""tasks"":4,""started"":4,""wait"":25.5,""unstarted"":0}]"
9,1,26,medium,rolling_forecast,24,24,1.0,14.25,13.5,1250,24,0,0,386,0,5,0,0.8802395999518922,18,0,0.20600858369098715,0,"[{""node"":""N3"",""tasks"":2,""started"":2,""wait"":3.0,""unstarted"":0},{""node"":""N4"",""tasks"":6,""started"":6,""wait"":15.666666666666666,""unstarted"":0},{""node"":""N5"",""tasks"":6,""started"":6,""wait"":14.5,""unstarted"":0},{""node"":""N6"",""tasks"":2,""started"":2,""wait"":11.5,""unstarted"":0},{""node"":""N7"",""tasks"":4,""started"":4,""wait"":13.5,""unstarted"":0},{""node"":""N8"",""tasks"":4,""started"":4,""wait"":19.5,""unstarted"":0}]"
9,1,26,medium,static,4,24,0.2,12.5,12.0,198,4,49,0,103,0,0,0,0.10540609998861328,1,0,0.26,2,"[{""node"":""N3"",""tasks"":2,""started"":1,""wait"":5.0,""unstarted"":1},{""node"":""N4"",""tasks"":6,""started"":1,""wait"":10.0,""unstarted"":5},{""node"":""N5"",""tasks"":6,""started"":1,""wait"":14.0,""unstarted"":5},{""node"":""N6"",""tasks"":2,""started"":0,""wait"":null,""unstarted"":2},{""node"":""N7"",""tasks"":4,""started"":1,""wait"":21.0,""unstarted"":3},{""node"":""N8"",""tasks"":4,""started"":0,""wait"":null,""unstarted"":4}]"
10,0.35,8,high,greedy,12,36,0.3333333333333333,26.076923076923077,36.5,1455,13,61,41,122,1,2,0,0.03902300001936965,22,22,0.2860009119927041,1,"[{""node"":""N3"",""tasks"":3,""started"":3,""wait"":11.666666666666666,""unstarted"":0},{""node"":""N4"",""tasks"":9,""started"":5,""wait"":32.2,""unstarted"":4},{""node"":""N5"",""tasks"":9,""started"":1,""wait"":58.0,""unstarted"":8},{""node"":""N6"",""tasks"":3,""started"":0,""wait"":null,""unstarted"":3},{""node"":""N7"",""tasks"":6,""started"":3,""wait"":20.333333333333332,""unstarted"":3},{""node"":""N8"",""tasks"":6,""started"":1,""wait"":24.0,""unstarted"":5}]"
10,0.35,8,high,rolling,13,36,0.2,24.571428571428573,36.25,1322,14,61,63,134,12,11,0,1.813497799972538,22,1,0.20636998254799305,2,"[{""node"":""N3"",""tasks"":3,""started"":3,""wait"":11.666666666666666,""unstarted"":0},{""node"":""N4"",""tasks"":9,""started"":4,""wait"":36.25,""unstarted"":5},{""node"":""N5"",""tasks"":9,""started"":0,""wait"":null,""unstarted"":9},{""node"":""N6"",""tasks"":3,""started"":0,""wait"":null,""unstarted"":3},{""node"":""N7"",""tasks"":6,""started"":4,""wait"":21.25,""unstarted"":2},{""node"":""N8"",""tasks"":6,""started"":3,""wait"":26.333333333333332,""unstarted"":3}]"
10,0.35,8,high,rolling_forecast,12,36,0.3333333333333333,25.923076923076923,36.166666666666664,1445,13,61,61,122,11,15,0,1.8309021999448305,22,3,0.2856881572930956,1,"[{""node"":""N3"",""tasks"":3,""started"":3,""wait"":11.666666666666666,""unstarted"":0},{""node"":""N4"",""tasks"":9,""started"":5,""wait"":31.8,""unstarted"":4},{""node"":""N5"",""tasks"":9,""started"":1,""wait"":58.0,""unstarted"":8},{""node"":""N6"",""tasks"":3,""started"":0,""wait"":null,""unstarted"":3},{""node"":""N7"",""tasks"":6,""started"":3,""wait"":20.333333333333332,""unstarted"":3},{""node"":""N8"",""tasks"":6,""started"":1,""wait"":24.0,""unstarted"":5}]"
10,0.35,8,high,static,3,36,0.06666666666666667,15.333333333333334,13.0,164,3,81,0,80,0,0,0,0.007663500000489876,1,0,0.2463768115942029,3,"[{""node"":""N3"",""tasks"":3,""started"":1,""wait"":8.0,""unstarted"":2},{""node"":""N4"",""tasks"":9,""started"":1,""wait"":13.0,""unstarted"":8},{""node"":""N5"",""tasks"":9,""started"":0,""wait"":null,""unstarted"":9},{""node"":""N6"",""tasks"":3,""started"":0,""wait"":null,""unstarted"":3},{""node"":""N7"",""tasks"":6,""started"":1,""wait"":25.0,""unstarted"":5},{""node"":""N8"",""tasks"":6,""started"":0,""wait"":null,""unstarted"":6}]"
10,0.35,8,low,greedy,7,12,0.6,31.285714285714285,14.666666666666666,745,7,13,62,134,1,1,0,0.006372599978931248,14,14,0.4675,1,"[{""node"":""N3"",""tasks"":1,""started"":1,""wait"":8.0,""unstarted"":0},{""node"":""N4"",""tasks"":3,""started"":2,""wait"":18.0,""unstarted"":1},{""node"":""N5"",""tasks"":3,""started"":1,""wait"":8.0,""unstarted"":2},{""node"":""N6"",""tasks"":1,""started"":0,""wait"":null,""unstarted"":1},{""node"":""N7"",""tasks"":2,""started"":2,""wait"":41.0,""unstarted"":0},{""node"":""N8"",""tasks"":2,""started"":1,""wait"":85.0,""unstarted"":1}]"
10,0.35,8,low,rolling,6,12,0.6,19.666666666666668,21.666666666666668,484,6,15,0,132,1,3,0,0.16879820000031032,14,0,0.196,1,"[{""node"":""N3"",""tasks"":1,""started"":1,""wait"":8.0,""unstarted"":0},{""node"":""N4"",""tasks"":3,""started"":2,""wait"":18.0,""unstarted"":1},{""node"":""N5"",""tasks"":3,""started"":1,""wait"":29.0,""unstarted"":2},{""node"":""N6"",""tasks"":1,""started"":0,""wait"":null,""unstarted"":1},{""node"":""N7"",""tasks"":2,""started"":1,""wait"":25.0,""unstarted"":1},{""node"":""N8"",""tasks"":2,""started"":1,""wait"":20.0,""unstarted"":1}]"
10,0.35,8,low,rolling_forecast,6,12,0.6,19.666666666666668,21.666666666666668,484,6,15,0,132,1,3,0,0.17777080000087153,14,0,0.196,1,"[{""node"":""N3"",""tasks"":1,""started"":1,""wait"":8.0,""unstarted"":0},{""node"":""N4"",""tasks"":3,""started"":2,""wait"":18.0,""unstarted"":1},{""node"":""N5"",""tasks"":3,""started"":1,""wait"":29.0,""unstarted"":2},{""node"":""N6"",""tasks"":1,""started"":0,""wait"":null,""unstarted"":1},{""node"":""N7"",""tasks"":2,""started"":1,""wait"":25.0,""unstarted"":1},{""node"":""N8"",""tasks"":2,""started"":1,""wait"":20.0,""unstarted"":1}]"
10,0.35,8,low,static,3,12,0.2,15.333333333333334,13.0,164,3,23,0,80,0,0,0,0.010883599999942817,1,0,0.2463768115942029,3,"[{""node"":""N3"",""tasks"":1,""started"":1,""wait"":8.0,""unstarted"":0},{""node"":""N4"",""tasks"":3,""started"":1,""wait"":13.0,""unstarted"":2},{""node"":""N5"",""tasks"":3,""started"":0,""wait"":null,""unstarted"":3},{""node"":""N6"",""tasks"":1,""started"":0,""wait"":null,""unstarted"":1},{""node"":""N7"",""tasks"":2,""started"":1,""wait"":25.0,""unstarted"":1},{""node"":""N8"",""tasks"":2,""started"":0,""wait"":null,""unstarted"":2}]"
10,0.35,8,medium,greedy,10,24,0.5,23.272727272727273,31.166666666666668,1142,11,35,12,122,2,2,0,0.017932499991729856,18,18,0.276510067114094,1,"[{""node"":""N3"",""tasks"":2,""started"":2,""wait"":6.5,""unstarted"":0},{""node"":""N4"",""tasks"":6,""started"":4,""wait"":26.25,""unstarted"":2},{""node"":""N5"",""tasks"":6,""started"":2,""wait"":41.0,""unstarted"":4},{""node"":""N6"",""tasks"":2,""started"":0,""wait"":null,""unstarted"":2},{""node"":""N7"",""tasks"":4,""started"":2,""wait"":18.0,""unstarted"":2},{""node"":""N8"",""tasks"":4,""started"":1,""wait"":20.0,""unstarted"":3}]"
10,0.35,8,medium,rolling,10,24,0.5,23.272727272727273,31.166666666666668,1142,11,35,12,122,2,3,0,0.5622227000421844,18,0,0.276510067114094,1,"[{""node"":""N3"",""tasks"":2,""started"":2,""wait"":6.5,""unstarted"":0},{""node"":""N4"",""tasks"":6,""started"":4,""wait"":26.25,""unstarted"":2},{""node"":""N5"",""tasks"":6,""started"":2,""wait"":41.0,""unstarted"":4},{""node"":""N6"",""tasks"":2,""started"":0,""wait"":null,""unstarted"":2},{""node"":""N7"",""tasks"":4,""started"":2,""wait"":18.0,""unstarted"":2},{""node"":""N8"",""tasks"":4,""started"":1,""wait"":20.0,""unstarted"":3}]"
10,0.35,8,medium,rolling_forecast,10,24,0.5,23.272727272727273,31.166666666666668,1142,11,35,12,122,2,3,0,0.6205566999706207,18,0,0.276510067114094,1,"[{""node"":""N3"",""tasks"":2,""started"":2,""wait"":6.5,""unstarted"":0},{""node"":""N4"",""tasks"":6,""started"":4,""wait"":26.25,""unstarted"":2},{""node"":""N5"",""tasks"":6,""started"":2,""wait"":41.0,""unstarted"":4},{""node"":""N6"",""tasks"":2,""started"":0,""wait"":null,""unstarted"":2},{""node"":""N7"",""tasks"":4,""started"":2,""wait"":18.0,""unstarted"":2},{""node"":""N8"",""tasks"":4,""started"":1,""wait"":20.0,""unstarted"":3}]"
10,0.35,8,medium,static,3,24,0.1,15.333333333333334,13.0,164,3,52,0,80,0,0,0,0.007562799990409985,1,0,0.2463768115942029,3,"[{""node"":""N3"",""tasks"":2,""started"":1,""wait"":8.0,""unstarted"":1},{""node"":""N4"",""tasks"":6,""started"":1,""wait"":13.0,""unstarted"":5},{""node"":""N5"",""tasks"":6,""started"":0,""wait"":null,""unstarted"":6},{""node"":""N6"",""tasks"":2,""started"":0,""wait"":null,""unstarted"":2},{""node"":""N7"",""tasks"":4,""started"":1,""wait"":25.0,""unstarted"":3},{""node"":""N8"",""tasks"":4,""started"":0,""wait"":null,""unstarted"":4}]"
10,0.5,11,high,greedy,16,36,0.5333333333333333,36.05555555555556,45.0,2847,18,50,188,194,21,14,0,0.04382609996537212,22,22,0.27350079860606946,1,"[{""node"":""N3"",""tasks"":3,""started"":3,""wait"":11.666666666666666,""unstarted"":0},{""node"":""N4"",""tasks"":9,""started"":7,""wait"":52.142857142857146,""unstarted"":2},{""node"":""N5"",""tasks"":9,""started"":3,""wait"":28.333333333333332,""unstarted"":6},{""node"":""N6"",""tasks"":3,""started"":0,""wait"":null,""unstarted"":3},{""node"":""N7"",""tasks"":6,""started"":3,""wait"":20.333333333333332,""unstarted"":3},{""node"":""N8"",""tasks"":6,""started"":2,""wait"":51.5,""unstarted"":4}]"
10,0.5,11,high,rolling,19,36,0.6,34.72727272727273,36.6,3024,22,43,179,214,14,29,0,2.9102627000393113,22,0,0.25257953568357705,1,"[{""node"":""N3"",""tasks"":3,""started"":3,""wait"":11.666666666666666,""unstarted"":0},{""node"":""N4"",""tasks"":9,""started"":8,""wait"":40.75,""unstarted"":1},{""node"":""N5"",""tasks"":9,""started"":2,""wait"":20.0,""unstarted"":7},{""node"":""N6"",""tasks"":3,""started"":0,""wait"":null,""unstarted"":3},{""node"":""N7"",""tasks"":6,""started"":5,""wait"":32.4,""unstarted"":1},{""node"":""N8"",""tasks"":6,""started"":4,""wait"":50.25,""unstarted"":2}]"
10,0.5,11,high,rolling_forecast,14,36,0.4,33.666666666666664,41.57142857142857,2097,15,56,164,207,18,42,0,2.588111199976993,22,6,0.2695863746958638,1,"[{""node"":""N3"",""tasks"":3,""started"":3,""wait"":11.666666666666666,""unstarted"":0},{""node"":""N4"",""tasks"":9,""started"":4,""wait"":47.75,""unstarted"":5},{""node"":""N5"",""tasks"":9,""started"":3,""wait"":33.333333333333336,""unstarted"":6},{""node"":""N6"",""tasks"":3,""started"":0,""wait"":null,""unstarted"":3},{""node"":""N7"",""tasks"":6,""started"":3,""wait"":22.0,""unstarted"":3},{""node"":""N8"",""tasks"":6,""started"":2,""wait"":56.5,""unstarted"":4}]"
10,0.5,11,high,static,4,36,0.13333333333333333,15.75,15.0,249,4,78,0,129,0,0,0,0.011030100009520538,1,0,0.21825396825396826,2,"[{""node"":""N3"",""tasks"":3,""started"":1,""wait"":8.0,""unstarted"":2},{""node"":""N4"",""tasks"":9,""started"":1,""wait"":13.0,""unstarted"":8},{""node"":""N5"",""tasks"":9,""started"":1,""wait"":17.0,""unstarted"":8},{""node"":""N6"",""tasks"":3,""started"":0,""wait"":null,""unstarted"":3},{""node"":""N7"",""tasks"":6,""started"":1,""wait"":25.0,""unstarted"":5},{""node"":""N8"",""tasks"":6,""started"":0,""wait"":null,""unstarted"":6}]"
10,0.5,11,low,greedy,9,12,1.0,25.6,15.4,922,10,7,23,225,0,1,0,0.004884800029685721,14,14,0.3405622489959839,1,"[{""node"":""N3"",""tasks"":1,""started"":1,""wait"":8.0,""unstarted"":0},{""node"":""N4"",""tasks"":3,""started"":3,""wait"":15.0,""unstarted"":0},{""node"":""N5"",""tasks"":3,""started"":2,""wait"":16.0,""unstarted"":1},{""node"":""N6"",""tasks"":1,""started"":0,""wait"":null,""unstarted"":1},{""node"":""N7"",""tasks"":2,""started"":2,""wait"":34.0,""unstarted"":0},{""node"":""N8"",""tasks"":2,""started"":2,""wait"":51.5,""unstarted"":0}]"
10,0.5,11,low,rolling,10,12,1.0,20.8,19.0,814,10,5,0,214,0,0,0,0.11500459999660961,14,0,0.19098497495826378,1,"[{""node"":""N3"",""tasks"":1,""started"":1,""wait"":8.0,""unstarted"":0},{""node"":""N4"",""tasks"":3,""started"":3,""wait"":16.333333333333332,""unstarted"":0},{""node"":""N5"",""tasks"":3,""started"":2,""wait"":23.0,""unstarted"":1},{""node"":""N6"",""tasks"":1,""started"":0,""wait"":null,""unstarted"":1},{""node"":""N7"",""tasks"":2,""started"":2,""wait"":27.5,""unstarted"":0},{""node"":""N8"",""tasks"":2,""started"":2,""wait"":25.0,""unstarted"":0}]"
10,0.5,11,low,rolling_forecast,10,12,1.0,20.8,19.0,814,10,5,0,214,0,0,0,0.11871209998207632,14,0,0.19098497495826378,1,"[{""node"":""N3"",""tasks"":1,""started"":1,""wait"":8.0,""unstarted"":0},{""node"":""N4"",""tasks"":3,""started"":3,""wait"":16.333333333333332,""unstarted"":0},{""node"":""N5"",""tasks"":3,""started"":2,""wait"":23.0,""unstarted"":1},{""node"":""N6"",""tasks"":1,""started"":0,""wait"":null,""unstarted"":1},{""node"":""N7"",""tasks"":2,""started"":2,""wait"":27.5,""unstarted"":0},{""node"":""N8"",""tasks"":2,""started"":2,""wait"":25.0,""unstarted"":0}]"
10,0.5,11,low,static,4,12,0.4,15.75,15.0,249,4,20,0,129,0,0,0,0.015285100002074614,1,0,0.21825396825396826,2,"[{""node"":""N3"",""tasks"":1,""started"":1,""wait"":8.0,""unstarted"":0},{""node"":""N4"",""tasks"":3,""started"":1,""wait"":13.0,""unstarted"":2},{""node"":""N5"",""tasks"":3,""started"":1,""wait"":17.0,""unstarted"":2},{""node"":""N6"",""tasks"":1,""started"":0,""wait"":null,""unstarted"":1},{""node"":""N7"",""tasks"":2,""started"":1,""wait"":25.0,""unstarted"":1},{""node"":""N8"",""tasks"":2,""started"":0,""wait"":null,""unstarted"":2}]"
10,0.5,11,medium,greedy,12,24,0.8,24.384615384615383,29.77777777777778,1487,13,28,20,165,8,7,0,0.020346799996332265,18,18,0.24799599198396796,2,"[{""node"":""N3"",""tasks"":2,""started"":2,""wait"":6.5,""unstarted"":0},{""node"":""N4"",""tasks"":6,""started"":6,""wait"":30.666666666666668,""unstarted"":0},{""node"":""N5"",""tasks"":6,""started"":3,""wait"":28.0,""unstarted"":3},{""node"":""N6"",""tasks"":2,""started"":0,""wait"":null,""unstarted"":2},{""node"":""N7"",""tasks"":4,""started"":2,""wait"":18.0,""unstarted"":2},{""node"":""N8"",""tasks"":4,""started"":0,""wait"":null,""unstarted"":4}]"
10,0.5,11,medium,rolling,16,24,0.8,23.41176470588235,30.77777777777778,1748,17,20,34,213,5,7,0,0.8864032000274165,18,0,0.24427983539094647,1,"[{""node"":""N3"",""tasks"":2,""started"":2,""wait"":6.5,""unstarted"":0},{""node"":""N4"",""tasks"":6,""started"":6,""wait"":33.333333333333336,""unstarted"":0},{""node"":""N5"",""tasks"":6,""started"":3,""wait"":25.666666666666668,""unstarted"":3},{""node"":""N6"",""tasks"":2,""started"":0,""wait"":null,""unstarted"":2},{""node"":""N7"",""tasks"":4,""started"":4,""wait"":18.25,""unstarted"":0},{""node"":""N8"",""tasks"":4,""started"":2,""wait"":17.5,""unstarted"":2}]"
10,0.5,11,medium,rolling_forecast,16,24,0.8,23.41176470588235,30.77777777777778,1748,17,20,34,213,5,7,0,0.9027226000034716,18,0,0.24427983539094647,1,"[{""node"":""N3"",""tasks"":2,""started"":2,""wait"":6.5,""unstarted"":0},{""node"":""N4"",""tasks"":6,""started"":6,""wait"":33.333333333333336,""unstarted"":0},{""node"":""N5"",""tasks"":6,""started"":3,""wait"":25.666666666666668,""unstarted"":3},{""node"":""N6"",""tasks"":2,""started"":0,""wait"":null,""unstarted"":2},{""node"":""N7"",""tasks"":4,""started"":4,""wait"":18.25,""unstarted"":0},{""node"":""N8"",""tasks"":4,""started"":2,""wait"":17.5,""unstarted"":2}]"
10,0.5,11,medium,static,4,24,0.2,15.75,15.0,249,4,49,0,129,0,0,0,0.01865949999773875,1,0,0.21825396825396826,2,"[{""node"":""N3"",""tasks"":2,""started"":1,""wait"":8.0,""unstarted"":1},{""node"":""N4"",""tasks"":6,""started"":1,""wait"":13.0,""unstarted"":5},{""node"":""N5"",""tasks"":6,""started"":1,""wait"":17.0,""unstarted"":5},{""node"":""N6"",""tasks"":2,""started"":0,""wait"":null,""unstarted"":2},{""node"":""N7"",""tasks"":4,""started"":1,""wait"":25.0,""unstarted"":3},{""node"":""N8"",""tasks"":4,""started"":0,""wait"":null,""unstarted"":4}]"
10,0.75,18,high,greedy,24,36,0.6666666666666666,28.77777777777778,37.38461538461539,3193,27,29,111,353,20,10,0,0.045525900000939146,22,22,0.2402128468263018,0,"[{""node"":""N3"",""tasks"":3,""started"":3,""wait"":8.0,""unstarted"":0},{""node"":""N4"",""tasks"":9,""started"":8,""wait"":40.25,""unstarted"":1},{""node"":""N5"",""tasks"":9,""started"":8,""wait"":32.75,""unstarted"":1},{""node"":""N6"",""tasks"":3,""started"":3,""wait"":18.333333333333332,""unstarted"":0},{""node"":""N7"",""tasks"":6,""started"":3,""wait"":20.333333333333332,""unstarted"":3},{""node"":""N8"",""tasks"":6,""started"":2,""wait"":26.5,""unstarted"":4}]"
10,0.75,18,high,rolling,23,36,0.7333333333333333,28.892857142857142,29.923076923076923,3171,28,31,188,415,23,39,0,3.007332299981499,22,0,0.22421281216069489,0,"[{""node"":""N3"",""tasks"":3,""started"":3,""wait"":8.0,""unstarted"":0},{""node"":""N4"",""tasks"":9,""started"":8,""wait"":25.25,""unstarted"":1},{""node"":""N5"",""tasks"":9,""started"":8,""wait"":38.25,""unstarted"":1},{""node"":""N6"",""tasks"":3,""started"":1,""wait"":17.0,""unstarted"":2},{""node"":""N7"",""tasks"":6,""started"":4,""wait"":33.25,""unstarted"":2},{""node"":""N8"",""tasks"":6,""started"":4,""wait"":31.75,""unstarted"":2}]"
10,0.75,18,high,rolling_forecast,22,36,0.6666666666666666,27.76,34.333333333333336,2838,25,33,84,322,18,42,0,2.6031765999505296,22,7,0.23651334469051674,0,"[{""node"":""N3"",""tasks"":3,""started"":3,""wait"":8.0,""unstarted"":0},{""node"":""N4"",""tasks"":9,""started"":8,""wait"":34.0,""unstarted"":1},{""node"":""N5"",""tasks"":9,""started"":7,""wait"":34.0,""unstarted"":2},{""node"":""N6"",""tasks"":3,""started"":1,""wait"":34.0,""unstarted"":2},{""node"":""N7"",""tasks"":6,""started"":4,""wait"":26.25,""unstarted"":2},{""node"":""N8"",""tasks"":6,""started"":2,""wait"":10.5,""unstarted"":4}]"
10,0.75,18,high,static,4,36,0.13333333333333333,15.75,15.0,249,4,78,0,123,0,0,0,0.02222460000484716,1,0,0.21825396825396826,2,"[{""node"":""N3"",""tasks"":3,""started"":1,""wait"":8.0,""unstarted"":2},{""node"":""N4"",""tasks"":9,""started"":1,""wait"":13.0,""unstarted"":8},{""node"":""N5"",""tasks"":9,""started"":1,""wait"":17.0,""unstarted"":8},{""node"":""N6"",""tasks"":3,""started"":0,""wait"":null,""unstarted"":3},{""node"":""N7"",""tasks"":6,""started"":1,""wait"":25.0,""unstarted"":5},{""node"":""N8"",""tasks"":6,""started"":0,""wait"":null,""unstarted"":6}]"
10,0.75,18,low,greedy,12,12,1.0,16.75,13.2,687,12,0,0,277,0,0,0,0.004335599995101802,14,14,0.1915584415584416,0,"[{""node"":""N3"",""tasks"":1,""started"":1,""wait"":8.0,""unstarted"":0},{""node"":""N4"",""tasks"":3,""started"":3,""wait"":15.0,""unstarted"":0},{""node"":""N5"",""tasks"":3,""started"":3,""wait"":12.666666666666666,""unstarted"":0},{""node"":""N6"",""tasks"":1,""started"":1,""wait"":24.0,""unstarted"":0},{""node"":""N7"",""tasks"":2,""started"":2,""wait"":24.0,""unstarted"":0},{""node"":""N8"",""tasks"":2,""started"":2,""wait"":19.0,""unstarted"":0}]"
10,0.75,18,low,rolling,12,12,1.0,16.75,13.2,687,12,0,0,277,0,0,0,0.10960239998530596,14,0,0.1915584415584416,0,"[{""node"":""N3"",""tasks"":1,""started"":1,""wait"":8.0,""unstarted"":0},{""node"":""N4"",""tasks"":3,""started"":3,""wait"":15.0,""unstarted"":0},{""node"":""N5"",""tasks"":3,""started"":3,""wait"":12.666666666666666,""unstarted"":0},{""node"":""N6"",""tasks"":1,""started"":1,""wait"":24.0,""unstarted"":0},{""node"":""N7"",""tasks"":2,""started"":2,""wait"":24.0,""unstarted"":0},{""node"":""N8"",""tasks"":2,""started"":2,""wait"":19.0,""unstarted"":0}]"
10,0.75,18,low,rolling_forecast,12,12,1.0,14.416666666666666,13.2,623,12,0,0,299,0,0,0,0.11508760000288021,14,0,0.12948207171314743,0,"[{""node"":""N3"",""tasks"":1,""started"":1,""wait"":8.0,""unstarted"":0},{""node"":""N4"",""tasks"":3,""started"":3,""wait"":15.0,""unstarted"":0},{""node"":""N5"",""tasks"":3,""started"":3,""wait"":12.666666666666666,""unstarted"":0},{""node"":""N6"",""tasks"":1,""started"":1,""wait"":14.0,""unstarted"":0},{""node"":""N7"",""tasks"":2,""started"":2,""wait"":19.5,""unstarted"":0},{""node"":""N8"",""tasks"":2,""started"":2,""wait"":14.5,""unstarted"":0}]"
10,0.75,18,low,static,4,12,0.4,15.75,15.0,249,4,20,0,123,0,0,0,0.027978300000540912,1,0,0.21825396825396826,2,"[{""node"":""N3"",""tasks"":1,""started"":1,""wait"":8.0,""unstarted"":0},{""node"":""N4"",""tasks"":3,""started"":1,""wait"":13.0,""unstarted"":2},{""node"":""N5"",""tasks"":3,""started"":1,""wait"":17.0,""unstarted"":2},{""node"":""N6"",""tasks"":1,""started"":0,""wait"":null,""unstarted"":1},{""node"":""N7"",""tasks"":2,""started"":1,""wait"":25.0,""unstarted"":1},{""node"":""N8"",""tasks"":2,""started"":0,""wait"":null,""unstarted"":2}]"
10,0.75,18,medium,greedy,19,24,1.0,28.318181818181817,20.1,2271,22,10,99,305,11,7,0,0.015641700039850548,18,18,0.32919927754364847,1,"[{""node"":""N3"",""tasks"":2,""started"":2,""wait"":6.5,""unstarted"":0},{""node"":""N4"",""tasks"":6,""started"":6,""wait"":23.333333333333332,""unstarted"":0},{""node"":""N5"",""tasks"":6,""started"":6,""wait"":17.833333333333332,""unstarted"":0},{""node"":""N6"",""tasks"":2,""started"":0,""wait"":null,""unstarted"":2},{""node"":""N7"",""tasks"":4,""started"":4,""wait"":36.75,""unstarted"":0},{""node"":""N8"",""tasks"":4,""started"":4,""wait"":54.0,""unstarted"":0}]"
10,0.75,18,medium,rolling,23,24,0.9,22.5,24.8,2016,24,3,6,308,0,0,0,0.5837560000072699,18,0,0.2124312431243124,0,"[{""node"":""N3"",""tasks"":2,""started"":2,""wait"":6.5,""unstarted"":0},{""node"":""N4"",""tasks"":6,""started"":6,""wait"":23.333333333333332,""unstarted"":0},{""node"":""N5"",""tasks"":6,""started"":6,""wait"":25.666666666666668,""unstarted"":0},{""node"":""N6"",""tasks"":2,""started"":2,""wait"":25.0,""unstarted"":0},{""node"":""N7"",""tasks"":4,""started"":4,""wait"":14.25,""unstarted"":0},{""node"":""N8"",""tasks"":4,""started"":4,""wait"":31.5,""unstarted"":0}]"
10,0.75,18,medium,rolling_forecast,21,24,0.8,21.869565217391305,27.2,2007,23,8,35,358,2,6,0,0.6238184000103502,18,0,0.18429598700997452,0,"[{""node"":""N3"",""tasks"":2,""started"":2,""wait"":6.5,""unstarted"":0},{""node"":""N4"",""tasks"":6,""started"":6,""wait"":24.666666666666668,""unstarted"":0},{""node"":""N5"",""tasks"":6,""started"":6,""wait"":28.333333333333332,""unstarted"":0},{""node"":""N6"",""tasks"":2,""started"":1,""wait"":23.0,""unstarted"":1},{""node"":""N7"",""tasks"":4,""started"":4,""wait"":18.25,""unstarted"":0},{""node"":""N8"",""tasks"":4,""started"":4,""wait"":19.0,""unstarted"":0}]"
10,0.75,18,medium,static,4,24,0.2,15.75,15.0,249,4,49,0,123,0,0,0,0.027898100001038983,1,0,0.21825396825396826,2,"[{""node"":""N3"",""tasks"":2,""started"":1,""wait"":8.0,""unstarted"":1},{""node"":""N4"",""tasks"":6,""started"":1,""wait"":13.0,""unstarted"":5},{""node"":""N5"",""tasks"":6,""started"":1,""wait"":17.0,""unstarted"":5},{""node"":""N6"",""tasks"":2,""started"":0,""wait"":null,""unstarted"":2},{""node"":""N7"",""tasks"":4,""started"":1,""wait"":25.0,""unstarted"":3},{""node"":""N8"",""tasks"":4,""started"":0,""wait"":null,""unstarted"":4}]"
10,1,26,high,greedy,26,36,0.9333333333333333,24.14814814814815,25.6,2686,27,21,22,452,38,22,0,0.050018199952319264,22,22,0.19405255878284933,0,"[{""node"":""N3"",""tasks"":3,""started"":3,""wait"":8.0,""unstarted"":0},{""node"":""N4"",""tasks"":9,""started"":9,""wait"":26.22222222222222,""unstarted"":0},{""node"":""N5"",""tasks"":9,""started"":9,""wait"":27.333333333333332,""unstarted"":0},{""node"":""N6"",""tasks"":3,""started"":1,""wait"":19.0,""unstarted"":2},{""node"":""N7"",""tasks"":6,""started"":3,""wait"":20.333333333333332,""unstarted"":3},{""node"":""N8"",""tasks"":6,""started"":2,""wait"":33.0,""unstarted"":4}]"
10,1,26,high,rolling,28,36,0.7333333333333333,27.875,32.57142857142857,3478,32,20,140,423,24,57,0,3.3403187000076286,22,2,0.19638635596082407,0,"[{""node"":""N3"",""tasks"":3,""started"":3,""wait"":8.0,""unstarted"":0},{""node"":""N4"",""tasks"":9,""started"":9,""wait"":32.666666666666664,""unstarted"":0},{""node"":""N5"",""tasks"":9,""started"":8,""wait"":34.0,""unstarted"":1},{""node"":""N6"",""tasks"":3,""started"":3,""wait"":18.333333333333332,""unstarted"":0},{""node"":""N7"",""tasks"":6,""started"":4,""wait"":28.25,""unstarted"":2},{""node"":""N8"",""tasks"":6,""started"":5,""wait"":26.8,""unstarted"":1}]"
10,1,26,high,rolling_forecast,31,36,0.8,24.264705882352942,26.066666666666666,3185,34,13,50,427,13,17,0,2.303463300020667,22,0,0.2010520913523223,0,"[{""node"":""N3"",""tasks"":3,""started"":3,""wait"":8.0,""unstarted"":0},{""node"":""N4"",""tasks"":9,""started"":9,""wait"":24.22222222222222,""unstarted"":0},{""node"":""N5"",""tasks"":9,""started"":9,""wait"":30.11111111111111,""unstarted"":0},{""node"":""N6"",""tasks"":3,""started"":1,""wait"":36.0,""unstarted"":2},{""node"":""N7"",""tasks"":6,""started"":6,""wait"":26.5,""unstarted"":0},{""node"":""N8"",""tasks"":6,""started"":6,""wait"":19.5,""unstarted"":0}]"
10,1,26,high,static,4,36,0.13333333333333333,15.75,15.0,249,4,78,0,123,0,0,0,0.022264400002313778,1,0,0.21825396825396826,2,"[{""node"":""N3"",""tasks"":3,""started"":1,""wait"":8.0,""unstarted"":2},{""node"":""N4"",""tasks"":9,""started"":1,""wait"":13.0,""unstarted"":8},{""node"":""N5"",""tasks"":9,""started"":1,""wait"":17.0,""unstarted"":8},{""node"":""N6"",""tasks"":3,""started"":0,""wait"":null,""unstarted"":3},{""node"":""N7"",""tasks"":6,""started"":1,""wait"":25.0,""unstarted"":5},{""node"":""N8"",""tasks"":6,""started"":0,""wait"":null,""unstarted"":6}]"
10,1,26,low,greedy,12,12,1.0,15.916666666666666,13.2,677,12,0,0,278,0,0,0,0.004437899973709136,14,14,0.17985611510791366,0,"[{""node"":""N3"",""tasks"":1,""started"":1,""wait"":8.0,""unstarted"":0},{""node"":""N4"",""tasks"":3,""started"":3,""wait"":15.0,""unstarted"":0},{""node"":""N5"",""tasks"":3,""started"":3,""wait"":12.666666666666666,""unstarted"":0},{""node"":""N6"",""tasks"":1,""started"":1,""wait"":14.0,""unstarted"":0},{""node"":""N7"",""tasks"":2,""started"":2,""wait"":24.0,""unstarted"":0},{""node"":""N8"",""tasks"":2,""started"":2,""wait"":19.0,""unstarted"":0}]"
10,1,26,low,rolling,12,12,1.0,15.916666666666666,13.2,677,12,0,0,278,0,0,0,0.150546699995175,14,0,0.17985611510791366,0,"[{""node"":""N3"",""tasks"":1,""started"":1,""wait"":8.0,""unstarted"":0},{""node"":""N4"",""tasks"":3,""started"":3,""wait"":15.0,""unstarted"":0},{""node"":""N5"",""tasks"":3,""started"":3,""wait"":12.666666666666666,""unstarted"":0},{""node"":""N6"",""tasks"":1,""started"":1,""wait"":14.0,""unstarted"":0},{""node"":""N7"",""tasks"":2,""started"":2,""wait"":24.0,""unstarted"":0},{""node"":""N8"",""tasks"":2,""started"":2,""wait"":19.0,""unstarted"":0}]"
10,1,26,low,rolling_forecast,12,12,1.0,14.416666666666666,13.2,623,12,0,0,329,0,0,0,0.12444629998935852,14,0,0.12948207171314743,0,"[{""node"":""N3"",""tasks"":1,""started"":1,""wait"":8.0,""unstarted"":0},{""node"":""N4"",""tasks"":3,""started"":3,""wait"":15.0,""unstarted"":0},{""node"":""N5"",""tasks"":3,""started"":3,""wait"":12.666666666666666,""unstarted"":0},{""node"":""N6"",""tasks"":1,""started"":1,""wait"":14.0,""unstarted"":0},{""node"":""N7"",""tasks"":2,""started"":2,""wait"":19.5,""unstarted"":0},{""node"":""N8"",""tasks"":2,""started"":2,""wait"":14.5,""unstarted"":0}]"
10,1,26,low,static,4,12,0.4,15.75,15.0,249,4,20,0,123,0,0,0,0.03486850000626873,1,0,0.21825396825396826,2,"[{""node"":""N3"",""tasks"":1,""started"":1,""wait"":8.0,""unstarted"":0},{""node"":""N4"",""tasks"":3,""started"":1,""wait"":13.0,""unstarted"":2},{""node"":""N5"",""tasks"":3,""started"":1,""wait"":17.0,""unstarted"":2},{""node"":""N6"",""tasks"":1,""started"":0,""wait"":null,""unstarted"":1},{""node"":""N7"",""tasks"":2,""started"":1,""wait"":25.0,""unstarted"":1},{""node"":""N8"",""tasks"":2,""started"":0,""wait"":null,""unstarted"":2}]"
10,1,26,medium,greedy,24,24,1.0,20.208333333333332,16.7,1741,24,0,16,388,2,3,0,0.010755499999504536,18,18,0.27235772357723576,0,"[{""node"":""N3"",""tasks"":2,""started"":2,""wait"":6.5,""unstarted"":0},{""node"":""N4"",""tasks"":6,""started"":6,""wait"":17.5,""unstarted"":0},{""node"":""N5"",""tasks"":6,""started"":6,""wait"":18.0,""unstarted"":0},{""node"":""N6"",""tasks"":2,""started"":2,""wait"":12.0,""unstarted"":0},{""node"":""N7"",""tasks"":4,""started"":4,""wait"":20.75,""unstarted"":0},{""node"":""N8"",""tasks"":4,""started"":4,""wait"":38.0,""unstarted"":0}]"
10,1,26,medium,rolling,24,24,1.0,18.833333333333332,19.5,1698,24,0,1,340,0,0,0,0.6180580999789527,18,0,0.23108552631578946,0,"[{""node"":""N3"",""tasks"":2,""started"":2,""wait"":6.5,""unstarted"":0},{""node"":""N4"",""tasks"":6,""started"":6,""wait"":18.0,""unstarted"":0},{""node"":""N5"",""tasks"":6,""started"":6,""wait"":23.833333333333332,""unstarted"":0},{""node"":""N6"",""tasks"":2,""started"":2,""wait"":12.0,""unstarted"":0},{""node"":""N7"",""tasks"":4,""started"":4,""wait"":14.25,""unstarted"":0},{""node"":""N8"",""tasks"":4,""started"":4,""wait"":26.75,""unstarted"":0}]"
10,1,26,medium,rolling_forecast,24,24,1.0,15.708333333333334,14.7,1377,24,0,0,415,0,2,0,0.5142011999560054,18,0,0.15173180807117892,0,"[{""node"":""N3"",""tasks"":2,""started"":2,""wait"":6.5,""unstarted"":0},{""node"":""N4"",""tasks"":6,""started"":6,""wait"":16.5,""unstarted"":0},{""node"":""N5"",""tasks"":6,""started"":6,""wait"":15.666666666666666,""unstarted"":0},{""node"":""N6"",""tasks"":2,""started"":2,""wait"":12.0,""unstarted"":0},{""node"":""N7"",""tasks"":4,""started"":4,""wait"":18.25,""unstarted"":0},{""node"":""N8"",""tasks"":4,""started"":4,""wait"":18.5,""unstarted"":0}]"
10,1,26,medium,static,4,24,0.2,15.75,15.0,249,4,49,0,123,0,0,0,0.024367100006202236,1,0,0.21825396825396826,2,"[{""node"":""N3"",""tasks"":2,""started"":1,""wait"":8.0,""unstarted"":1},{""node"":""N4"",""tasks"":6,""started"":1,""wait"":13.0,""unstarted"":5},{""node"":""N5"",""tasks"":6,""started"":1,""wait"":17.0,""unstarted"":5},{""node"":""N6"",""tasks"":2,""started"":0,""wait"":null,""unstarted"":2},{""node"":""N7"",""tasks"":4,""started"":1,""wait"":25.0,""unstarted"":3},{""node"":""N8"",""tasks"":4,""started"":0,""wait"":null,""unstarted"":4}]"
11,0.35,8,high,greedy,12,36,0.26666666666666666,25.53846153846154,39.2,1388,13,62,52,121,5,3,0,0.035808700005873106,22,22,0.23294629898403488,2,"[{""node"":""N3"",""tasks"":3,""started"":3,""wait"":11.666666666666666,""unstarted"":0},{""node"":""N4"",""tasks"":9,""started"":5,""wait"":39.2,""unstarted"":4},{""node"":""N5"",""tasks"":9,""started"":0,""wait"":null,""unstarted"":9},{""node"":""N6"",""tasks"":3,""started"":0,""wait"":null,""unstarted"":3},{""node"":""N7"",""tasks"":6,""started"":3,""wait"":19.0,""unstarted"":3},{""node"":""N8"",""tasks"":6,""started"":2,""wait"":22.0,""unstarted"":4}]"
11,0.35,8,high,rolling,12,36,0.2,27.615384615384617,29.25,1311,13,63,64,160,12,19,0,2.070339400044759,22,0,0.27676348547717844,1,"[{""node"":""N3"",""tasks"":3,""started"":3,""wait"":11.666666666666666,""unstarted"":0},{""node"":""N4"",""tasks"":9,""started"":3,""wait"":24.0,""unstarted"":6},{""node"":""N5"",""tasks"":9,""started"":1,""wait"":45.0,""unstarted"":8},{""node"":""N6"",""tasks"":3,""started"":0,""wait"":null,""unstarted"":3},{""node"":""N7"",""tasks"":6,""started"":4,""wait"":23.5,""unstarted"":2},{""node"":""N8"",""tasks"":6,""started"":2,""wait"":56.5,""unstarted"":4}]"
11,0.35,8,high,rolling_forecast,12,36,0.2,26.166666666666668,24.0,1086,12,63,54,155,12,21,0,1.9006678999576252,22,0,0.29178674351585016,2,"[{""node"":""N3"",""tasks"":3,""started"":3,""wait"":11.666666666666666,""unstarted"":0},{""node"":""N4"",""tasks"":9,""started"":3,""wait"":24.0,""unstarted"":6},{""node"":""N5"",""tasks"":9,""started"":0,""wait"":null,""unstarted"":9},{""node"":""N6"",""tasks"":3,""started"":0,""wait"":null,""unstarted"":3},{""node"":""N7"",""tasks"":6,""started"":4,""wait"":23.5,""unstarted"":2},{""node"":""N8"",""tasks"":6,""started"":2,""wait"":56.5,""unstarted"":4}]"
11,0.35,8,high,static,3,36,0.06666666666666667,15.0,14.0,163,3,81,0,80,0,0,0,0.007762699999148026,1,0,0.2222222222222222,3,"[{""node"":""N3"",""tasks"":3,""started"":1,""wait"":8.0,""unstarted"":2},{""node"":""N4"",""tasks"":9,""started"":1,""wait"":14.0,""unstarted"":8},{""node"":""N5"",""tasks"":9,""started"":0,""wait"":null,""unstarted"":9},{""node"":""N6"",""tasks"":3,""started"":0,""wait"":null,""unstarted"":3},{""node"":""N7"",""tasks"":6,""started"":1,""wait"":23.0,""unstarted"":5},{""node"":""N8"",""tasks"":6,""started"":0,""wait"":null,""unstarted"":6}]"
11,0.35,8,low,greedy,7,12,0.6,33.75,14.0,894,8,13,72,140,0,0,0,0.007333400004426949,14,14,0.48226950354609927,1,"[{""node"":""N3"",""tasks"":1,""started"":1,""wait"":8.0,""unstarted"":0},{""node"":""N4"",""tasks"":3,""started"":2,""wait"":19.0,""unstarted"":1},{""node"":""N5"",""tasks"":3,""started"":1,""wait"":4.0,""unstarted"":2},{""node"":""N6"",""tasks"":1,""started"":0,""wait"":null,""unstarted"":1},{""node"":""N7"",""tasks"":2,""started"":2,""wait"":34.0,""unstarted"":0},{""node"":""N8"",""tasks"":2,""started"":2,""wait"":76.0,""unstarted"":0}]"
11,0.35,8,low,rolling,7,12,0.6,21.428571428571427,22.666666666666668,586,7,13,0,143,1,1,0,0.1353656999854138,14,0,0.19428571428571428,1,"[{""node"":""N3"",""tasks"":1,""started"":1,""wait"":8.0,""unstarted"":0},{""node"":""N4"",""tasks"":3,""started"":2,""wait"":19.0,""unstarted"":1},{""node"":""N5"",""tasks"":3,""started"":1,""wait"":30.0,""unstarted"":2},{""node"":""N6"",""tasks"":1,""started"":0,""wait"":null,""unstarted"":1},{""node"":""N7"",""tasks"":2,""started"":2,""wait"":26.0,""unstarted"":0},{""node"":""N8"",""tasks"":2,""started"":1,""wait"":22.0,""unstarted"":1}]"
11,0.35,8,low,rolling_forecast,7,12,0.6,21.428571428571427,22.666666666666668,586,7,13,0,143,1,1,0,0.1269573999888962,14,0,0.19428571428571428,1,"[{""node"":""N3"",""tasks"":1,""started"":1,""wait"":8.0,""unstarted"":0},{""node"":""N4"",""tasks"":3,""started"":2,""wait"":19.0,""unstarted"":1},{""node"":""N5"",""tasks"":3,""started"":1,""wait"":30.0,""unstarted"":2},{""node"":""N6"",""tasks"":1,""started"":0,""wait"":null,""unstarted"":1},{""node"":""N7"",""tasks"":2,""started"":2,""wait"":26.0,""unstarted"":0},{""node"":""N8"",""tasks"":2,""started"":1,""wait"":22.0,""unstarted"":1}]"
11,0.35,8,low,static,3,12,0.2,15.0,14.0,163,3,23,0,80,0,0,0,0.005008699998143129,1,0,0.2222222222222222,3,"[{""node"":""N3"",""tasks"":1,""started"":1,""wait"":8.0,""unstarted"":0},{""node"":""N4"",""tasks"":3,""started"":1,""wait"":14.0,""unstarted"":2},{""node"":""N5"",""tasks"":3,""started"":0,""wait"":null,""unstarted"":3},{""node"":""N6"",""tasks"":1,""started"":0,""wait"":null,""unstarted"":1},{""node"":""N7"",""tasks"":2,""started"":1,""wait"":23.0,""unstarted"":1},{""node"":""N8"",""tasks"":2,""started"":0,""wait"":null,""unstarted"":2}]"
11,0.35,8,medium,greedy,9,24,0.4,24.6,35.6,1094,10,38,29,134,2,0,0,0.017671100024017505,18,18,0.3228346456692913,1,"[{""node"":""N3"",""tasks"":2,""started"":2,""wait"":6.5,""unstarted"":0},{""node"":""N4"",""tasks"":6,""started"":4,""wait"":32.0,""unstarted"":2},{""node"":""N5"",""tasks"":6,""started"":1,""wait"":50.0,""unstarted"":5},{""node"":""N6"",""tasks"":2,""started"":0,""wait"":null,""unstarted"":2},{""node"":""N7"",""tasks"":4,""started"":2,""wait"":16.5,""unstarted"":2},{""node"":""N8"",""tasks"":4,""started"":1,""wait"":22.0,""unstarted"":3}]"
11,0.35,8,medium,rolling,9,24,0.4,24.6,35.6,1094,10,38,29,134,6,1,0,0.8836028000077931,18,0,0.3228346456692913,1,"[{""node"":""N3"",""tasks"":2,""started"":2,""wait"":6.5,""unstarted"":0},{""node"":""N4"",""tasks"":6,""started"":4,""wait"":32.0,""unstarted"":2},{""node"":""N5"",""tasks"":6,""started"":1,""wait"":50.0,""unstarted"":5},{""node"":""N6"",""tasks"":2,""started"":0,""wait"":null,""unstarted"":2},{""node"":""N7"",""tasks"":4,""started"":2,""wait"":16.5,""unstarted"":2},{""node"":""N8"",""tasks"":4,""started"":1,""wait"":22.0,""unstarted"":3}]"
11,0.35,8,medium,rolling_forecast,9,24,0.4,24.6,35.6,1094,10,38,29,134,6,1,0,0.8482964000286302,18,0,0.3228346456692913,1,"[{""node"":""N3"",""tasks"":2,""started"":2,""wait"":6.5,""unstarted"":0},{""node"":""N4"",""tasks"":6,""started"":4,""wait"":32.0,""unstarted"":2},{""node"":""N5"",""tasks"":6,""started"":1,""wait"":50.0,""unstarted"":5},{""node"":""N6"",""tasks"":2,""started"":0,""wait"":null,""unstarted"":2},{""node"":""N7"",""tasks"":4,""started"":2,""wait"":16.5,""unstarted"":2},{""node"":""N8"",""tasks"":4,""started"":1,""wait"":22.0,""unstarted"":3}]"
11,0.35,8,medium,static,3,24,0.1,15.0,14.0,163,3,52,0,80,0,0,0,0.010546600009547547,1,0,0.2222222222222222,3,"[{""node"":""N3"",""tasks"":2,""started"":1,""wait"":8.0,""unstarted"":1},{""node"":""N4"",""tasks"":6,""started"":1,""wait"":14.0,""unstarted"":5},{""node"":""N5"",""tasks"":6,""started"":0,""wait"":null,""unstarted"":6},{""node"":""N6"",""tasks"":2,""started"":0,""wait"":null,""unstarted"":2},{""node"":""N7"",""tasks"":4,""started"":1,""wait"":23.0,""unstarted"":3},{""node"":""N8"",""tasks"":4,""started"":0,""wait"":null,""unstarted"":4}]"
11,0.5,11,high,greedy,14,36,0.4666666666666667,32.06666666666667,42.25,2119,15,55,124,166,25,9,0,0.04846969999198336,22,22,0.2385730211817169,2,"[{""node"":""N3"",""tasks"":3,""started"":3,""wait"":11.666666666666666,""unstarted"":0},{""node"":""N4"",""tasks"":9,""started"":5,""wait"":47.6,""unstarted"":4},{""node"":""N5"",""tasks"":9,""started"":3,""wait"":33.333333333333336,""unstarted"":6},{""node"":""N6"",""tasks"":3,""started"":0,""wait"":null,""unstarted"":3},{""node"":""N7"",""tasks"":6,""started"":4,""wait"":27.0,""unstarted"":2},{""node"":""N8"",""tasks"":6,""started"":0,""wait"":null,""unstarted"":6}]"
11,0.5,11,high,rolling,16,36,0.4666666666666667,37.8,46.22222222222222,3100,20,51,221,242,22,25,0,3.1590289999876404,22,0,0.24996315401621227,1,"[{""node"":""N3"",""tasks"":3,""started"":3,""wait"":11.666666666666666,""unstarted"":0},{""node"":""N4"",""tasks"":9,""started"":6,""wait"":52.666666666666664,""unstarted"":3},{""node"":""N5"",""tasks"":9,""started"":3,""wait"":33.333333333333336,""unstarted"":6},{""node"":""N6"",""tasks"":3,""started"":0,""wait"":null,""unstarted"":3},{""node"":""N7"",""tasks"":6,""started"":5,""wait"":27.6,""unstarted"":1},{""node"":""N8"",""tasks"":6,""started"":3,""wait"":55.666666666666664,""unstarted"":3}]"
11,0.5,11,high,rolling_forecast,17,36,0.5333333333333333,28.444444444444443,39.333333333333336,2244,18,48,120,244,14,57,0,2.6517528999975184,22,2,0.2766946107784432,1,"[{""node"":""N3"",""tasks"":3,""started"":3,""wait"":11.666666666666666,""unstarted"":0},{""node"":""N4"",""tasks"":9,""started"":5,""wait"":25.6,""unstarted"":4},{""node"":""N5"",""tasks"":9,""started"":4,""wait"":56.5,""unstarted"":5},{""node"":""N6"",""tasks"":3,""started"":0,""wait"":null,""unstarted"":3},{""node"":""N7"",""tasks"":6,""started"":5,""wait"":19.4,""unstarted"":1},{""node"":""N8"",""tasks"":6,""started"":1,""wait"":26.0,""unstarted"":5}]"
11,0.5,11,high,static,4,36,0.13333333333333333,15.75,16.0,253,4,78,0,127,0,0,0,0.015171200007898733,1,0,0.19444444444444445,2,"[{""node"":""N3"",""tasks"":3,""started"":1,""wait"":8.0,""unstarted"":2},{""node"":""N4"",""tasks"":9,""started"":1,""wait"":14.0,""unstarted"":8},{""node"":""N5"",""tasks"":9,""started"":1,""wait"":18.0,""unstarted"":8},{""node"":""N6"",""tasks"":3,""started"":0,""wait"":null,""unstarted"":3},{""node"":""N7"",""tasks"":6,""started"":1,""wait"":23.0,""unstarted"":5},{""node"":""N8"",""tasks"":6,""started"":0,""wait"":null,""unstarted"":6}]"
11,0.5,11,low,greedy,10,12,1.0,28.1,20.0,1043,10,5,27,238,2,2,0,0.005511899958946742,14,14,0.3168119551681196,1,"[{""node"":""N3"",""tasks"":1,""started"":1,""wait"":8.0,""unstarted"":0},{""node"":""N4"",""tasks"":3,""started"":3,""wait"":21.333333333333332,""unstarted"":0},{""node"":""N5"",""tasks"":3,""started"":2,""wait"":18.0,""unstarted"":1},{""node"":""N6"",""tasks"":1,""started"":0,""wait"":null,""unstarted"":1},{""node"":""N7"",""tasks"":2,""started"":2,""wait"":33.0,""unstarted"":0},{""node"":""N8"",""tasks"":2,""started"":2,""wait"":53.5,""unstarted"":0}]"
11,0.5,11,low,rolling,10,12,1.0,24.3,24.0,969,10,5,5,226,0,0,0,0.1320795999636175,14,0,0.16387665198237886,1,"[{""node"":""N3"",""tasks"":1,""started"":1,""wait"":8.0,""unstarted"":0},{""node"":""N4"",""tasks"":3,""started"":3,""wait"":24.0,""unstarted"":0},{""node"":""N5"",""tasks"":3,""started"":2,""wait"":24.0,""unstarted"":1},{""node"":""N6"",""tasks"":1,""started"":0,""wait"":null,""unstarted"":1},{""node"":""N7"",""tasks"":2,""started"":2,""wait"":28.5,""unstarted"":0},{""node"":""N8"",""tasks"":2,""started"":2,""wait"":29.0,""unstarted"":0}]"
11,0.5,11,low,rolling_forecast,10,12,1.0,24.3,24.0,969,10,5,5,226,0,0,0,0.1223086999671068,14,0,0.16387665198237886,1,"[{""node"":""N3"",""tasks"":1,""started"":1,""wait"":8.0,""unstarted"":0},{""node"":""N4"",""tasks"":3,""started"":3,""wait"":24.0,""unstarted"":0},{""node"":""N5"",""tasks"":3,""started"":2,""wait"":24.0,""unstarted"":1},{""node"":""N6"",""tasks"":1,""started"":0,""wait"":null,""unstarted"":1},{""node"":""N7"",""tasks"":2,""started"":2,""wait"":28.5,""unstarted"":0},{""node"":""N8"",""tasks"":2,""started"":2,""wait"":29.0,""unstarted"":0}]"
11,0.5,11,low,static,4,12,0.4,15.75,16.0,253,4,20,0,127,0,0,0,0.01380339999741409,1,0,0.19444444444444445,2,"[{""node"":""N3"",""tasks"":1,""started"":1,""wait"":8.0,""unstarted"":0},{""node"":""N4"",""tasks"":3,""started"":1,""wait"":14.0,""unstarted"":2},{""node"":""N5"",""tasks"":3,""started"":1,""wait"":18.0,""unstarted"":2},{""node"":""N6"",""tasks"":1,""started"":0,""wait"":null,""unstarted"":1},{""node"":""N7"",""tasks"":2,""started"":1,""wait"":23.0,""unstarted"":1},{""node"":""N8"",""tasks"":2,""started"":0,""wait"":null,""unstarted"":2}]"
11,0.5,11,medium,greedy,12,24,0.8,26.76923076923077,33.55555555555556,1648,13,28,38,163,16,3,0,0.020558400021400303,18,18,0.27902621722846443,2,"[{""node"":""N3"",""tasks"":2,""started"":2,""wait"":6.5,""unstarted"":0},{""node"":""N4"",""tasks"":6,""started"":6,""wait"":34.666666666666664,""unstarted"":0},{""node"":""N5"",""tasks"":6,""started"":3,""wait"":31.333333333333332,""unstarted"":3},{""node"":""N6"",""tasks"":2,""started"":0,""wait"":null,""unstarted"":2},{""node"":""N7"",""tasks"":4,""started"":2,""wait"":16.5,""unstarted"":2},{""node"":""N8"",""tasks"":4,""started"":0,""wait"":null,""unstarted"":4}]"
11,0.5,11,medium,rolling,16,24,0.9,25.352941176470587,32.5,1943,17,19,57,218,6,6,0,0.9460006999870529,18,0,0.29004329004329005,1,"[{""node"":""N3"",""tasks"":2,""started"":2,""wait"":6.5,""unstarted"":0},{""node"":""N4"",""tasks"":6,""started"":6,""wait"":24.0,""unstarted"":0},{""node"":""N5"",""tasks"":6,""started"":4,""wait"":45.25,""unstarted"":2},{""node"":""N6"",""tasks"":2,""started"":0,""wait"":null,""unstarted"":2},{""node"":""N7"",""tasks"":4,""started"":4,""wait"":17.75,""unstarted"":0},{""node"":""N8"",""tasks"":4,""started"":1,""wait"":22.0,""unstarted"":3}]"
11,0.5,11,medium,rolling_forecast,16,24,0.9,25.352941176470587,32.5,1943,17,19,57,218,6,6,0,0.9578143000253476,18,0,0.29004329004329005,1,"[{""node"":""N3"",""tasks"":2,""started"":2,""wait"":6.5,""unstarted"":0},{""node"":""N4"",""tasks"":6,""started"":6,""wait"":24.0,""unstarted"":0},{""node"":""N5"",""tasks"":6,""started"":4,""wait"":45.25,""unstarted"":2},{""node"":""N6"",""tasks"":2,""started"":0,""wait"":null,""unstarted"":2},{""node"":""N7"",""tasks"":4,""started"":4,""wait"":17.75,""unstarted"":0},{""node"":""N8"",""tasks"":4,""started"":1,""wait"":22.0,""unstarted"":3}]"
11,0.5,11,medium,static,4,24,0.2,15.75,16.0,253,4,49,0,127,0,0,0,0.012239999996381812,1,0,0.19444444444444445,2,"[{""node"":""N3"",""tasks"":2,""started"":1,""wait"":8.0,""unstarted"":1},{""node"":""N4"",""tasks"":6,""started"":1,""wait"":14.0,""unstarted"":5},{""node"":""N5"",""tasks"":6,""started"":1,""wait"":18.0,""unstarted"":5},{""node"":""N6"",""tasks"":2,""started"":0,""wait"":null,""unstarted"":2},{""node"":""N7"",""tasks"":4,""started"":1,""wait"":23.0,""unstarted"":3},{""node"":""N8"",""tasks"":4,""started"":0,""wait"":null,""unstarted"":4}]"
11,0.75,18,high,greedy,24,36,0.6666666666666666,31.0,41.92307692307692,3495,27,29,169,356,29,12,0,0.051700500029255636,22,22,0.276047358834244,0,"[{""node"":""N3"",""tasks"":3,""started"":3,""wait"":7.333333333333333,""unstarted"":0},{""node"":""N4"",""tasks"":9,""started"":8,""wait"":43.875,""unstarted"":1},{""node"":""N5"",""tasks"":9,""started"":8,""wait"":37.625,""unstarted"":1},{""node"":""N6"",""tasks"":3,""started"":3,""wait"":17.666666666666668,""unstarted"":0},{""node"":""N7"",""tasks"":6,""started"":3,""wait"":18.0,""unstarted"":3},{""node"":""N8"",""tasks"":6,""started"":2,""wait"":28.0,""unstarted"":4}]"
11,0.75,18,high,rolling,26,36,0.6666666666666666,27.967741935483872,31.166666666666668,3201,31,26,132,370,24,30,0,3.1619515999773284,22,0,0.2087354222098673,0,"[{""node"":""N3"",""tasks"":3,""started"":3,""wait"":7.333333333333333,""unstarted"":0},{""node"":""N4"",""tasks"":9,""started"":7,""wait"":30.428571428571427,""unstarted"":2},{""node"":""N5"",""tasks"":9,""started"":8,""wait"":35.875,""unstarted"":1},{""node"":""N6"",""tasks"":3,""started"":3,""wait"":24.666666666666668,""unstarted"":0},{""node"":""N7"",""tasks"":6,""started"":4,""wait"":19.25,""unstarted"":2},{""node"":""N8"",""tasks"":6,""started"":6,""wait"":32.333333333333336,""unstarted"":0}]"
11,0.75,18,high,rolling_forecast,23,36,0.6,29.26923076923077,38.81818181818182,3069,26,32,156,335,17,31,0,2.6206032000191044,22,7,0.2563428360549866,0,"[{""node"":""N3"",""tasks"":3,""started"":3,""wait"":7.333333333333333,""unstarted"":0},{""node"":""N4"",""tasks"":9,""started"":8,""wait"":40.125,""unstarted"":1},{""node"":""N5"",""tasks"":9,""started"":6,""wait"":35.5,""unstarted"":3},{""node"":""N6"",""tasks"":3,""started"":2,""wait"":17.0,""unstarted"":1},{""node"":""N7"",""tasks"":6,""started"":4,""wait"":19.25,""unstarted"":2},{""node"":""N8"",""tasks"":6,""started"":3,""wait"":31.333333333333332,""unstarted"":3}]"
11,0.75,18,high,static,4,36,0.13333333333333333,14.75,15.0,237,4,78,0,114,0,0,0,0.022517699995660223,1,0,0.2076271186440678,2,"[{""node"":""N3"",""tasks"":3,""started"":1,""wait"":7.0,""unstarted"":2},{""node"":""N4"",""tasks"":9,""started"":1,""wait"":13.0,""unstarted"":8},{""node"":""N5"",""tasks"":9,""started"":1,""wait"":17.0,""unstarted"":8},{""node"":""N6"",""tasks"":3,""started"":0,""wait"":null,""unstarted"":3},{""node"":""N7"",""tasks"":6,""started"":1,""wait"":22.0,""unstarted"":5},{""node"":""N8"",""tasks"":6,""started"":0,""wait"":null,""unstarted"":6}]"
11,0.75,18,low,greedy,12,12,1.0,18.0,16.2,776,12,0,0,295,0,0,0,0.003966600008425303,14,14,0.18760064412238325,0,"[{""node"":""N3"",""tasks"":1,""started"":1,""wait"":7.0,""unstarted"":0},{""node"":""N4"",""tasks"":3,""started"":3,""wait"":20.0,""unstarted"":0},{""node"":""N5"",""tasks"":3,""started"":3,""wait"":13.0,""unstarted"":0},{""node"":""N6"",""tasks"":1,""started"":1,""wait"":17.0,""unstarted"":0},{""node"":""N7"",""tasks"":2,""started"":2,""wait"":22.5,""unstarted"":0},{""node"":""N8"",""tasks"":2,""started"":2,""wait"":24.0,""unstarted"":0}]"
11,0.75,18,low,rolling,12,12,1.0,18.0,16.2,776,12,0,0,287,0,0,0,0.12672250003379304,14,0,0.18760064412238325,0,"[{""node"":""N3"",""tasks"":1,""started"":1,""wait"":7.0,""unstarted"":0},{""node"":""N4"",""tasks"":3,""started"":3,""wait"":20.0,""unstarted"":0},{""node"":""N5"",""tasks"":3,""started"":3,""wait"":13.0,""unstarted"":0},{""node"":""N6"",""tasks"":1,""started"":1,""wait"":17.0,""unstarted"":0},{""node"":""N7"",""tasks"":2,""started"":2,""wait"":22.5,""unstarted"":0},{""node"":""N8"",""tasks"":2,""started"":2,""wait"":24.0,""unstarted"":0}]"
11,0.75,18,low,rolling_forecast,12,12,1.0,16.166666666666668,16.2,720,12,0,0,323,0,0,0,0.11108119998243637,14,0,0.17222222222222222,0,"[{""node"":""N3"",""tasks"":1,""started"":1,""wait"":7.0,""unstarted"":0},{""node"":""N4"",""tasks"":3,""started"":3,""wait"":20.0,""unstarted"":0},{""node"":""N5"",""tasks"":3,""started"":3,""wait"":13.0,""unstarted"":0},{""node"":""N6"",""tasks"":1,""started"":1,""wait"":12.0,""unstarted"":0},{""node"":""N7"",""tasks"":2,""started"":2,""wait"":18.5,""unstarted"":0},{""node"":""N8"",""tasks"":2,""started"":2,""wait"":19.5,""unstarted"":0}]"
11,0.75,18,low,static,4,12,0.4,14.75,15.0,237,4,20,0,114,0,0,0,0.020443300003535114,1,0,0.2076271186440678,2,"[{""node"":""N3"",""tasks"":1,""started"":1,""wait"":7.0,""unstarted"":0},{""node"":""N4"",""tasks"":3,""started"":1,""wait"":13.0,""unstarted"":2},{""node"":""N5"",""tasks"":3,""started"":1,""wait"":17.0,""unstarted"":2},{""node"":""N6"",""tasks"":1,""started"":0,""wait"":null,""unstarted"":1},{""node"":""N7"",""tasks"":2,""started"":1,""wait"":22.0,""unstarted"":1},{""node"":""N8"",""tasks"":2,""started"":0,""wait"":null,""unstarted"":2}]"
11,0.75,18,medium,greedy,18,24,1.0,29.681818181818183,21.9,2397,22,12,121,322,15,4,0,0.014208399996277876,18,18,0.3315545243619489,1,"[{""node"":""N3"",""tasks"":2,""started"":2,""wait"":5.5,""unstarted"":0},{""node"":""N4"",""tasks"":6,""started"":6,""wait"":25.0,""unstarted"":0},{""node"":""N5"",""tasks"":6,""started"":6,""wait"":19.666666666666668,""unstarted"":0},{""node"":""N6"",""tasks"":2,""started"":0,""wait"":null,""unstarted"":2},{""node"":""N7"",""tasks"":4,""started"":4,""wait"":37.25,""unstarted"":0},{""node"":""N8"",""tasks"":4,""started"":4,""wait"":56.25,""unstarted"":0}]"
11,0.75,18,medium,rolling,23,24,1.0,19.782608695652176,20.3,1671,23,2,28,331,7,4,0,0.6126553999492899,18,0,0.24490040796736262,0,"[{""node"":""N3"",""tasks"":2,""started"":2,""wait"":5.5,""unstarted"":0},{""node"":""N4"",""tasks"":6,""started"":6,""wait"":18.833333333333332,""unstarted"":0},{""node"":""N5"",""tasks"":6,""started"":6,""wait"":23.166666666666668,""unstarted"":0},{""node"":""N6"",""tasks"":2,""started"":2,""wait"":25.0,""unstarted"":0},{""node"":""N7"",""tasks"":4,""started"":4,""wait"":12.25,""unstarted"":0},{""node"":""N8"",""tasks"":4,""started"":3,""wait"":31.0,""unstarted"":1}]"
11,0.75,18,medium,rolling_forecast,22,24,0.9,21.956521739130434,25.4,1969,23,5,8,326,2,4,0,0.7283548000268638,18,0,0.18077956989247312,0,"[{""node"":""N3"",""tasks"":2,""started"":2,""wait"":5.5,""unstarted"":0},{""node"":""N4"",""tasks"":6,""started"":6,""wait"":22.5,""unstarted"":0},{""node"":""N5"",""tasks"":6,""started"":6,""wait"":28.0,""unstarted"":0},{""node"":""N6"",""tasks"":2,""started"":1,""wait"":27.0,""unstarted"":1},{""node"":""N7"",""tasks"":4,""started"":4,""wait"":20.75,""unstarted"":0},{""node"":""N8"",""tasks"":4,""started"":4,""wait"":20.25,""unstarted"":0}]"
11,0.75,18,medium,static,4,24,0.2,14.75,15.0,237,4,49,0,114,0,0,0,0.015895100004854612,1,0,0.2076271186440678,2,"[{""node"":""N3"",""tasks"":2,""started"":1,""wait"":7.0,""unstarted"":1},{""node"":""N4"",""tasks"":6,""started"":1,""wait"":13.0,""unstarted"":5},{""node"":""N5"",""tasks"":6,""started"":1,""wait"":17.0,""unstarted"":5},{""node"":""N6"",""tasks"":2,""started"":0,""wait"":null,""unstarted"":2},{""node"":""N7"",""tasks"":4,""started"":1,""wait"":22.0,""unstarted"":3},{""node"":""N8"",""tasks"":4,""started"":0,""wait"":null,""unstarted"":4}]"
11,1,26,high,greedy,24,36,0.8,28.115384615384617,33.42857142857143,3095,26,27,75,450,46,23,0,0.0638632000045618,22,22,0.23504608746813102,0,"[{""node"":""N3"",""tasks"":3,""started"":3,""wait"":7.333333333333333,""unstarted"":0},{""node"":""N4"",""tasks"":9,""started"":8,""wait"":35.25,""unstarted"":1},{""node"":""N5"",""tasks"":9,""started"":9,""wait"":32.55555555555556,""unstarted"":0},{""node"":""N6"",""tasks"":3,""started"":1,""wait"":17.0,""unstarted"":2},{""node"":""N7"",""tasks"":6,""started"":3,""wait"":18.0,""unstarted"":3},{""node"":""N8"",""tasks"":6,""started"":2,""wait"":31.5,""unstarted"":4}]"
11,1,26,high,rolling,27,36,0.8,26.28125,29.8,3293,32,22,113,462,15,40,0,3.030494299979182,22,0,0.19006992277186383,0,"[{""node"":""N3"",""tasks"":3,""started"":3,""wait"":7.333333333333333,""unstarted"":0},{""node"":""N4"",""tasks"":9,""started"":9,""wait"":29.555555555555557,""unstarted"":0},{""node"":""N5"",""tasks"":9,""started"":8,""wait"":30.25,""unstarted"":1},{""node"":""N6"",""tasks"":3,""started"":3,""wait"":20.666666666666668,""unstarted"":0},{""node"":""N7"",""tasks"":6,""started"":4,""wait"":21.75,""unstarted"":2},{""node"":""N8"",""tasks"":6,""started"":5,""wait"":32.4,""unstarted"":1}]"
11,1,26,high,rolling_forecast,34,36,0.8666666666666667,21.36111111111111,23.666666666666668,2911,36,6,51,427,16,13,0,2.0694239000149537,22,0,0.185024154589372,0,"[{""node"":""N3"",""tasks"":3,""started"":3,""wait"":7.333333333333333,""unstarted"":0},{""node"":""N4"",""tasks"":9,""started"":9,""wait"":21.0,""unstarted"":0},{""node"":""N5"",""tasks"":9,""started"":9,""wait"":30.333333333333332,""unstarted"":0},{""node"":""N6"",""tasks"":3,""started"":3,""wait"":17.666666666666668,""unstarted"":0},{""node"":""N7"",""tasks"":6,""started"":6,""wait"":20.666666666666668,""unstarted"":0},{""node"":""N8"",""tasks"":6,""started"":6,""wait"":18.0,""unstarted"":0}]"
11,1,26,high,static,4,36,0.13333333333333333,14.75,15.0,237,4,78,0,114,0,0,0,0.02041339999414049,1,0,0.2076271186440678,2,"[{""node"":""N3"",""tasks"":3,""started"":1,""wait"":7.0,""unstarted"":2},{""node"":""N4"",""tasks"":9,""started"":1,""wait"":13.0,""unstarted"":8},{""node"":""N5"",""tasks"":9,""started"":1,""wait"":17.0,""unstarted"":8},{""node"":""N6"",""tasks"":3,""started"":0,""wait"":null,""unstarted"":3},{""node"":""N7"",""tasks"":6,""started"":1,""wait"":22.0,""unstarted"":5},{""node"":""N8"",""tasks"":6,""started"":0,""wait"":null,""unstarted"":6}]"
11,1,26,low,greedy,12,12,1.0,17.5,16.2,768,12,0,0,296,0,0,0,0.004676800002926029,14,14,0.20748299319727892,0,"[{""node"":""N3"",""tasks"":1,""started"":1,""wait"":7.0,""unstarted"":0},{""node"":""N4"",""tasks"":3,""started"":3,""wait"":20.0,""unstarted"":0},{""node"":""N5"",""tasks"":3,""started"":3,""wait"":13.0,""unstarted"":0},{""node"":""N6"",""tasks"":1,""started"":1,""wait"":12.0,""unstarted"":0},{""node"":""N7"",""tasks"":2,""started"":2,""wait"":22.0,""unstarted"":0},{""node"":""N8"",""tasks"":2,""started"":2,""wait"":24.0,""unstarted"":0}]"
11,1,26,low,rolling,12,12,1.0,17.5,16.2,768,12,0,0,296,0,0,0,0.12920750002376735,14,0,0.20748299319727892,0,"[{""node"":""N3"",""tasks"":1,""started"":1,""wait"":7.0,""unstarted"":0},{""node"":""N4"",""tasks"":3,""started"":3,""wait"":20.0,""unstarted"":0},{""node"":""N5"",""tasks"":3,""started"":3,""wait"":13.0,""unstarted"":0},{""node"":""N6"",""tasks"":1,""started"":1,""wait"":12.0,""unstarted"":0},{""node"":""N7"",""tasks"":2,""started"":2,""wait"":22.0,""unstarted"":0},{""node"":""N8"",""tasks"":2,""started"":2,""wait"":24.0,""unstarted"":0}]"
11,1,26,low,rolling_forecast,12,12,1.0,16.166666666666668,16.2,720,12,0,0,345,0,0,0,0.12683930002094712,14,0,0.17222222222222222,0,"[{""node"":""N3"",""tasks"":1,""started"":1,""wait"":7.0,""unstarted"":0},{""node"":""N4"",""tasks"":3,""started"":3,""wait"":20.0,""unstarted"":0},{""node"":""N5"",""tasks"":3,""started"":3,""wait"":13.0,""unstarted"":0},{""node"":""N6"",""tasks"":1,""started"":1,""wait"":12.0,""unstarted"":0},{""node"":""N7"",""tasks"":2,""started"":2,""wait"":18.5,""unstarted"":0},{""node"":""N8"",""tasks"":2,""started"":2,""wait"":19.5,""unstarted"":0}]"
11,1,26,low,static,4,12,0.4,14.75,15.0,237,4,20,0,114,0,0,0,0.016726100002415478,1,0,0.2076271186440678,2,"[{""node"":""N3"",""tasks"":1,""started"":1,""wait"":7.0,""unstarted"":0},{""node"":""N4"",""tasks"":3,""started"":1,""wait"":13.0,""unstarted"":2},{""node"":""N5"",""tasks"":3,""started"":1,""wait"":17.0,""unstarted"":2},{""node"":""N6"",""tasks"":1,""started"":0,""wait"":null,""unstarted"":1},{""node"":""N7"",""tasks"":2,""started"":1,""wait"":22.0,""unstarted"":1},{""node"":""N8"",""tasks"":2,""started"":0,""wait"":null,""unstarted"":2}]"
11,1,26,medium,greedy,24,24,1.0,19.416666666666668,17.4,1702,24,0,19,396,4,4,0,0.01066529999661725,18,18,0.26766091051805335,0,"[{""node"":""N3"",""tasks"":2,""started"":2,""wait"":5.5,""unstarted"":0},{""node"":""N4"",""tasks"":6,""started"":6,""wait"":17.5,""unstarted"":0},{""node"":""N5"",""tasks"":6,""started"":6,""wait"":19.666666666666668,""unstarted"":0},{""node"":""N6"",""tasks"":2,""started"":2,""wait"":11.0,""unstarted"":0},{""node"":""N7"",""tasks"":4,""started"":4,""wait"":18.25,""unstarted"":0},{""node"":""N8"",""tasks"":4,""started"":4,""wait"":34.25,""unstarted"":0}]"
11,1,26,medium,rolling,24,24,1.0,18.0,18.3,1618,24,0,0,376,0,1,0,0.586232799993013,18,0,0.22141014617368873,0,"[{""node"":""N3"",""tasks"":2,""started"":2,""wait"":5.5,""unstarted"":0},{""node"":""N4"",""tasks"":6,""started"":6,""wait"":17.5,""unstarted"":0},{""node"":""N5"",""tasks"":6,""started"":6,""wait"":21.166666666666668,""unstarted"":0},{""node"":""N6"",""tasks"":2,""started"":2,""wait"":11.0,""unstarted"":0},{""node"":""N7"",""tasks"":4,""started"":4,""wait"":16.75,""unstarted"":0},{""node"":""N8"",""tasks"":4,""started"":4,""wait"":25.0,""unstarted"":0}]"
11,1,26,medium,rolling_forecast,24,24,1.0,15.5,15.4,1380,24,0,0,397,0,3,0,0.44940420001512393,18,0,0.15843214756258236,0,"[{""node"":""N3"",""tasks"":2,""started"":2,""wait"":5.5,""unstarted"":0},{""node"":""N4"",""tasks"":6,""started"":6,""wait"":16.666666666666668,""unstarted"":0},{""node"":""N5"",""tasks"":6,""started"":6,""wait"":17.166666666666668,""unstarted"":0},{""node"":""N6"",""tasks"":2,""started"":2,""wait"":11.0,""unstarted"":0},{""node"":""N7"",""tasks"":4,""started"":4,""wait"":16.25,""unstarted"":0},{""node"":""N8"",""tasks"":4,""started"":4,""wait"":17.75,""unstarted"":0}]"
11,1,26,medium,static,4,24,0.2,14.75,15.0,237,4,49,0,114,0,0,0,0.022276400006376207,1,0,0.2076271186440678,2,"[{""node"":""N3"",""tasks"":2,""started"":1,""wait"":7.0,""unstarted"":1},{""node"":""N4"",""tasks"":6,""started"":1,""wait"":13.0,""unstarted"":5},{""node"":""N5"",""tasks"":6,""started"":1,""wait"":17.0,""unstarted"":5},{""node"":""N6"",""tasks"":2,""started"":0,""wait"":null,""unstarted"":2},{""node"":""N7"",""tasks"":4,""started"":1,""wait"":22.0,""unstarted"":3},{""node"":""N8"",""tasks"":4,""started"":0,""wait"":null,""unstarted"":4}]"
12,0.35,8,high,greedy,12,36,0.3333333333333333,26.307692307692307,38.333333333333336,1486,13,61,48,139,1,2,0,0.040241800001240335,22,22,0.3108108108108108,1,"[{""node"":""N3"",""tasks"":3,""started"":3,""wait"":10.0,""unstarted"":0},{""node"":""N4"",""tasks"":9,""started"":5,""wait"":34.0,""unstarted"":4},{""node"":""N5"",""tasks"":9,""started"":1,""wait"":60.0,""unstarted"":8},{""node"":""N6"",""tasks"":3,""started"":0,""wait"":null,""unstarted"":3},{""node"":""N7"",""tasks"":6,""started"":3,""wait"":19.0,""unstarted"":3},{""node"":""N8"",""tasks"":6,""started"":1,""wait"":25.0,""unstarted"":5}]"
12,0.35,8,high,rolling,12,36,0.2,24.416666666666668,20.0,999,12,63,51,152,10,17,0,1.8574526999873342,22,0,0.31496519721577726,2,"[{""node"":""N3"",""tasks"":3,""started"":3,""wait"":10.0,""unstarted"":0},{""node"":""N4"",""tasks"":9,""started"":3,""wait"":20.0,""unstarted"":6},{""node"":""N5"",""tasks"":9,""started"":0,""wait"":null,""unstarted"":9},{""node"":""N6"",""tasks"":3,""started"":0,""wait"":null,""unstarted"":3},{""node"":""N7"",""tasks"":6,""started"":4,""wait"":23.75,""unstarted"":2},{""node"":""N8"",""tasks"":6,""started"":2,""wait"":54.0,""unstarted"":4}]"
12,0.35,8,high,rolling_forecast,12,36,0.2,24.416666666666668,20.0,999,12,63,51,152,10,14,0,1.6144396999879973,22,0,0.31496519721577726,2,"[{""node"":""N3"",""tasks"":3,""started"":3,""wait"":10.0,""unstarted"":0},{""node"":""N4"",""tasks"":9,""started"":3,""wait"":20.0,""unstarted"":6},{""node"":""N5"",""tasks"":9,""started"":0,""wait"":null,""unstarted"":9},{""node"":""N6"",""tasks"":3,""started"":0,""wait"":null,""unstarted"":3},{""node"":""N7"",""tasks"":6,""started"":4,""wait"":23.75,""unstarted"":2},{""node"":""N8"",""tasks"":6,""started"":2,""wait"":54.0,""unstarted"":4}]"
12,0.35,8,high,static,3,36,0.06666666666666667,16.0,16.0,176,3,81,0,85,0,0,0,0.006347300004563294,1,0,0.19444444444444445,3,"[{""node"":""N3"",""tasks"":3,""started"":1,""wait"":9.0,""unstarted"":2},{""node"":""N4"",""tasks"":9,""started"":1,""wait"":16.0,""unstarted"":8},{""node"":""N5"",""tasks"":9,""started"":0,""wait"":null,""unstarted"":9},{""node"":""N6"",""tasks"":3,""started"":0,""wait"":null,""unstarted"":3},{""node"":""N7"",""tasks"":6,""started"":1,""wait"":23.0,""unstarted"":5},{""node"":""N8"",""tasks"":6,""started"":0,""wait"":null,""unstarted"":6}]"
12,0.35,8,low,greedy,7,12,0.6,32.42857142857143,17.333333333333332,785,7,13,63,144,1,3,0,0.008405699991271831,14,14,0.4479041916167665,1,"[{""node"":""N3"",""tasks"":1,""started"":1,""wait"":9.0,""unstarted"":0},{""node"":""N4"",""tasks"":3,""started"":2,""wait"":21.0,""unstarted"":1},{""node"":""N5"",""tasks"":3,""started"":1,""wait"":10.0,""unstarted"":2},{""node"":""N6"",""tasks"":1,""started"":0,""wait"":null,""unstarted"":1},{""node"":""N7"",""tasks"":2,""started"":2,""wait"":39.0,""unstarted"":0},{""node"":""N8"",""tasks"":2,""started"":1,""wait"":88.0,""unstarted"":1}]"
12,0.35,8,low,rolling,7,12,0.6,23.857142857142858,25.333333333333332,653,7,13,0,159,0,2,0,0.12576619996980298,14,0,0.19829059829059828,1,"[{""node"":""N3"",""tasks"":1,""started"":1,""wait"":9.0,""unstarted"":0},{""node"":""N4"",""tasks"":3,""started"":2,""wait"":21.0,""unstarted"":1},{""node"":""N5"",""tasks"":3,""started"":1,""wait"":34.0,""unstarted"":2},{""node"":""N6"",""tasks"":1,""started"":0,""wait"":null,""unstarted"":1},{""node"":""N7"",""tasks"":2,""started"":2,""wait"":29.0,""unstarted"":0},{""node"":""N8"",""tasks"":2,""started"":1,""wait"":24.0,""unstarted"":1}]"
12,0.35,8,low,rolling_forecast,7,12,0.6,23.857142857142858,25.333333333333332,653,7,13,0,159,0,2,0,0.13185970000631642,14,0,0.19829059829059828,1,"[{""node"":""N3"",""tasks"":1,""started"":1,""wait"":9.0,""unstarted"":0},{""node"":""N4"",""tasks"":3,""started"":2,""wait"":21.0,""unstarted"":1},{""node"":""N5"",""tasks"":3,""started"":1,""wait"":34.0,""unstarted"":2},{""node"":""N6"",""tasks"":1,""started"":0,""wait"":null,""unstarted"":1},{""node"":""N7"",""tasks"":2,""started"":2,""wait"":29.0,""unstarted"":0},{""node"":""N8"",""tasks"":2,""started"":1,""wait"":24.0,""unstarted"":1}]"
12,0.35,8,low,static,3,12,0.2,16.0,16.0,176,3,23,0,85,0,0,0,0.00699470000108704,1,0,0.19444444444444445,3,"[{""node"":""N3"",""tasks"":1,""started"":1,""wait"":9.0,""unstarted"":0},{""node"":""N4"",""tasks"":3,""started"":1,""wait"":16.0,""unstarted"":2},{""node"":""N5"",""tasks"":3,""started"":0,""wait"":null,""unstarted"":3},{""node"":""N6"",""tasks"":1,""started"":0,""wait"":null,""unstarted"":1},{""node"":""N7"",""tasks"":2,""started"":1,""wait"":23.0,""unstarted"":1},{""node"":""N8"",""tasks"":2,""started"":0,""wait"":null,""unstarted"":2}]"
12,0.35,8,medium,greedy,10,24,0.5,24.181818181818183,33.0,1194,11,35,16,139,3,1,0,0.022265199993853457,18,18,0.2937901498929336,1,"[{""node"":""N3"",""tasks"":2,""started"":2,""wait"":5.5,""unstarted"":0},{""node"":""N4"",""tasks"":6,""started"":4,""wait"":28.25,""unstarted"":2},{""node"":""N5"",""tasks"":6,""started"":2,""wait"":42.5,""unstarted"":4},{""node"":""N6"",""tasks"":2,""started"":0,""wait"":null,""unstarted"":2},{""node"":""N7"",""tasks"":4,""started"":2,""wait"":16.5,""unstarted"":2},{""node"":""N8"",""tasks"":4,""started"":1,""wait"":24.0,""unstarted"":3}]"
12,0.35,8,medium,rolling,10,24,0.5,24.181818181818183,33.0,1194,11,35,16,139,4,1,0,0.7345251999795437,18,0,0.2937901498929336,1,"[{""node"":""N3"",""tasks"":2,""started"":2,""wait"":5.5,""unstarted"":0},{""node"":""N4"",""tasks"":6,""started"":4,""wait"":28.25,""unstarted"":2},{""node"":""N5"",""tasks"":6,""started"":2,""wait"":42.5,""unstarted"":4},{""node"":""N6"",""tasks"":2,""started"":0,""wait"":null,""unstarted"":2},{""node"":""N7"",""tasks"":4,""started"":2,""wait"":16.5,""unstarted"":2},{""node"":""N8"",""tasks"":4,""started"":1,""wait"":24.0,""unstarted"":3}]"
12,0.35,8,medium,rolling_forecast,10,24,0.5,24.181818181818183,33.0,1194,11,35,16,139,4,1,0,0.7645689999917522,18,0,0.2937901498929336,1,"[{""node"":""N3"",""tasks"":2,""started"":2,""wait"":5.5,""unstarted"":0},{""node"":""N4"",""tasks"":6,""started"":4,""wait"":28.25,""unstarted"":2},{""node"":""N5"",""tasks"":6,""started"":2,""wait"":42.5,""unstarted"":4},{""node"":""N6"",""tasks"":2,""started"":0,""wait"":null,""unstarted"":2},{""node"":""N7"",""tasks"":4,""started"":2,""wait"":16.5,""unstarted"":2},{""node"":""N8"",""tasks"":4,""started"":1,""wait"":24.0,""unstarted"":3}]"
12,0.35,8,medium,static,3,24,0.1,16.0,16.0,176,3,52,0,85,0,0,0,0.010869799996726215,1,0,0.19444444444444445,3,"[{""node"":""N3"",""tasks"":2,""started"":1,""wait"":9.0,""unstarted"":1},{""node"":""N4"",""tasks"":6,""started"":1,""wait"":16.0,""unstarted"":5},{""node"":""N5"",""tasks"":6,""started"":0,""wait"":null,""unstarted"":6},{""node"":""N6"",""tasks"":2,""started"":0,""wait"":null,""unstarted"":2},{""node"":""N7"",""tasks"":4,""started"":1,""wait"":23.0,""unstarted"":3},{""node"":""N8"",""tasks"":4,""started"":0,""wait"":null,""unstarted"":4}]"
12,0.5,11,high,greedy,15,36,0.4,38.35294117647059,50.57142857142857,2664,17,54,217,236,13,19,0,0.048024000017903745,22,22,0.23692710606721962,1,"[{""node"":""N3"",""tasks"":3,""started"":3,""wait"":10.0,""unstarted"":0},{""node"":""N4"",""tasks"":9,""started"":4,""wait"":52.5,""unstarted"":5},{""node"":""N5"",""tasks"":9,""started"":3,""wait"":48.0,""unstarted"":6},{""node"":""N6"",""tasks"":3,""started"":0,""wait"":null,""unstarted"":3},{""node"":""N7"",""tasks"":6,""started"":4,""wait"":26.75,""unstarted"":2},{""node"":""N8"",""tasks"":6,""started"":3,""wait"":53.666666666666664,""unstarted"":3}]"
12,0.5,11,high,rolling,18,36,0.6,30.210526315789473,35.4,2430,19,45,129,235,14,43,0,2.834742399980314,22,0,0.291812865497076,1,"[{""node"":""N3"",""tasks"":3,""started"":3,""wait"":10.0,""unstarted"":0},{""node"":""N4"",""tasks"":9,""started"":8,""wait"":28.75,""unstarted"":1},{""node"":""N5"",""tasks"":9,""started"":2,""wait"":62.0,""unstarted"":7},{""node"":""N6"",""tasks"":3,""started"":0,""wait"":null,""unstarted"":3},{""node"":""N7"",""tasks"":6,""started"":4,""wait"":24.75,""unstarted"":2},{""node"":""N8"",""tasks"":6,""started"":2,""wait"":45.5,""unstarted"":4}]"
12,0.5,11,high,rolling_forecast,15,36,0.4,34.625,44.285714285714285,2282,16,54,149,251,16,45,0,2.6117208000505343,22,1,0.2484094052558783,1,"[{""node"":""N3"",""tasks"":3,""started"":3,""wait"":10.0,""unstarted"":0},{""node"":""N4"",""tasks"":9,""started"":4,""wait"":38.5,""unstarted"":5},{""node"":""N5"",""tasks"":9,""started"":3,""wait"":52.0,""unstarted"":6},{""node"":""N6"",""tasks"":3,""started"":0,""wait"":null,""unstarted"":3},{""node"":""N7"",""tasks"":6,""started"":4,""wait"":26.75,""unstarted"":2},{""node"":""N8"",""tasks"":6,""started"":2,""wait"":53.5,""unstarted"":4}]"
12,0.5,11,high,static,4,36,0.13333333333333333,17.0,18.0,276,4,78,0,130,0,0,0,0.014087300005485304,1,0,0.16911764705882354,2,"[{""node"":""N3"",""tasks"":3,""started"":1,""wait"":9.0,""unstarted"":2},{""node"":""N4"",""tasks"":9,""started"":1,""wait"":16.0,""unstarted"":8},{""node"":""N5"",""tasks"":9,""started"":1,""wait"":20.0,""unstarted"":8},{""node"":""N6"",""tasks"":3,""started"":0,""wait"":null,""unstarted"":3},{""node"":""N7"",""tasks"":6,""started"":1,""wait"":23.0,""unstarted"":5},{""node"":""N8"",""tasks"":6,""started"":0,""wait"":null,""unstarted"":6}]"
12,0.5,11,low,greedy,9,12,1.0,30.9,22.0,1147,10,7,42,256,0,2,0,0.006249599973671138,14,14,0.3203619909502263,1,"[{""node"":""N3"",""tasks"":1,""started"":1,""wait"":9.0,""unstarted"":0},{""node"":""N4"",""tasks"":3,""started"":3,""wait"":23.333333333333332,""unstarted"":0},{""node"":""N5"",""tasks"":3,""started"":2,""wait"":20.0,""unstarted"":1},{""node"":""N6"",""tasks"":1,""started"":0,""wait"":null,""unstarted"":1},{""node"":""N7"",""tasks"":2,""started"":2,""wait"":34.0,""unstarted"":0},{""node"":""N8"",""tasks"":2,""started"":2,""wait"":61.0,""unstarted"":0}]"
12,0.5,11,low,rolling,10,12,1.0,25.3,26.4,1023,10,5,6,239,0,0,0,0.12074169999687001,14,0,0.13898305084745763,1,"[{""node"":""N3"",""tasks"":1,""started"":1,""wait"":9.0,""unstarted"":0},{""node"":""N4"",""tasks"":3,""started"":3,""wait"":26.0,""unstarted"":0},{""node"":""N5"",""tasks"":3,""started"":2,""wait"":27.0,""unstarted"":1},{""node"":""N6"",""tasks"":1,""started"":0,""wait"":null,""unstarted"":1},{""node"":""N7"",""tasks"":2,""started"":2,""wait"":27.0,""unstarted"":0},{""node"":""N8"",""tasks"":2,""started"":2,""wait"":29.0,""unstarted"":0}]"
12,0.5,11,low,rolling_forecast,10,12,1.0,25.3,26.4,1023,10,5,6,239,0,0,0,0.12341080003534444,14,0,0.13898305084745763,1,"[{""node"":""N3"",""tasks"":1,""started"":1,""wait"":9.0,""unstarted"":0},{""node"":""N4"",""tasks"":3,""started"":3,""wait"":26.0,""unstarted"":0},{""node"":""N5"",""tasks"":3,""started"":2,""wait"":27.0,""unstarted"":1},{""node"":""N6"",""tasks"":1,""started"":0,""wait"":null,""unstarted"":1},{""node"":""N7"",""tasks"":2,""started"":2,""wait"":27.0,""unstarted"":0},{""node"":""N8"",""tasks"":2,""started"":2,""wait"":29.0,""unstarted"":0}]"
12,0.5,11,low,static,4,12,0.4,17.0,18.0,276,4,20,0,130,0,0,0,0.017137500006356277,1,0,0.16911764705882354,2,"[{""node"":""N3"",""tasks"":1,""started"":1,""wait"":9.0,""unstarted"":0},{""node"":""N4"",""tasks"":3,""started"":1,""wait"":16.0,""unstarted"":2},{""node"":""N5"",""tasks"":3,""started"":1,""wait"":20.0,""unstarted"":2},{""node"":""N6"",""tasks"":1,""started"":0,""wait"":null,""unstarted"":1},{""node"":""N7"",""tasks"":2,""started"":1,""wait"":23.0,""unstarted"":1},{""node"":""N8"",""tasks"":2,""started"":0,""wait"":null,""unstarted"":2}]"
12,0.5,11,medium,greedy,13,24,0.8,30.142857142857142,35.55555555555556,1906,14,26,76,205,11,6,0,0.017625100022996776,18,18,0.3313399778516058,1,"[{""node"":""N3"",""tasks"":2,""started"":2,""wait"":5.5,""unstarted"":0},{""node"":""N4"",""tasks"":6,""started"":6,""wait"":36.166666666666664,""unstarted"":0},{""node"":""N5"",""tasks"":6,""started"":3,""wait"":34.333333333333336,""unstarted"":3},{""node"":""N6"",""tasks"":2,""started"":0,""wait"":null,""unstarted"":2},{""node"":""N7"",""tasks"":4,""started"":2,""wait"":16.5,""unstarted"":2},{""node"":""N8"",""tasks"":4,""started"":1,""wait"":58.0,""unstarted"":3}]"
12,0.5,11,medium,rolling,16,24,0.9,24.58823529411765,31.3,1880,17,19,50,231,5,7,0,0.7327733999991324,18,0,0.29032258064516125,1,"[{""node"":""N3"",""tasks"":2,""started"":2,""wait"":5.5,""unstarted"":0},{""node"":""N4"",""tasks"":6,""started"":6,""wait"":23.166666666666668,""unstarted"":0},{""node"":""N5"",""tasks"":6,""started"":4,""wait"":43.5,""unstarted"":2},{""node"":""N6"",""tasks"":2,""started"":0,""wait"":null,""unstarted"":2},{""node"":""N7"",""tasks"":4,""started"":4,""wait"":17.5,""unstarted"":0},{""node"":""N8"",""tasks"":4,""started"":1,""wait"":24.0,""unstarted"":3}]"
12,0.5,11,medium,rolling_forecast,16,24,0.9,26.176470588235293,34.8,2031,17,19,69,238,6,9,0,0.8700749000126962,18,0,0.3219034289713086,1,"[{""node"":""N3"",""tasks"":2,""started"":2,""wait"":5.5,""unstarted"":0},{""node"":""N4"",""tasks"":6,""started"":6,""wait"":25.833333333333332,""unstarted"":0},{""node"":""N5"",""tasks"":6,""started"":4,""wait"":48.25,""unstarted"":2},{""node"":""N6"",""tasks"":2,""started"":0,""wait"":null,""unstarted"":2},{""node"":""N7"",""tasks"":4,""started"":4,""wait"":15.5,""unstarted"":0},{""node"":""N8"",""tasks"":4,""started"":1,""wait"":24.0,""unstarted"":3}]"
12,0.5,11,medium,static,4,24,0.2,17.0,18.0,276,4,49,0,130,0,0,0,0.015565199995762669,1,0,0.16911764705882354,2,"[{""node"":""N3"",""tasks"":2,""started"":1,""wait"":9.0,""unstarted"":1},{""node"":""N4"",""tasks"":6,""started"":1,""wait"":16.0,""unstarted"":5},{""node"":""N5"",""tasks"":6,""started"":1,""wait"":20.0,""unstarted"":5},{""node"":""N6"",""tasks"":2,""started"":0,""wait"":null,""unstarted"":2},{""node"":""N7"",""tasks"":4,""started"":1,""wait"":23.0,""unstarted"":3},{""node"":""N8"",""tasks"":4,""started"":0,""wait"":null,""unstarted"":4}]"
12,0.75,18,high,greedy,23,36,0.5333333333333333,31.346153846153847,46.54545454545455,3371,26,33,227,363,16,16,0,0.04126229997200426,22,22,0.33757728177721885,0,"[{""node"":""N3"",""tasks"":3,""started"":3,""wait"":6.0,""unstarted"":0},{""node"":""N4"",""tasks"":9,""started"":7,""wait"":51.857142857142854,""unstarted"":2},{""node"":""N5"",""tasks"":9,""started"":7,""wait"":38.285714285714285,""unstarted"":2},{""node"":""N6"",""tasks"":3,""started"":3,""wait"":16.333333333333332,""unstarted"":0},{""node"":""N7"",""tasks"":6,""started"":3,""wait"":15.0,""unstarted"":3},{""node"":""N8"",""tasks"":6,""started"":3,""wait"":24.0,""unstarted"":3}]"
12,0.75,18,high,rolling,28,36,0.8,28.344827586206897,33.61538461538461,3340,29,19,105,349,21,31,0,2.8961013999942224,22,0,0.2472756410256411,1,"[{""node"":""N3"",""tasks"":3,""started"":3,""wait"":6.0,""unstarted"":0},{""node"":""N4"",""tasks"":9,""started"":8,""wait"":32.25,""unstarted"":1},{""node"":""N5"",""tasks"":9,""started"":8,""wait"":37.75,""unstarted"":1},{""node"":""N6"",""tasks"":3,""started"":0,""wait"":null,""unstarted"":3},{""node"":""N7"",""tasks"":6,""started"":5,""wait"":18.6,""unstarted"":1},{""node"":""N8"",""tasks"":6,""started"":5,""wait"":30.2,""unstarted"":1}]"
12,0.75,18,high,rolling_forecast,27,36,0.6666666666666666,27.8,33.76923076923077,3270,30,23,151,364,5,38,0,2.615026899977238,22,0,0.22102425876010787,0,"[{""node"":""N3"",""tasks"":3,""started"":3,""wait"":6.0,""unstarted"":0},{""node"":""N4"",""tasks"":9,""started"":8,""wait"":37.0,""unstarted"":1},{""node"":""N5"",""tasks"":9,""started"":8,""wait"":33.25,""unstarted"":1},{""node"":""N6"",""tasks"":3,""started"":2,""wait"":27.5,""unstarted"":1},{""node"":""N7"",""tasks"":6,""started"":4,""wait"":24.25,""unstarted"":2},{""node"":""N8"",""tasks"":6,""started"":5,""wait"":20.4,""unstarted"":1}]"
12,0.75,18,high,static,4,36,0.13333333333333333,13.0,14.0,212,4,78,0,106,0,0,0,0.020208999994792975,1,0,0.22115384615384615,2,"[{""node"":""N3"",""tasks"":3,""started"":1,""wait"":5.0,""unstarted"":2},{""node"":""N4"",""tasks"":9,""started"":1,""wait"":12.0,""unstarted"":8},{""node"":""N5"",""tasks"":9,""started"":1,""wait"":16.0,""unstarted"":8},{""node"":""N6"",""tasks"":3,""started"":0,""wait"":null,""unstarted"":3},{""node"":""N7"",""tasks"":6,""started"":1,""wait"":19.0,""unstarted"":5},{""node"":""N8"",""tasks"":6,""started"":0,""wait"":null,""unstarted"":6}]"
12,0.75,18,low,greedy,12,12,1.0,16.583333333333332,12.6,693,12,0,0,285,0,0,0,0.0034146999823860824,14,14,0.23170731707317074,0,"[{""node"":""N3"",""tasks"":1,""started"":1,""wait"":5.0,""unstarted"":0},{""node"":""N4"",""tasks"":3,""started"":3,""wait"":14.0,""unstarted"":0},{""node"":""N5"",""tasks"":3,""started"":3,""wait"":13.666666666666666,""unstarted"":0},{""node"":""N6"",""tasks"":1,""started"":1,""wait"":15.0,""unstarted"":0},{""node"":""N7"",""tasks"":2,""started"":2,""wait"":21.0,""unstarted"":0},{""node"":""N8"",""tasks"":2,""started"":2,""wait"":27.0,""unstarted"":0}]"
12,0.75,18,low,rolling,12,12,1.0,16.583333333333332,12.6,693,12,0,0,285,0,0,0,0.09610320001957007,14,0,0.23170731707317074,0,"[{""node"":""N3"",""tasks"":1,""started"":1,""wait"":5.0,""unstarted"":0},{""node"":""N4"",""tasks"":3,""started"":3,""wait"":14.0,""unstarted"":0},{""node"":""N5"",""tasks"":3,""started"":3,""wait"":13.666666666666666,""unstarted"":0},{""node"":""N6"",""tasks"":1,""started"":1,""wait"":15.0,""unstarted"":0},{""node"":""N7"",""tasks"":2,""started"":2,""wait"":21.0,""unstarted"":0},{""node"":""N8"",""tasks"":2,""started"":2,""wait"":27.0,""unstarted"":0}]"
12,0.75,18,low,rolling_forecast,12,12,1.0,15.25,12.6,645,12,0,0,304,0,0,0,0.1060600000055274,14,0,0.19011406844106463,0,"[{""node"":""N3"",""tasks"":1,""started"":1,""wait"":5.0,""unstarted"":0},{""node"":""N4"",""tasks"":3,""started"":3,""wait"":14.0,""unstarted"":0},{""node"":""N5"",""tasks"":3,""started"":3,""wait"":13.666666666666666,""unstarted"":0},{""node"":""N6"",""tasks"":1,""started"":1,""wait"":15.0,""unstarted"":0},{""node"":""N7"",""tasks"":2,""started"":2,""wait"":17.5,""unstarted"":0},{""node"":""N8"",""tasks"":2,""started"":2,""wait"":22.5,""unstarted"":0}]"
12,0.75,18,low,static,4,12,0.4,13.0,14.0,212,4,20,0,106,0,0,0,0.014069700002437457,1,0,0.22115384615384615,2,"[{""node"":""N3"",""tasks"":1,""started"":1,""wait"":5.0,""unstarted"":0},{""node"":""N4"",""tasks"":3,""started"":1,""wait"":12.0,""unstarted"":2},{""node"":""N5"",""tasks"":3,""started"":1,""wait"":16.0,""unstarted"":2},{""node"":""N6"",""tasks"":1,""started"":0,""wait"":null,""unstarted"":1},{""node"":""N7"",""tasks"":2,""started"":1,""wait"":19.0,""unstarted"":1},{""node"":""N8"",""tasks"":2,""started"":0,""wait"":null,""unstarted"":2}]"
12,0.75,18,medium,greedy,18,24,0.9,25.80952380952381,22.2,2070,21,13,67,331,8,7,0,0.01386190002085641,18,18,0.32629508196721313,1,"[{""node"":""N3"",""tasks"":2,""started"":2,""wait"":3.0,""unstarted"":0},{""node"":""N4"",""tasks"":6,""started"":6,""wait"":21.333333333333332,""unstarted"":0},{""node"":""N5"",""tasks"":6,""started"":6,""wait"":25.0,""unstarted"":0},{""node"":""N6"",""tasks"":2,""started"":0,""wait"":null,""unstarted"":2},{""node"":""N7"",""tasks"":4,""started"":4,""wait"":24.75,""unstarted"":0},{""node"":""N8"",""tasks"":4,""started"":3,""wait"":53.0,""unstarted"":1}]"
12,0.75,18,medium,rolling,23,24,1.0,21.458333333333332,21.1,1915,24,2,27,345,1,1,0,0.4912682000140194,18,0,0.26055312954876275,0,"[{""node"":""N3"",""tasks"":2,""started"":2,""wait"":3.0,""unstarted"":0},{""node"":""N4"",""tasks"":6,""started"":6,""wait"":21.5,""unstarted"":0},{""node"":""N5"",""tasks"":6,""started"":6,""wait"":23.0,""unstarted"":0},{""node"":""N6"",""tasks"":2,""started"":2,""wait"":13.0,""unstarted"":0},{""node"":""N7"",""tasks"":4,""started"":4,""wait"":21.25,""unstarted"":0},{""node"":""N8"",""tasks"":4,""started"":4,""wait"":32.75,""unstarted"":0}]"
12,0.75,18,medium,rolling_forecast,23,24,1.0,21.541666666666668,22.5,1929,24,2,56,335,3,6,0,0.5217499999853317,18,0,0.19221585482330467,0,"[{""node"":""N3"",""tasks"":2,""started"":2,""wait"":3.0,""unstarted"":0},{""node"":""N4"",""tasks"":6,""started"":6,""wait"":25.5,""unstarted"":0},{""node"":""N5"",""tasks"":6,""started"":6,""wait"":21.333333333333332,""unstarted"":0},{""node"":""N6"",""tasks"":2,""started"":2,""wait"":18.0,""unstarted"":0},{""node"":""N7"",""tasks"":4,""started"":4,""wait"":24.25,""unstarted"":0},{""node"":""N8"",""tasks"":4,""started"":4,""wait"":24.25,""unstarted"":0}]"
12,0.75,18,medium,static,4,24,0.2,13.0,14.0,212,4,49,0,106,0,0,0,0.017764699994586408,1,0,0.22115384615384615,2,"[{""node"":""N3"",""tasks"":2,""started"":1,""wait"":5.0,""unstarted"":1},{""node"":""N4"",""tasks"":6,""started"":1,""wait"":12.0,""unstarted"":5},{""node"":""N5"",""tasks"":6,""started"":1,""wait"":16.0,""unstarted"":5},{""node"":""N6"",""tasks"":2,""started"":0,""wait"":null,""unstarted"":2},{""node"":""N7"",""tasks"":4,""started"":1,""wait"":19.0,""unstarted"":3},{""node"":""N8"",""tasks"":4,""started"":0,""wait"":null,""unstarted"":4}]"
12,1,26,high,greedy,24,36,0.8,27.692307692307693,33.357142857142854,3064,26,27,73,439,39,19,0,0.05922670001746155,22,22,0.26602796478508545,0,"[{""node"":""N3"",""tasks"":3,""started"":3,""wait"":6.0,""unstarted"":0},{""node"":""N4"",""tasks"":9,""started"":8,""wait"":34.375,""unstarted"":1},{""node"":""N5"",""tasks"":9,""started"":9,""wait"":34.22222222222222,""unstarted"":0},{""node"":""N6"",""tasks"":3,""started"":1,""wait"":15.0,""unstarted"":2},{""node"":""N7"",""tasks"":6,""started"":3,""wait"":15.0,""unstarted"":3},{""node"":""N8"",""tasks"":6,""started"":2,""wait"":29.5,""unstarted"":4}]"
12,1,26,high,rolling,34,36,0.8666666666666667,22.6,23.642857142857142,2937,35,6,34,426,3,7,0,2.3383537999616237,22,0,0.22497884452650202,0,"[{""node"":""N3"",""tasks"":3,""started"":3,""wait"":6.0,""unstarted"":0},{""node"":""N4"",""tasks"":9,""started"":8,""wait"":19.75,""unstarted"":1},{""node"":""N5"",""tasks"":9,""started"":9,""wait"":32.111111111111114,""unstarted"":0},{""node"":""N6"",""tasks"":3,""started"":3,""wait"":16.333333333333332,""unstarted"":0},{""node"":""N7"",""tasks"":6,""started"":6,""wait"":19.333333333333332,""unstarted"":0},{""node"":""N8"",""tasks"":6,""started"":6,""wait"":26.833333333333332,""unstarted"":0}]"
12,1,26,high,rolling_forecast,33,36,0.8666666666666667,25.444444444444443,27.066666666666666,3434,36,8,81,437,3,51,0,2.43693610005721,22,1,0.20388415211801333,0,"[{""node"":""N3"",""tasks"":3,""started"":3,""wait"":6.0,""unstarted"":0},{""node"":""N4"",""tasks"":9,""started"":9,""wait"":24.11111111111111,""unstarted"":0},{""node"":""N5"",""tasks"":9,""started"":9,""wait"":34.55555555555556,""unstarted"":0},{""node"":""N6"",""tasks"":3,""started"":3,""wait"":21.0,""unstarted"":0},{""node"":""N7"",""tasks"":6,""started"":6,""wait"":28.666666666666668,""unstarted"":0},{""node"":""N8"",""tasks"":6,""started"":6,""wait"":22.5,""unstarted"":0}]"
12,1,26,high,static,4,36,0.13333333333333333,13.0,14.0,212,4,78,0,106,0,0,0,0.019954999996116385,1,0,0.22115384615384615,2,"[{""node"":""N3"",""tasks"":3,""started"":1,""wait"":5.0,""unstarted"":2},{""node"":""N4"",""tasks"":9,""started"":1,""wait"":12.0,""unstarted"":8},{""node"":""N5"",""tasks"":9,""started"":1,""wait"":16.0,""unstarted"":8},{""node"":""N6"",""tasks"":3,""started"":0,""wait"":null,""unstarted"":3},{""node"":""N7"",""tasks"":6,""started"":1,""wait"":19.0,""unstarted"":5},{""node"":""N8"",""tasks"":6,""started"":0,""wait"":null,""unstarted"":6}]"
12,1,26,low,greedy,12,12,1.0,15.916666666666666,12.6,677,12,0,0,281,0,0,0,0.0038893000019015744,14,14,0.24969021065675337,0,"[{""node"":""N3"",""tasks"":1,""started"":1,""wait"":5.0,""unstarted"":0},{""node"":""N4"",""tasks"":3,""started"":3,""wait"":14.0,""unstarted"":0},{""node"":""N5"",""tasks"":3,""started"":3,""wait"":13.666666666666666,""unstarted"":0},{""node"":""N6"",""tasks"":1,""started"":1,""wait"":11.0,""unstarted"":0},{""node"":""N7"",""tasks"":2,""started"":2,""wait"":19.0,""unstarted"":0},{""node"":""N8"",""tasks"":2,""started"":2,""wait"":27.0,""unstarted"":0}]"
12,1,26,low,rolling,12,12,1.0,15.916666666666666,12.6,677,12,0,0,281,0,0,0,0.11455829998885747,14,0,0.24969021065675337,0,"[{""node"":""N3"",""tasks"":1,""started"":1,""wait"":5.0,""unstarted"":0},{""node"":""N4"",""tasks"":3,""started"":3,""wait"":14.0,""unstarted"":0},{""node"":""N5"",""tasks"":3,""started"":3,""wait"":13.666666666666666,""unstarted"":0},{""node"":""N6"",""tasks"":1,""started"":1,""wait"":11.0,""unstarted"":0},{""node"":""N7"",""tasks"":2,""started"":2,""wait"":19.0,""unstarted"":0},{""node"":""N8"",""tasks"":2,""started"":2,""wait"":27.0,""unstarted"":0}]"
12,1,26,low,rolling_forecast,12,12,1.0,14.916666666666666,12.6,641,12,0,0,321,0,0,0,0.1398386000073515,14,0,0.21381142098273576,0,"[{""node"":""N3"",""tasks"":1,""started"":1,""wait"":5.0,""unstarted"":0},{""node"":""N4"",""tasks"":3,""started"":3,""wait"":14.0,""unstarted"":0},{""node"":""N5"",""tasks"":3,""started"":3,""wait"":13.666666666666666,""unstarted"":0},{""node"":""N6"",""tasks"":1,""started"":1,""wait"":11.0,""unstarted"":0},{""node"":""N7"",""tasks"":2,""started"":2,""wait"":17.5,""unstarted"":0},{""node"":""N8"",""tasks"":2,""started"":2,""wait"":22.5,""unstarted"":0}]"
12,1,26,low,static,4,12,0.4,13.0,14.0,212,4,20,0,106,0,0,0,0.020856600007391535,1,0,0.22115384615384615,2,"[{""node"":""N3"",""tasks"":1,""started"":1,""wait"":5.0,""unstarted"":0},{""node"":""N4"",""tasks"":3,""started"":1,""wait"":12.0,""unstarted"":2},{""node"":""N5"",""tasks"":3,""started"":1,""wait"":16.0,""unstarted"":2},{""node"":""N6"",""tasks"":1,""started"":0,""wait"":null,""unstarted"":1},{""node"":""N7"",""tasks"":2,""started"":1,""wait"":19.0,""unstarted"":1},{""node"":""N8"",""tasks"":2,""started"":0,""wait"":null,""unstarted"":2}]"
12,1,26,medium,greedy,24,24,1.0,18.75,16.1,1620,24,0,17,392,0,4,0,0.011244599998462945,18,18,0.3152969894222945,0,"[{""node"":""N3"",""tasks"":2,""started"":2,""wait"":3.0,""unstarted"":0},{""node"":""N4"",""tasks"":6,""started"":6,""wait"":15.5,""unstarted"":0},{""node"":""N5"",""tasks"":6,""started"":6,""wait"":20.666666666666668,""unstarted"":0},{""node"":""N6"",""tasks"":2,""started"":2,""wait"":13.0,""unstarted"":0},{""node"":""N7"",""tasks"":4,""started"":4,""wait"":13.5,""unstarted"":0},{""node"":""N8"",""tasks"":4,""started"":4,""wait"":36.75,""unstarted"":0}]"
12,1,26,medium,rolling,24,24,1.0,17.041666666666668,15.8,1491,24,0,0,406,0,1,0,0.3961847999889869,18,0,0.25293056807935077,0,"[{""node"":""N3"",""tasks"":2,""started"":2,""wait"":3.0,""unstarted"":0},{""node"":""N4"",""tasks"":6,""started"":6,""wait"":15.5,""unstarted"":0},{""node"":""N5"",""tasks"":6,""started"":6,""wait"":20.166666666666668,""unstarted"":0},{""node"":""N6"",""tasks"":2,""started"":2,""wait"":13.0,""unstarted"":0},{""node"":""N7"",""tasks"":4,""started"":4,""wait"":14.25,""unstarted"":0},{""node"":""N8"",""tasks"":4,""started"":4,""wait"":26.5,""unstarted"":0}]"
12,1,26,medium,rolling_forecast,24,24,1.0,15.583333333333334,15.2,1374,24,0,0,399,0,2,0,0.4759564000269165,18,0,0.2227722772277228,0,"[{""node"":""N3"",""tasks"":2,""started"":2,""wait"":3.0,""unstarted"":0},{""node"":""N4"",""tasks"":6,""started"":6,""wait"":16.5,""unstarted"":0},{""node"":""N5"",""tasks"":6,""started"":6,""wait"":18.166666666666668,""unstarted"":0},{""node"":""N6"",""tasks"":2,""started"":2,""wait"":13.0,""unstarted"":0},{""node"":""N7"",""tasks"":4,""started"":4,""wait"":12.25,""unstarted"":0},{""node"":""N8"",""tasks"":4,""started"":4,""wait"":21.25,""unstarted"":0}]"
12,1,26,medium,static,4,24,0.2,13.0,14.0,212,4,49,0,106,0,0,0,0.025749300009920262,1,0,0.22115384615384615,2,"[{""node"":""N3"",""tasks"":2,""started"":1,""wait"":5.0,""unstarted"":1},{""node"":""N4"",""tasks"":6,""started"":1,""wait"":12.0,""unstarted"":5},{""node"":""N5"",""tasks"":6,""started"":1,""wait"":16.0,""unstarted"":5},{""node"":""N6"",""tasks"":2,""started"":0,""wait"":null,""unstarted"":2},{""node"":""N7"",""tasks"":4,""started"":1,""wait"":19.0,""unstarted"":3},{""node"":""N8"",""tasks"":4,""started"":0,""wait"":null,""unstarted"":4}]"
13,0.35,8,high,greedy,12,36,0.3333333333333333,23.5,33.2,1178,12,61,28,125,1,2,0,0.04262290004407987,22,22,0.19915254237288138,2,"[{""node"":""N3"",""tasks"":3,""started"":3,""wait"":10.666666666666666,""unstarted"":0},{""node"":""N4"",""tasks"":9,""started"":5,""wait"":33.2,""unstarted"":4},{""node"":""N5"",""tasks"":9,""started"":0,""wait"":null,""unstarted"":9},{""node"":""N6"",""tasks"":3,""started"":0,""wait"":null,""unstarted"":3},{""node"":""N7"",""tasks"":6,""started"":3,""wait"":20.666666666666668,""unstarted"":3},{""node"":""N8"",""tasks"":6,""started"":1,""wait"":22.0,""unstarted"":5}]"
13,0.35,8,high,rolling,12,36,0.2,25.384615384615383,18.0,1098,13,63,55,141,6,17,0,1.8369647999934386,22,0,0.29262295081967216,2,"[{""node"":""N3"",""tasks"":3,""started"":3,""wait"":10.666666666666666,""unstarted"":0},{""node"":""N4"",""tasks"":9,""started"":3,""wait"":18.0,""unstarted"":6},{""node"":""N5"",""tasks"":9,""started"":0,""wait"":null,""unstarted"":9},{""node"":""N6"",""tasks"":3,""started"":0,""wait"":null,""unstarted"":3},{""node"":""N7"",""tasks"":6,""started"":4,""wait"":25.0,""unstarted"":2},{""node"":""N8"",""tasks"":6,""started"":3,""wait"":48.0,""unstarted"":3}]"
13,0.35,8,high,rolling_forecast,12,36,0.26666666666666666,23.846153846153847,35.2,1282,13,62,57,113,7,19,0,1.812394199994742,22,3,0.2145608628659476,2,"[{""node"":""N3"",""tasks"":3,""started"":3,""wait"":10.666666666666666,""unstarted"":0},{""node"":""N4"",""tasks"":9,""started"":5,""wait"":35.2,""unstarted"":4},{""node"":""N5"",""tasks"":9,""started"":0,""wait"":null,""unstarted"":9},{""node"":""N6"",""tasks"":3,""started"":0,""wait"":null,""unstarted"":3},{""node"":""N7"",""tasks"":6,""started"":3,""wait"":20.666666666666668,""unstarted"":3},{""node"":""N8"",""tasks"":6,""started"":2,""wait"":20.0,""unstarted"":4}]"
13,0.35,8,high,static,3,36,0.06666666666666667,15.666666666666666,14.0,169,3,81,0,81,0,0,0,0.007876000003307126,1,0,0.2127659574468085,3,"[{""node"":""N3"",""tasks"":3,""started"":1,""wait"":9.0,""unstarted"":2},{""node"":""N4"",""tasks"":9,""started"":1,""wait"":14.0,""unstarted"":8},{""node"":""N5"",""tasks"":9,""started"":0,""wait"":null,""unstarted"":9},{""node"":""N6"",""tasks"":3,""started"":0,""wait"":null,""unstarted"":3},{""node"":""N7"",""tasks"":6,""started"":1,""wait"":24.0,""unstarted"":5},{""node"":""N8"",""tasks"":6,""started"":0,""wait"":null,""unstarted"":6}]"
13,0.35,8,low,greedy,7,12,0.6,30.75,19.666666666666668,856,8,13,48,151,0,4,0,0.006347299990011379,14,14,0.35524475524475524,1,"[{""node"":""N3"",""tasks"":1,""started"":1,""wait"":9.0,""unstarted"":0},{""node"":""N4"",""tasks"":3,""started"":2,""wait"":14.0,""unstarted"":1},{""node"":""N5"",""tasks"":3,""started"":1,""wait"":31.0,""unstarted"":2},{""node"":""N6"",""tasks"":1,""started"":0,""wait"":null,""unstarted"":1},{""node"":""N7"",""tasks"":2,""started"":2,""wait"":25.0,""unstarted"":0},{""node"":""N8"",""tasks"":2,""started"":2,""wait"":64.0,""unstarted"":0}]"
13,0.35,8,low,rolling,7,12,0.6,19.571428571428573,19.333333333333332,527,7,13,0,137,0,4,0,0.11449140001786873,14,0,0.2163265306122449,1,"[{""node"":""N3"",""tasks"":1,""started"":1,""wait"":9.0,""unstarted"":0},{""node"":""N4"",""tasks"":3,""started"":2,""wait"":14.0,""unstarted"":1},{""node"":""N5"",""tasks"":3,""started"":1,""wait"":30.0,""unstarted"":2},{""node"":""N6"",""tasks"":1,""started"":0,""wait"":null,""unstarted"":1},{""node"":""N7"",""tasks"":2,""started"":2,""wait"":25.0,""unstarted"":0},{""node"":""N8"",""tasks"":2,""started"":1,""wait"":20.0,""unstarted"":1}]"
13,0.35,8,low,rolling_forecast,7,12,0.6,19.571428571428573,19.333333333333332,527,7,13,0,137,0,4,0,0.11187329998938367,14,0,0.2163265306122449,1,"[{""node"":""N3"",""tasks"":1,""started"":1,""wait"":9.0,""unstarted"":0},{""node"":""N4"",""tasks"":3,""started"":2,""wait"":14.0,""unstarted"":1},{""node"":""N5"",""tasks"":3,""started"":1,""wait"":30.0,""unstarted"":2},{""node"":""N6"",""tasks"":1,""started"":0,""wait"":null,""unstarted"":1},{""node"":""N7"",""tasks"":2,""started"":2,""wait"":25.0,""unstarted"":0},{""node"":""N8"",""tasks"":2,""started"":1,""wait"":20.0,""unstarted"":1}]"
13,0.35,8,low,static,3,12,0.2,15.666666666666666,14.0,169,3,23,0,81,0,0,0,0.005116799991810694,1,0,0.2127659574468085,3,"[{""node"":""N3"",""tasks"":1,""started"":1,""wait"":9.0,""unstarted"":0},{""node"":""N4"",""tasks"":3,""started"":1,""wait"":14.0,""unstarted"":2},{""node"":""N5"",""tasks"":3,""started"":0,""wait"":null,""unstarted"":3},{""node"":""N6"",""tasks"":1,""started"":0,""wait"":null,""unstarted"":1},{""node"":""N7"",""tasks"":2,""started"":1,""wait"":24.0,""unstarted"":1},{""node"":""N8"",""tasks"":2,""started"":0,""wait"":null,""unstarted"":2}]"
13,0.35,8,medium,greedy,10,24,0.5,23.727272727272727,32.166666666666664,1169,11,35,15,128,1,3,0,0.016351300000678748,18,18,0.2889867841409692,1,"[{""node"":""N3"",""tasks"":2,""started"":2,""wait"":6.0,""unstarted"":0},{""node"":""N4"",""tasks"":6,""started"":4,""wait"":27.0,""unstarted"":2},{""node"":""N5"",""tasks"":6,""started"":2,""wait"":42.5,""unstarted"":4},{""node"":""N6"",""tasks"":2,""started"":0,""wait"":null,""unstarted"":2},{""node"":""N7"",""tasks"":4,""started"":2,""wait"":18.0,""unstarted"":2},{""node"":""N8"",""tasks"":4,""started"":1,""wait"":20.0,""unstarted"":3}]"
13,0.35,8,medium,rolling,10,24,0.5,23.727272727272727,32.166666666666664,1169,11,35,15,128,4,1,0,0.7953979000449181,18,0,0.2889867841409692,1,"[{""node"":""N3"",""tasks"":2,""started"":2,""wait"":6.0,""unstarted"":0},{""node"":""N4"",""tasks"":6,""started"":4,""wait"":27.0,""unstarted"":2},{""node"":""N5"",""tasks"":6,""started"":2,""wait"":42.5,""unstarted"":4},{""node"":""N6"",""tasks"":2,""started"":0,""wait"":null,""unstarted"":2},{""node"":""N7"",""tasks"":4,""started"":2,""wait"":18.0,""unstarted"":2},{""node"":""N8"",""tasks"":4,""started"":1,""wait"":20.0,""unstarted"":3}]"
13,0.35,8,medium,rolling_forecast,9,24,0.4,20.2,26.8,874,10,38,5,128,3,5,0,0.7111791999777779,18,0,0.20618556701030927,1,"[{""node"":""N3"",""tasks"":2,""started"":2,""wait"":6.0,""unstarted"":0},{""node"":""N4"",""tasks"":6,""started"":4,""wait"":27.0,""unstarted"":2},{""node"":""N5"",""tasks"":6,""started"":1,""wait"":26.0,""unstarted"":5},{""node"":""N6"",""tasks"":2,""started"":0,""wait"":null,""unstarted"":2},{""node"":""N7"",""tasks"":4,""started"":2,""wait"":18.0,""unstarted"":2},{""node"":""N8"",""tasks"":4,""started"":1,""wait"":20.0,""unstarted"":3}]"
13,0.35,8,medium,static,3,24,0.1,15.666666666666666,14.0,169,3,52,0,81,0,0,0,0.011119800008600578,1,0,0.2127659574468085,3,"[{""node"":""N3"",""tasks"":2,""started"":1,""wait"":9.0,""unstarted"":1},{""node"":""N4"",""tasks"":6,""started"":1,""wait"":14.0,""unstarted"":5},{""node"":""N5"",""tasks"":6,""started"":0,""wait"":null,""unstarted"":6},{""node"":""N6"",""tasks"":2,""started"":0,""wait"":null,""unstarted"":2},{""node"":""N7"",""tasks"":4,""started"":1,""wait"":24.0,""unstarted"":3},{""node"":""N8"",""tasks"":4,""started"":0,""wait"":null,""unstarted"":4}]"
13,0.5,11,high,greedy,14,36,0.4666666666666667,32.625,40.25,2210,16,55,129,196,18,12,0,0.0534734000248136,22,22,0.27401574803149603,1,"[{""node"":""N3"",""tasks"":3,""started"":3,""wait"":10.666666666666666,""unstarted"":0},{""node"":""N4"",""tasks"":9,""started"":5,""wait"":46.2,""unstarted"":4},{""node"":""N5"",""tasks"":9,""started"":3,""wait"":30.333333333333332,""unstarted"":6},{""node"":""N6"",""tasks"":3,""started"":0,""wait"":null,""unstarted"":3},{""node"":""N7"",""tasks"":6,""started"":3,""wait"":20.666666666666668,""unstarted"":3},{""node"":""N8"",""tasks"":6,""started"":2,""wait"":53.0,""unstarted"":4}]"
13,0.5,11,high,rolling,18,36,0.5333333333333333,35.80952380952381,42.44444444444444,3020,21,46,209,229,17,50,0,2.921066899973084,22,0,0.22270058708414878,1,"[{""node"":""N3"",""tasks"":3,""started"":3,""wait"":10.666666666666666,""unstarted"":0},{""node"":""N4"",""tasks"":9,""started"":6,""wait"":48.5,""unstarted"":3},{""node"":""N5"",""tasks"":9,""started"":3,""wait"":30.333333333333332,""unstarted"":6},{""node"":""N6"",""tasks"":3,""started"":0,""wait"":null,""unstarted"":3},{""node"":""N7"",""tasks"":6,""started"":6,""wait"":31.833333333333332,""unstarted"":0},{""node"":""N8"",""tasks"":6,""started"":3,""wait"":49.0,""unstarted"":3}]"
13,0.5,11,high,rolling_forecast,15,36,0.4666666666666667,30.875,35.875,2056,16,53,143,215,4,42,0,2.5933268000080716,22,2,0.2966740576496674,1,"[{""node"":""N3"",""tasks"":3,""started"":3,""wait"":10.666666666666666,""unstarted"":0},{""node"":""N4"",""tasks"":9,""started"":6,""wait"":40.5,""unstarted"":3},{""node"":""N5"",""tasks"":9,""started"":2,""wait"":22.0,""unstarted"":7},{""node"":""N6"",""tasks"":3,""started"":0,""wait"":null,""unstarted"":3},{""node"":""N7"",""tasks"":6,""started"":3,""wait"":20.666666666666668,""unstarted"":3},{""node"":""N8"",""tasks"":6,""started"":2,""wait"":56.5,""unstarted"":4}]"
13,0.5,11,high,static,4,36,0.13333333333333333,16.5,16.5,264,4,78,0,126,0,0,0,0.017964399987249635,1,0,0.1893939393939394,2,"[{""node"":""N3"",""tasks"":3,""started"":1,""wait"":9.0,""unstarted"":2},{""node"":""N4"",""tasks"":9,""started"":1,""wait"":14.0,""unstarted"":8},{""node"":""N5"",""tasks"":9,""started"":1,""wait"":19.0,""unstarted"":8},{""node"":""N6"",""tasks"":3,""started"":0,""wait"":null,""unstarted"":3},{""node"":""N7"",""tasks"":6,""started"":1,""wait"":24.0,""unstarted"":5},{""node"":""N8"",""tasks"":6,""started"":0,""wait"":null,""unstarted"":6}]"
13,0.5,11,low,greedy,10,12,1.0,22.9,15.6,843,10,5,5,214,0,1,0,0.004731799985165708,14,14,0.2927710843373494,1,"[{""node"":""N3"",""tasks"":1,""started"":1,""wait"":9.0,""unstarted"":0},{""node"":""N4"",""tasks"":3,""started"":3,""wait"":16.666666666666668,""unstarted"":0},{""node"":""N5"",""tasks"":3,""started"":2,""wait"":14.0,""unstarted"":1},{""node"":""N6"",""tasks"":1,""started"":0,""wait"":null,""unstarted"":1},{""node"":""N7"",""tasks"":2,""started"":2,""wait"":29.0,""unstarted"":0},{""node"":""N8"",""tasks"":2,""started"":2,""wait"":42.0,""unstarted"":0}]"
13,0.5,11,low,rolling,10,12,1.0,21.2,20.2,838,10,5,0,215,0,0,0,0.10577100000227802,14,0,0.1656301145662848,1,"[{""node"":""N3"",""tasks"":1,""started"":1,""wait"":9.0,""unstarted"":0},{""node"":""N4"",""tasks"":3,""started"":3,""wait"":17.333333333333332,""unstarted"":0},{""node"":""N5"",""tasks"":3,""started"":2,""wait"":24.5,""unstarted"":1},{""node"":""N6"",""tasks"":1,""started"":0,""wait"":null,""unstarted"":1},{""node"":""N7"",""tasks"":2,""started"":2,""wait"":26.5,""unstarted"":0},{""node"":""N8"",""tasks"":2,""started"":2,""wait"":24.5,""unstarted"":0}]"
13,0.5,11,low,rolling_forecast,10,12,1.0,21.2,20.2,838,10,5,0,215,0,0,0,0.10167739997268654,14,0,0.1656301145662848,1,"[{""node"":""N3"",""tasks"":1,""started"":1,""wait"":9.0,""unstarted"":0},{""node"":""N4"",""tasks"":3,""started"":3,""wait"":17.333333333333332,""unstarted"":0},{""node"":""N5"",""tasks"":3,""started"":2,""wait"":24.5,""unstarted"":1},{""node"":""N6"",""tasks"":1,""started"":0,""wait"":null,""unstarted"":1},{""node"":""N7"",""tasks"":2,""started"":2,""wait"":26.5,""unstarted"":0},{""node"":""N8"",""tasks"":2,""started"":2,""wait"":24.5,""unstarted"":0}]"
13,0.5,11,low,static,4,12,0.4,16.5,16.5,264,4,20,0,126,0,0,0,0.010682700012694113,1,0,0.1893939393939394,2,"[{""node"":""N3"",""tasks"":1,""started"":1,""wait"":9.0,""unstarted"":0},{""node"":""N4"",""tasks"":3,""started"":1,""wait"":14.0,""unstarted"":2},{""node"":""N5"",""tasks"":3,""started"":1,""wait"":19.0,""unstarted"":2},{""node"":""N6"",""tasks"":1,""started"":0,""wait"":null,""unstarted"":1},{""node"":""N7"",""tasks"":2,""started"":1,""wait"":24.0,""unstarted"":1},{""node"":""N8"",""tasks"":2,""started"":0,""wait"":null,""unstarted"":2}]"
13,0.5,11,medium,greedy,13,24,0.8,27.642857142857142,31.666666666666668,1731,14,26,52,194,7,7,0,0.01872009999351576,18,18,0.3120567375886525,1,"[{""node"":""N3"",""tasks"":2,""started"":2,""wait"":6.0,""unstarted"":0},{""node"":""N4"",""tasks"":6,""started"":6,""wait"":32.0,""unstarted"":0},{""node"":""N5"",""tasks"":6,""started"":3,""wait"":31.0,""unstarted"":3},{""node"":""N6"",""tasks"":2,""started"":0,""wait"":null,""unstarted"":2},{""node"":""N7"",""tasks"":4,""started"":2,""wait"":18.0,""unstarted"":2},{""node"":""N8"",""tasks"":4,""started"":1,""wait"":54.0,""unstarted"":3}]"
13,0.5,11,medium,rolling,15,24,0.8,22.0,27.444444444444443,1550,16,22,4,213,5,11,0,0.8716188999824226,18,0,0.2136958710976838,1,"[{""node"":""N3"",""tasks"":2,""started"":2,""wait"":6.0,""unstarted"":0},{""node"":""N4"",""tasks"":6,""started"":5,""wait"":26.8,""unstarted"":1},{""node"":""N5"",""tasks"":6,""started"":4,""wait"":28.25,""unstarted"":2},{""node"":""N6"",""tasks"":2,""started"":0,""wait"":null,""unstarted"":2},{""node"":""N7"",""tasks"":4,""started"":4,""wait"":18.25,""unstarted"":0},{""node"":""N8"",""tasks"":4,""started"":1,""wait"":20.0,""unstarted"":3}]"
13,0.5,11,medium,rolling_forecast,15,24,0.8,22.0,27.444444444444443,1550,16,22,4,213,5,11,0,0.914325399993686,18,0,0.2136958710976838,1,"[{""node"":""N3"",""tasks"":2,""started"":2,""wait"":6.0,""unstarted"":0},{""node"":""N4"",""tasks"":6,""started"":5,""wait"":26.8,""unstarted"":1},{""node"":""N5"",""tasks"":6,""started"":4,""wait"":28.25,""unstarted"":2},{""node"":""N6"",""tasks"":2,""started"":0,""wait"":null,""unstarted"":2},{""node"":""N7"",""tasks"":4,""started"":4,""wait"":18.25,""unstarted"":0},{""node"":""N8"",""tasks"":4,""started"":1,""wait"":20.0,""unstarted"":3}]"
13,0.5,11,medium,static,4,24,0.2,16.5,16.5,264,4,49,0,126,0,0,0,0.009687900004792027,1,0,0.1893939393939394,2,"[{""node"":""N3"",""tasks"":2,""started"":1,""wait"":9.0,""unstarted"":1},{""node"":""N4"",""tasks"":6,""started"":1,""wait"":14.0,""unstarted"":5},{""node"":""N5"",""tasks"":6,""started"":1,""wait"":19.0,""unstarted"":5},{""node"":""N6"",""tasks"":2,""started"":0,""wait"":null,""unstarted"":2},{""node"":""N7"",""tasks"":4,""started"":1,""wait"":24.0,""unstarted"":3},{""node"":""N8"",""tasks"":4,""started"":0,""wait"":null,""unstarted"":4}]"
13,0.75,18,high,greedy,23,36,0.6666666666666666,28.192307692307693,35.76923076923077,3055,26,31,100,344,18,13,0,0.03759199999331031,22,22,0.2588695740571312,0,"[{""node"":""N3"",""tasks"":3,""started"":3,""wait"":6.333333333333333,""unstarted"":0},{""node"":""N4"",""tasks"":9,""started"":8,""wait"":38.0,""unstarted"":1},{""node"":""N5"",""tasks"":9,""started"":8,""wait"":34.625,""unstarted"":1},{""node"":""N6"",""tasks"":3,""started"":2,""wait"":18.5,""unstarted"":1},{""node"":""N7"",""tasks"":6,""started"":3,""wait"":17.666666666666668,""unstarted"":3},{""node"":""N8"",""tasks"":6,""started"":2,""wait"":21.5,""unstarted"":4}]"
13,0.75,18,high,rolling,26,36,0.6666666666666666,25.103448275862068,28.666666666666668,2768,29,26,88,342,21,32,0,2.9679083000082755,22,0,0.17921932765884274,0,"[{""node"":""N3"",""tasks"":3,""started"":3,""wait"":6.333333333333333,""unstarted"":0},{""node"":""N4"",""tasks"":9,""started"":7,""wait"":28.714285714285715,""unstarted"":2},{""node"":""N5"",""tasks"":9,""started"":7,""wait"":30.0,""unstarted"":2},{""node"":""N6"",""tasks"":3,""started"":2,""wait"":26.0,""unstarted"":1},{""node"":""N7"",""tasks"":6,""started"":4,""wait"":19.25,""unstarted"":2},{""node"":""N8"",""tasks"":6,""started"":6,""wait"":28.166666666666668,""unstarted"":0}]"
13,0.75,18,high,rolling_forecast,27,36,0.6666666666666666,27.133333333333333,34.916666666666664,3172,30,23,138,356,30,51,0,2.609388400000171,22,1,0.23559257131916525,0,"[{""node"":""N3"",""tasks"":3,""started"":3,""wait"":6.333333333333333,""unstarted"":0},{""node"":""N4"",""tasks"":9,""started"":8,""wait"":38.0,""unstarted"":1},{""node"":""N5"",""tasks"":9,""started"":7,""wait"":33.0,""unstarted"":2},{""node"":""N6"",""tasks"":3,""started"":2,""wait"":27.0,""unstarted"":1},{""node"":""N7"",""tasks"":6,""started"":4,""wait"":19.25,""unstarted"":2},{""node"":""N8"",""tasks"":6,""started"":6,""wait"":21.5,""unstarted"":0}]"
13,0.75,18,high,static,4,36,0.13333333333333333,13.5,13.5,216,4,78,0,104,0,0,0,0.015919299999950454,1,0,0.23148148148148148,2,"[{""node"":""N3"",""tasks"":3,""started"":1,""wait"":6.0,""unstarted"":2},{""node"":""N4"",""tasks"":9,""started"":1,""wait"":11.0,""unstarted"":8},{""node"":""N5"",""tasks"":9,""started"":1,""wait"":16.0,""unstarted"":8},{""node"":""N6"",""tasks"":3,""started"":0,""wait"":null,""unstarted"":3},{""node"":""N7"",""tasks"":6,""started"":1,""wait"":21.0,""unstarted"":5},{""node"":""N8"",""tasks"":6,""started"":0,""wait"":null,""unstarted"":6}]"
13,0.75,18,low,greedy,12,12,1.0,16.666666666666668,11.4,666,12,0,0,284,0,0,0,0.0036242000060155988,14,14,0.22421281216069489,0,"[{""node"":""N3"",""tasks"":1,""started"":1,""wait"":6.0,""unstarted"":0},{""node"":""N4"",""tasks"":3,""started"":3,""wait"":12.0,""unstarted"":0},{""node"":""N5"",""tasks"":3,""started"":3,""wait"":13.333333333333334,""unstarted"":0},{""node"":""N6"",""tasks"":1,""started"":1,""wait"":24.0,""unstarted"":0},{""node"":""N7"",""tasks"":2,""started"":2,""wait"":22.5,""unstarted"":0},{""node"":""N8"",""tasks"":2,""started"":2,""wait"":24.5,""unstarted"":0}]"
13,0.75,18,low,rolling,12,12,1.0,16.666666666666668,11.4,666,12,0,0,273,0,0,0,0.0990886999934446,14,0,0.22421281216069489,0,"[{""node"":""N3"",""tasks"":1,""started"":1,""wait"":6.0,""unstarted"":0},{""node"":""N4"",""tasks"":3,""started"":3,""wait"":12.0,""unstarted"":0},{""node"":""N5"",""tasks"":3,""started"":3,""wait"":13.333333333333334,""unstarted"":0},{""node"":""N6"",""tasks"":1,""started"":1,""wait"":24.0,""unstarted"":0},{""node"":""N7"",""tasks"":2,""started"":2,""wait"":22.5,""unstarted"":0},{""node"":""N8"",""tasks"":2,""started"":2,""wait"":24.5,""unstarted"":0}]"
13,0.75,18,low,rolling_forecast,12,12,1.0,14.416666666666666,11.4,603,12,0,0,302,0,0,0,0.0888297999772476,14,0,0.17720685111989457,0,"[{""node"":""N3"",""tasks"":1,""started"":1,""wait"":6.0,""unstarted"":0},{""node"":""N4"",""tasks"":3,""started"":3,""wait"":12.0,""unstarted"":0},{""node"":""N5"",""tasks"":3,""started"":3,""wait"":13.333333333333334,""unstarted"":0},{""node"":""N6"",""tasks"":1,""started"":1,""wait"":15.0,""unstarted"":0},{""node"":""N7"",""tasks"":2,""started"":2,""wait"":18.0,""unstarted"":0},{""node"":""N8"",""tasks"":2,""started"":2,""wait"":20.0,""unstarted"":0}]"
13,0.75,18,low,static,4,12,0.4,13.5,13.5,216,4,20,0,104,0,0,0,0.019285000002128072,1,0,0.23148148148148148,2,"[{""node"":""N3"",""tasks"":1,""started"":1,""wait"":6.0,""unstarted"":0},{""node"":""N4"",""tasks"":3,""started"":1,""wait"":11.0,""unstarted"":2},{""node"":""N5"",""tasks"":3,""started"":1,""wait"":16.0,""unstarted"":2},{""node"":""N6"",""tasks"":1,""started"":0,""wait"":null,""unstarted"":1},{""node"":""N7"",""tasks"":2,""started"":1,""wait"":21.0,""unstarted"":1},{""node"":""N8"",""tasks"":2,""started"":0,""wait"":null,""unstarted"":2}]"
13,0.75,18,medium,greedy,18,24,1.0,23.4,19.6,1796,20,12,40,301,7,8,0,0.012988900023628958,18,18,0.3435419440745672,1,"[{""node"":""N3"",""tasks"":2,""started"":2,""wait"":3.5,""unstarted"":0},{""node"":""N4"",""tasks"":6,""started"":6,""wait"":20.0,""unstarted"":0},{""node"":""N5"",""tasks"":6,""started"":6,""wait"":21.666666666666668,""unstarted"":0},{""node"":""N6"",""tasks"":2,""started"":0,""wait"":null,""unstarted"":2},{""node"":""N7"",""tasks"":4,""started"":4,""wait"":25.5,""unstarted"":0},{""node"":""N8"",""tasks"":4,""started"":2,""wait"":54.5,""unstarted"":2}]"
13,0.75,18,medium,rolling,23,24,0.9,21.25,23.8,1900,24,3,0,298,0,0,0,0.47960830001102295,18,0,0.23201692524682652,0,"[{""node"":""N3"",""tasks"":2,""started"":2,""wait"":3.5,""unstarted"":0},{""node"":""N4"",""tasks"":6,""started"":6,""wait"":22.833333333333332,""unstarted"":0},{""node"":""N5"",""tasks"":6,""started"":6,""wait"":25.833333333333332,""unstarted"":0},{""node"":""N6"",""tasks"":2,""started"":2,""wait"":26.5,""unstarted"":0},{""node"":""N7"",""tasks"":4,""started"":4,""wait"":12.25,""unstarted"":0},{""node"":""N8"",""tasks"":4,""started"":4,""wait"":27.25,""unstarted"":0}]"
13,0.75,18,medium,rolling_forecast,22,24,0.9,21.347826086956523,26.9,1967,23,5,5,303,0,3,0,0.6173166999942623,18,0,0.23143413683954223,0,"[{""node"":""N3"",""tasks"":2,""started"":2,""wait"":3.5,""unstarted"":0},{""node"":""N4"",""tasks"":6,""started"":6,""wait"":27.333333333333332,""unstarted"":0},{""node"":""N5"",""tasks"":6,""started"":6,""wait"":26.5,""unstarted"":0},{""node"":""N6"",""tasks"":2,""started"":1,""wait"":22.0,""unstarted"":1},{""node"":""N7"",""tasks"":4,""started"":4,""wait"":13.75,""unstarted"":0},{""node"":""N8"",""tasks"":4,""started"":4,""wait"":21.0,""unstarted"":0}]"
13,0.75,18,medium,static,4,24,0.2,13.5,13.5,216,4,49,0,104,0,0,0,0.01880749998963438,1,0,0.23148148148148148,2,"[{""node"":""N3"",""tasks"":2,""started"":1,""wait"":6.0,""unstarted"":1},{""node"":""N4"",""tasks"":6,""started"":1,""wait"":11.0,""unstarted"":5},{""node"":""N5"",""tasks"":6,""started"":1,""wait"":16.0,""unstarted"":5},{""node"":""N6"",""tasks"":2,""started"":0,""wait"":null,""unstarted"":2},{""node"":""N7"",""tasks"":4,""started"":1,""wait"":21.0,""unstarted"":3},{""node"":""N8"",""tasks"":4,""started"":0,""wait"":null,""unstarted"":4}]"
13,1,26,high,greedy,25,36,0.9333333333333333,23.423076923076923,24.466666666666665,2561,26,23,21,428,37,23,0,0.04850399999122601,22,22,0.21480314960629926,1,"[{""node"":""N3"",""tasks"":3,""started"":3,""wait"":6.333333333333333,""unstarted"":0},{""node"":""N4"",""tasks"":9,""started"":9,""wait"":24.0,""unstarted"":0},{""node"":""N5"",""tasks"":9,""started"":9,""wait"":29.333333333333332,""unstarted"":0},{""node"":""N6"",""tasks"":3,""started"":0,""wait"":null,""unstarted"":3},{""node"":""N7"",""tasks"":6,""started"":3,""wait"":17.666666666666668,""unstarted"":3},{""node"":""N8"",""tasks"":6,""started"":2,""wait"":28.5,""unstarted"":4}]"
13,1,26,high,rolling,35,36,0.9333333333333333,21.583333333333332,21.666666666666668,2877,36,3,28,419,8,8,0,2.2541853000002448,22,0,0.2037037037037037,0,"[{""node"":""N3"",""tasks"":3,""started"":3,""wait"":6.333333333333333,""unstarted"":0},{""node"":""N4"",""tasks"":9,""started"":9,""wait"":18.555555555555557,""unstarted"":0},{""node"":""N5"",""tasks"":9,""started"":9,""wait"":30.11111111111111,""unstarted"":0},{""node"":""N6"",""tasks"":3,""started"":3,""wait"":17.333333333333332,""unstarted"":0},{""node"":""N7"",""tasks"":6,""started"":6,""wait"":19.666666666666668,""unstarted"":0},{""node"":""N8"",""tasks"":6,""started"":6,""wait"":25.0,""unstarted"":0}]"
13,1,26,high,rolling_forecast,25,36,0.7333333333333333,23.964285714285715,24.916666666666668,2569,28,27,81,387,8,25,0,2.55243199999677,22,0,0.16424151195852157,0,"[{""node"":""N3"",""tasks"":3,""started"":3,""wait"":6.333333333333333,""unstarted"":0},{""node"":""N4"",""tasks"":9,""started"":8,""wait"":25.5,""unstarted"":1},{""node"":""N5"",""tasks"":9,""started"":6,""wait"":26.833333333333332,""unstarted"":3},{""node"":""N6"",""tasks"":3,""started"":1,""wait"":21.0,""unstarted"":2},{""node"":""N7"",""tasks"":6,""started"":5,""wait"":28.8,""unstarted"":1},{""node"":""N8"",""tasks"":6,""started"":5,""wait"":24.4,""unstarted"":1}]"
13,1,26,high,static,4,36,0.13333333333333333,13.5,13.5,216,4,78,0,104,0,0,0,0.023593699996126816,1,0,0.23148148148148148,2,"[{""node"":""N3"",""tasks"":3,""started"":1,""wait"":6.0,""unstarted"":2},{""node"":""N4"",""tasks"":9,""started"":1,""wait"":11.0,""unstarted"":8},{""node"":""N5"",""tasks"":9,""started"":1,""wait"":16.0,""unstarted"":8},{""node"":""N6"",""tasks"":3,""started"":0,""wait"":null,""unstarted"":3},{""node"":""N7"",""tasks"":6,""started"":1,""wait"":21.0,""unstarted"":5},{""node"":""N8"",""tasks"":6,""started"":0,""wait"":null,""unstarted"":6}]"
13,1,26,low,greedy,12,12,1.0,15.416666666666666,11.4,641,12,0,0,289,0,0,0,0.004029899995657615,14,14,0.2136672850958565,0,"[{""node"":""N3"",""tasks"":1,""started"":1,""wait"":6.0,""unstarted"":0},{""node"":""N4"",""tasks"":3,""started"":3,""wait"":12.0,""unstarted"":0},{""node"":""N5"",""tasks"":3,""started"":3,""wait"":13.333333333333334,""unstarted"":0},{""node"":""N6"",""tasks"":1,""started"":1,""wait"":14.0,""unstarted"":0},{""node"":""N7"",""tasks"":2,""started"":2,""wait"":21.0,""unstarted"":0},{""node"":""N8"",""tasks"":2,""started"":2,""wait"":23.5,""unstarted"":0}]"
13,1,26,low,rolling,12,12,1.0,15.416666666666666,11.4,641,12,0,0,289,0,0,0,0.10884499998064712,14,0,0.2136672850958565,0,"[{""node"":""N3"",""tasks"":1,""started"":1,""wait"":6.0,""unstarted"":0},{""node"":""N4"",""tasks"":3,""started"":3,""wait"":12.0,""unstarted"":0},{""node"":""N5"",""tasks"":3,""started"":3,""wait"":13.333333333333334,""unstarted"":0},{""node"":""N6"",""tasks"":1,""started"":1,""wait"":14.0,""unstarted"":0},{""node"":""N7"",""tasks"":2,""started"":2,""wait"":21.0,""unstarted"":0},{""node"":""N8"",""tasks"":2,""started"":2,""wait"":23.5,""unstarted"":0}]"
13,1,26,low,rolling_forecast,12,12,1.0,14.166666666666666,11.4,596,12,0,0,330,0,0,0,0.10196999997424427,14,0,0.16936572199730093,0,"[{""node"":""N3"",""tasks"":1,""started"":1,""wait"":6.0,""unstarted"":0},{""node"":""N4"",""tasks"":3,""started"":3,""wait"":12.0,""unstarted"":0},{""node"":""N5"",""tasks"":3,""started"":3,""wait"":13.333333333333334,""unstarted"":0},{""node"":""N6"",""tasks"":1,""started"":1,""wait"":14.0,""unstarted"":0},{""node"":""N7"",""tasks"":2,""started"":2,""wait"":18.0,""unstarted"":0},{""node"":""N8"",""tasks"":2,""started"":2,""wait"":19.0,""unstarted"":0}]"
13,1,26,low,static,4,12,0.4,13.5,13.5,216,4,20,0,104,0,0,0,0.02082890000019688,1,0,0.23148148148148148,2,"[{""node"":""N3"",""tasks"":1,""started"":1,""wait"":6.0,""unstarted"":0},{""node"":""N4"",""tasks"":3,""started"":1,""wait"":11.0,""unstarted"":2},{""node"":""N5"",""tasks"":3,""started"":1,""wait"":16.0,""unstarted"":2},{""node"":""N6"",""tasks"":1,""started"":0,""wait"":null,""unstarted"":1},{""node"":""N7"",""tasks"":2,""started"":1,""wait"":21.0,""unstarted"":1},{""node"":""N8"",""tasks"":2,""started"":0,""wait"":null,""unstarted"":2}]"
13,1,26,medium,greedy,24,24,1.0,18.333333333333332,14.4,1554,24,0,10,374,1,3,0,0.012185199986561202,18,18,0.2864923747276689,0,"[{""node"":""N3"",""tasks"":2,""started"":2,""wait"":3.5,""unstarted"":0},{""node"":""N4"",""tasks"":6,""started"":6,""wait"":14.166666666666666,""unstarted"":0},{""node"":""N5"",""tasks"":6,""started"":6,""wait"":18.833333333333332,""unstarted"":0},{""node"":""N6"",""tasks"":2,""started"":2,""wait"":13.5,""unstarted"":0},{""node"":""N7"",""tasks"":4,""started"":4,""wait"":17.25,""unstarted"":0},{""node"":""N8"",""tasks"":4,""started"":4,""wait"":34.75,""unstarted"":0}]"
13,1,26,medium,rolling,24,24,1.0,16.833333333333332,15.1,1460,24,0,0,353,0,0,0,0.39543500005675014,18,0,0.2357980162308386,0,"[{""node"":""N3"",""tasks"":2,""started"":2,""wait"":3.5,""unstarted"":0},{""node"":""N4"",""tasks"":6,""started"":6,""wait"":14.5,""unstarted"":0},{""node"":""N5"",""tasks"":6,""started"":6,""wait"":19.666666666666668,""unstarted"":0},{""node"":""N6"",""tasks"":2,""started"":2,""wait"":13.5,""unstarted"":0},{""node"":""N7"",""tasks"":4,""started"":4,""wait"":15.5,""unstarted"":0},{""node"":""N8"",""tasks"":4,""started"":4,""wait"":25.75,""unstarted"":0}]"
13,1,26,medium,rolling_forecast,24,24,1.0,14.916666666666666,14.3,1306,24,0,0,373,0,2,0,0.4543383999407524,18,0,0.17449778685733747,0,"[{""node"":""N3"",""tasks"":2,""started"":2,""wait"":3.5,""unstarted"":0},{""node"":""N4"",""tasks"":6,""started"":6,""wait"":15.666666666666666,""unstarted"":0},{""node"":""N5"",""tasks"":6,""started"":6,""wait"":17.166666666666668,""unstarted"":0},{""node"":""N6"",""tasks"":2,""started"":2,""wait"":13.5,""unstarted"":0},{""node"":""N7"",""tasks"":4,""started"":4,""wait"":13.75,""unstarted"":0},{""node"":""N8"",""tasks"":4,""started"":4,""wait"":18.0,""unstarted"":0}]"
13,1,26,medium,static,4,24,0.2,13.5,13.5,216,4,49,0,104,0,0,0,0.033082800000556745,1,0,0.23148148148148148,2,"[{""node"":""N3"",""tasks"":2,""started"":1,""wait"":6.0,""unstarted"":1},{""node"":""N4"",""tasks"":6,""started"":1,""wait"":11.0,""unstarted"":5},{""node"":""N5"",""tasks"":6,""started"":1,""wait"":16.0,""unstarted"":5},{""node"":""N6"",""tasks"":2,""started"":0,""wait"":null,""unstarted"":2},{""node"":""N7"",""tasks"":4,""started"":1,""wait"":21.0,""unstarted"":3},{""node"":""N8"",""tasks"":4,""started"":0,""wait"":null,""unstarted"":4}]"
14,0.35,8,high,greedy,12,36,0.26666666666666666,26.076923076923077,41.0,1427,13,62,62,130,2,2,0,0.044117099896539,22,22,0.24284436493738826,2,"[{""node"":""N3"",""tasks"":3,""started"":3,""wait"":12.666666666666666,""unstarted"":0},{""node"":""N4"",""tasks"":9,""started"":5,""wait"":41.0,""unstarted"":4},{""node"":""N5"",""tasks"":9,""started"":0,""wait"":null,""unstarted"":9},{""node"":""N6"",""tasks"":3,""started"":0,""wait"":null,""unstarted"":3},{""node"":""N7"",""tasks"":6,""started"":3,""wait"":17.0,""unstarted"":3},{""node"":""N8"",""tasks"":6,""started"":2,""wait"":22.5,""unstarted"":4}]"
14,0.35,8,high,rolling,12,36,0.2,28.0,23.666666666666668,1234,13,63,73,163,9,15,0,1.7383243000222137,22,0,0.28401609363569863,2,"[{""node"":""N3"",""tasks"":3,""started"":3,""wait"":12.666666666666666,""unstarted"":0},{""node"":""N4"",""tasks"":9,""started"":3,""wait"":23.666666666666668,""unstarted"":6},{""node"":""N5"",""tasks"":9,""started"":0,""wait"":null,""unstarted"":9},{""node"":""N6"",""tasks"":3,""started"":0,""wait"":null,""unstarted"":3},{""node"":""N7"",""tasks"":6,""started"":4,""wait"":22.25,""unstarted"":2},{""node"":""N8"",""tasks"":6,""started"":3,""wait"":55.333333333333336,""unstarted"":3}]"
14,0.35,8,high,rolling_forecast,12,36,0.2,28.0,23.666666666666668,1234,13,63,73,163,10,15,0,1.5108118999924045,22,0,0.28401609363569863,2,"[{""node"":""N3"",""tasks"":3,""started"":3,""wait"":12.666666666666666,""unstarted"":0},{""node"":""N4"",""tasks"":9,""started"":3,""wait"":23.666666666666668,""unstarted"":6},{""node"":""N5"",""tasks"":9,""started"":0,""wait"":null,""unstarted"":9},{""node"":""N6"",""tasks"":3,""started"":0,""wait"":null,""unstarted"":3},{""node"":""N7"",""tasks"":6,""started"":4,""wait"":22.25,""unstarted"":2},{""node"":""N8"",""tasks"":6,""started"":3,""wait"":55.333333333333336,""unstarted"":3}]"
14,0.35,8,high,static,3,36,0.06666666666666667,16.0,16.0,176,3,81,0,86,0,0,0,0.007689200007007457,1,0,0.19444444444444445,3,"[{""node"":""N3"",""tasks"":3,""started"":1,""wait"":9.0,""unstarted"":2},{""node"":""N4"",""tasks"":9,""started"":1,""wait"":16.0,""unstarted"":8},{""node"":""N5"",""tasks"":9,""started"":0,""wait"":null,""unstarted"":9},{""node"":""N6"",""tasks"":3,""started"":0,""wait"":null,""unstarted"":3},{""node"":""N7"",""tasks"":6,""started"":1,""wait"":23.0,""unstarted"":5},{""node"":""N8"",""tasks"":6,""started"":0,""wait"":null,""unstarted"":6}]"
14,0.35,8,low,greedy,7,12,0.6,32.285714285714285,18.0,786,7,13,60,143,1,3,0,0.006936200050404295,14,14,0.4336336336336336,1,"[{""node"":""N3"",""tasks"":1,""started"":1,""wait"":9.0,""unstarted"":0},{""node"":""N4"",""tasks"":3,""started"":2,""wait"":21.0,""unstarted"":1},{""node"":""N5"",""tasks"":3,""started"":1,""wait"":12.0,""unstarted"":2},{""node"":""N6"",""tasks"":1,""started"":0,""wait"":null,""unstarted"":1},{""node"":""N7"",""tasks"":2,""started"":2,""wait"":38.5,""unstarted"":0},{""node"":""N8"",""tasks"":2,""started"":1,""wait"":86.0,""unstarted"":1}]"
14,0.35,8,low,rolling,7,12,0.6,24.142857142857142,26.333333333333332,665,7,13,0,155,0,2,0,0.15262089998577721,14,0,0.22033898305084745,1,"[{""node"":""N3"",""tasks"":1,""started"":1,""wait"":9.0,""unstarted"":0},{""node"":""N4"",""tasks"":3,""started"":2,""wait"":21.0,""unstarted"":1},{""node"":""N5"",""tasks"":3,""started"":1,""wait"":37.0,""unstarted"":2},{""node"":""N6"",""tasks"":1,""started"":0,""wait"":null,""unstarted"":1},{""node"":""N7"",""tasks"":2,""started"":2,""wait"":30.0,""unstarted"":0},{""node"":""N8"",""tasks"":2,""started"":1,""wait"":21.0,""unstarted"":1}]"
14,0.35,8,low,rolling_forecast,7,12,0.6,24.142857142857142,26.333333333333332,665,7,13,0,155,0,2,0,0.13686050001706462,14,0,0.22033898305084745,1,"[{""node"":""N3"",""tasks"":1,""started"":1,""wait"":9.0,""unstarted"":0},{""node"":""N4"",""tasks"":3,""started"":2,""wait"":21.0,""unstarted"":1},{""node"":""N5"",""tasks"":3,""started"":1,""wait"":37.0,""unstarted"":2},{""node"":""N6"",""tasks"":1,""started"":0,""wait"":null,""unstarted"":1},{""node"":""N7"",""tasks"":2,""started"":2,""wait"":30.0,""unstarted"":0},{""node"":""N8"",""tasks"":2,""started"":1,""wait"":21.0,""unstarted"":1}]"
14,0.35,8,low,static,3,12,0.2,16.0,16.0,176,3,23,0,86,0,0,0,0.009451899997657165,1,0,0.19444444444444445,3,"[{""node"":""N3"",""tasks"":1,""started"":1,""wait"":9.0,""unstarted"":0},{""node"":""N4"",""tasks"":3,""started"":1,""wait"":16.0,""unstarted"":2},{""node"":""N5"",""tasks"":3,""started"":0,""wait"":null,""unstarted"":3},{""node"":""N6"",""tasks"":1,""started"":0,""wait"":null,""unstarted"":1},{""node"":""N7"",""tasks"":2,""started"":1,""wait"":23.0,""unstarted"":1},{""node"":""N8"",""tasks"":2,""started"":0,""wait"":null,""unstarted"":2}]"
14,0.35,8,medium,greedy,9,24,0.4,25.4,37.6,1138,10,38,40,145,3,0,0,0.01924209999560844,18,18,0.3335907335907336,1,"[{""node"":""N3"",""tasks"":2,""started"":2,""wait"":7.5,""unstarted"":0},{""node"":""N4"",""tasks"":6,""started"":4,""wait"":34.0,""unstarted"":2},{""node"":""N5"",""tasks"":6,""started"":1,""wait"":52.0,""unstarted"":5},{""node"":""N6"",""tasks"":2,""started"":0,""wait"":null,""unstarted"":2},{""node"":""N7"",""tasks"":4,""started"":2,""wait"":15.0,""unstarted"":2},{""node"":""N8"",""tasks"":4,""started"":1,""wait"":21.0,""unstarted"":3}]"
14,0.35,8,medium,rolling,10,24,0.4,24.181818181818183,37.6,1174,11,36,40,145,4,3,0,0.7241149000037694,18,0,0.3456,1,"[{""node"":""N3"",""tasks"":2,""started"":2,""wait"":7.5,""unstarted"":0},{""node"":""N4"",""tasks"":6,""started"":4,""wait"":34.0,""unstarted"":2},{""node"":""N5"",""tasks"":6,""started"":1,""wait"":52.0,""unstarted"":5},{""node"":""N6"",""tasks"":2,""started"":0,""wait"":null,""unstarted"":2},{""node"":""N7"",""tasks"":4,""started"":2,""wait"":15.0,""unstarted"":2},{""node"":""N8"",""tasks"":4,""started"":2,""wait"":16.5,""unstarted"":2}]"
14,0.35,8,medium,rolling_forecast,10,24,0.4,24.181818181818183,37.6,1174,11,36,40,145,4,3,0,0.743267099984223,18,0,0.3456,1,"[{""node"":""N3"",""tasks"":2,""started"":2,""wait"":7.5,""unstarted"":0},{""node"":""N4"",""tasks"":6,""started"":4,""wait"":34.0,""unstarted"":2},{""node"":""N5"",""tasks"":6,""started"":1,""wait"":52.0,""unstarted"":5},{""node"":""N6"",""tasks"":2,""started"":0,""wait"":null,""unstarted"":2},{""node"":""N7"",""tasks"":4,""started"":2,""wait"":15.0,""unstarted"":2},{""node"":""N8"",""tasks"":4,""started"":2,""wait"":16.5,""unstarted"":2}]"
14,0.35,8,medium,static,3,24,0.1,16.0,16.0,176,3,52,0,86,0,0,0,0.007941599993500859,1,0,0.19444444444444445,3,"[{""node"":""N3"",""tasks"":2,""started"":1,""wait"":9.0,""unstarted"":1},{""node"":""N4"",""tasks"":6,""started"":1,""wait"":16.0,""unstarted"":5},{""node"":""N5"",""tasks"":6,""started"":0,""wait"":null,""unstarted"":6},{""node"":""N6"",""tasks"":2,""started"":0,""wait"":null,""unstarted"":2},{""node"":""N7"",""tasks"":4,""started"":1,""wait"":23.0,""unstarted"":3},{""node"":""N8"",""tasks"":4,""started"":0,""wait"":null,""unstarted"":4}]"
14,0.5,11,high,greedy,15,36,0.4666666666666667,32.625,42.25,2242,16,53,127,206,15,13,0,0.047056599985808134,22,22,0.21511591641542782,1,"[{""node"":""N3"",""tasks"":3,""started"":3,""wait"":12.666666666666666,""unstarted"":0},{""node"":""N4"",""tasks"":9,""started"":5,""wait"":48.4,""unstarted"":4},{""node"":""N5"",""tasks"":9,""started"":3,""wait"":32.0,""unstarted"":6},{""node"":""N6"",""tasks"":3,""started"":0,""wait"":null,""unstarted"":3},{""node"":""N7"",""tasks"":6,""started"":4,""wait"":26.25,""unstarted"":2},{""node"":""N8"",""tasks"":6,""started"":1,""wait"":41.0,""unstarted"":5}]"
14,0.5,11,high,rolling,17,36,0.5333333333333333,34.85,39.7,2885,20,48,158,260,10,40,0,2.881060199957574,22,0,0.22948025264439542,1,"[{""node"":""N3"",""tasks"":3,""started"":3,""wait"":16.0,""unstarted"":0},{""node"":""N4"",""tasks"":9,""started"":7,""wait"":31.428571428571427,""unstarted"":2},{""node"":""N5"",""tasks"":9,""started"":3,""wait"":59.0,""unstarted"":6},{""node"":""N6"",""tasks"":3,""started"":0,""wait"":null,""unstarted"":3},{""node"":""N7"",""tasks"":6,""started"":5,""wait"":29.8,""unstarted"":1},{""node"":""N8"",""tasks"":6,""started"":2,""wait"":51.5,""unstarted"":4}]"
14,0.5,11,high,rolling_forecast,13,36,0.3333333333333333,35.666666666666664,46.42857142857143,2255,15,59,156,223,15,51,0,2.6103931999969063,22,6,0.23613562470970742,1,"[{""node"":""N3"",""tasks"":3,""started"":3,""wait"":17.333333333333332,""unstarted"":0},{""node"":""N4"",""tasks"":9,""started"":4,""wait"":50.25,""unstarted"":5},{""node"":""N5"",""tasks"":9,""started"":3,""wait"":41.333333333333336,""unstarted"":6},{""node"":""N6"",""tasks"":3,""started"":0,""wait"":null,""unstarted"":3},{""node"":""N7"",""tasks"":6,""started"":3,""wait"":17.0,""unstarted"":3},{""node"":""N8"",""tasks"":6,""started"":2,""wait"":53.5,""unstarted"":4}]"
14,0.5,11,high,static,4,36,0.13333333333333333,16.5,17.0,266,4,78,0,129,0,0,0,0.015632900001946837,1,0,0.16666666666666666,2,"[{""node"":""N3"",""tasks"":3,""started"":1,""wait"":9.0,""unstarted"":2},{""node"":""N4"",""tasks"":9,""started"":1,""wait"":16.0,""unstarted"":8},{""node"":""N5"",""tasks"":9,""started"":1,""wait"":18.0,""unstarted"":8},{""node"":""N6"",""tasks"":3,""started"":0,""wait"":null,""unstarted"":3},{""node"":""N7"",""tasks"":6,""started"":1,""wait"":23.0,""unstarted"":5},{""node"":""N8"",""tasks"":6,""started"":0,""wait"":null,""unstarted"":6}]"
14,0.5,11,low,greedy,10,12,1.0,28.2,20.4,1050,10,5,26,243,0,1,0,0.005800999977509491,14,14,0.30669975186104226,1,"[{""node"":""N3"",""tasks"":1,""started"":1,""wait"":9.0,""unstarted"":0},{""node"":""N4"",""tasks"":3,""started"":3,""wait"":22.333333333333332,""unstarted"":0},{""node"":""N5"",""tasks"":3,""started"":2,""wait"":17.5,""unstarted"":1},{""node"":""N6"",""tasks"":1,""started"":0,""wait"":null,""unstarted"":1},{""node"":""N7"",""tasks"":2,""started"":2,""wait"":32.5,""unstarted"":0},{""node"":""N8"",""tasks"":2,""started"":2,""wait"":53.0,""unstarted"":0}]"
14,0.5,11,low,rolling,10,12,1.0,24.1,24.6,969,10,5,6,236,0,0,0,0.13223979997565039,14,0,0.14821428571428572,1,"[{""node"":""N3"",""tasks"":1,""started"":1,""wait"":9.0,""unstarted"":0},{""node"":""N4"",""tasks"":3,""started"":3,""wait"":26.0,""unstarted"":0},{""node"":""N5"",""tasks"":3,""started"":2,""wait"":22.5,""unstarted"":1},{""node"":""N6"",""tasks"":1,""started"":0,""wait"":null,""unstarted"":1},{""node"":""N7"",""tasks"":2,""started"":2,""wait"":27.0,""unstarted"":0},{""node"":""N8"",""tasks"":2,""started"":2,""wait"":27.5,""unstarted"":0}]"
14,0.5,11,low,rolling_forecast,10,12,1.0,24.1,24.6,969,10,5,6,236,0,0,0,0.12294820003444329,14,0,0.14821428571428572,1,"[{""node"":""N3"",""tasks"":1,""started"":1,""wait"":9.0,""unstarted"":0},{""node"":""N4"",""tasks"":3,""started"":3,""wait"":26.0,""unstarted"":0},{""node"":""N5"",""tasks"":3,""started"":2,""wait"":22.5,""unstarted"":1},{""node"":""N6"",""tasks"":1,""started"":0,""wait"":null,""unstarted"":1},{""node"":""N7"",""tasks"":2,""started"":2,""wait"":27.0,""unstarted"":0},{""node"":""N8"",""tasks"":2,""started"":2,""wait"":27.5,""unstarted"":0}]"
14,0.5,11,low,static,4,12,0.4,16.5,17.0,266,4,20,0,129,0,0,0,0.009592400005203672,1,0,0.16666666666666666,2,"[{""node"":""N3"",""tasks"":1,""started"":1,""wait"":9.0,""unstarted"":0},{""node"":""N4"",""tasks"":3,""started"":1,""wait"":16.0,""unstarted"":2},{""node"":""N5"",""tasks"":3,""started"":1,""wait"":18.0,""unstarted"":2},{""node"":""N6"",""tasks"":1,""started"":0,""wait"":null,""unstarted"":1},{""node"":""N7"",""tasks"":2,""started"":1,""wait"":23.0,""unstarted"":1},{""node"":""N8"",""tasks"":2,""started"":0,""wait"":null,""unstarted"":2}]"
14,0.5,11,medium,greedy,13,24,0.8,27.214285714285715,35.0,1773,14,26,51,203,16,8,0,0.01894879991596099,18,18,0.2674591381872214,1,"[{""node"":""N3"",""tasks"":2,""started"":2,""wait"":7.5,""unstarted"":0},{""node"":""N4"",""tasks"":6,""started"":6,""wait"":36.333333333333336,""unstarted"":0},{""node"":""N5"",""tasks"":6,""started"":3,""wait"":32.333333333333336,""unstarted"":3},{""node"":""N6"",""tasks"":2,""started"":0,""wait"":null,""unstarted"":2},{""node"":""N7"",""tasks"":4,""started"":2,""wait"":15.0,""unstarted"":2},{""node"":""N8"",""tasks"":4,""started"":1,""wait"":21.0,""unstarted"":3}]"
14,0.5,11,medium,rolling,16,24,0.8,23.823529411764707,32.77777777777778,1805,17,20,26,230,7,8,0,0.9276689999824157,18,0,0.25918173168411035,1,"[{""node"":""N3"",""tasks"":2,""started"":2,""wait"":7.5,""unstarted"":0},{""node"":""N4"",""tasks"":6,""started"":5,""wait"":32.6,""unstarted"":1},{""node"":""N5"",""tasks"":6,""started"":4,""wait"":33.0,""unstarted"":2},{""node"":""N6"",""tasks"":2,""started"":0,""wait"":null,""unstarted"":2},{""node"":""N7"",""tasks"":4,""started"":4,""wait"":15.5,""unstarted"":0},{""node"":""N8"",""tasks"":4,""started"":2,""wait"":16.5,""unstarted"":2}]"
14,0.5,11,medium,rolling_forecast,16,24,0.8,23.823529411764707,32.77777777777778,1805,17,20,26,230,7,8,0,0.872020099996007,18,0,0.25918173168411035,1,"[{""node"":""N3"",""tasks"":2,""started"":2,""wait"":7.5,""unstarted"":0},{""node"":""N4"",""tasks"":6,""started"":5,""wait"":32.6,""unstarted"":1},{""node"":""N5"",""tasks"":6,""started"":4,""wait"":33.0,""unstarted"":2},{""node"":""N6"",""tasks"":2,""started"":0,""wait"":null,""unstarted"":2},{""node"":""N7"",""tasks"":4,""started"":4,""wait"":15.5,""unstarted"":0},{""node"":""N8"",""tasks"":4,""started"":2,""wait"":16.5,""unstarted"":2}]"
14,0.5,11,medium,static,4,24,0.2,16.5,17.0,266,4,49,0,129,0,0,0,0.011892599999555387,1,0,0.16666666666666666,2,"[{""node"":""N3"",""tasks"":2,""started"":1,""wait"":9.0,""unstarted"":1},{""node"":""N4"",""tasks"":6,""started"":1,""wait"":16.0,""unstarted"":5},{""node"":""N5"",""tasks"":6,""started"":1,""wait"":18.0,""unstarted"":5},{""node"":""N6"",""tasks"":2,""started"":0,""wait"":null,""unstarted"":2},{""node"":""N7"",""tasks"":4,""started"":1,""wait"":23.0,""unstarted"":3},{""node"":""N8"",""tasks"":4,""started"":0,""wait"":null,""unstarted"":4}]"
14,0.75,18,high,greedy,22,36,0.6,28.16,37.666666666666664,2942,25,34,109,382,21,12,0,0.04309880001528654,22,22,0.2780059905862216,0,"[{""node"":""N3"",""tasks"":3,""started"":3,""wait"":7.0,""unstarted"":0},{""node"":""N4"",""tasks"":9,""started"":7,""wait"":39.857142857142854,""unstarted"":2},{""node"":""N5"",""tasks"":9,""started"":8,""wait"":34.25,""unstarted"":1},{""node"":""N6"",""tasks"":3,""started"":2,""wait"":18.5,""unstarted"":1},{""node"":""N7"",""tasks"":6,""started"":3,""wait"":14.0,""unstarted"":3},{""node"":""N8"",""tasks"":6,""started"":2,""wait"":25.5,""unstarted"":4}]"
14,0.75,18,high,rolling,25,36,0.6666666666666666,29.25925925925926,38.916666666666664,3258,27,27,145,397,19,43,0,3.086297999980161,22,2,0.2481534429354301,0,"[{""node"":""N3"",""tasks"":3,""started"":3,""wait"":7.0,""unstarted"":0},{""node"":""N4"",""tasks"":9,""started"":8,""wait"":40.25,""unstarted"":1},{""node"":""N5"",""tasks"":9,""started"":7,""wait"":35.142857142857146,""unstarted"":2},{""node"":""N6"",""tasks"":3,""started"":1,""wait"":23.0,""unstarted"":2},{""node"":""N7"",""tasks"":6,""started"":4,""wait"":17.5,""unstarted"":2},{""node"":""N8"",""tasks"":6,""started"":4,""wait"":27.0,""unstarted"":2}]"
14,0.75,18,high,rolling_forecast,22,36,0.5333333333333333,30.22222222222222,38.0,3128,27,36,167,372,14,40,0,2.6091109999542823,22,1,0.25307394306889003,0,"[{""node"":""N3"",""tasks"":3,""started"":3,""wait"":7.0,""unstarted"":0},{""node"":""N4"",""tasks"":9,""started"":6,""wait"":37.666666666666664,""unstarted"":3},{""node"":""N5"",""tasks"":9,""started"":8,""wait"":41.5,""unstarted"":1},{""node"":""N6"",""tasks"":3,""started"":2,""wait"":39.0,""unstarted"":1},{""node"":""N7"",""tasks"":6,""started"":4,""wait"":21.25,""unstarted"":2},{""node"":""N8"",""tasks"":6,""started"":4,""wait"":18.5,""unstarted"":2}]"
14,0.75,18,high,static,4,36,0.13333333333333333,13.5,14.0,218,4,78,0,110,0,0,0,0.020653700004913844,1,0,0.2037037037037037,2,"[{""node"":""N3"",""tasks"":3,""started"":1,""wait"":6.0,""unstarted"":2},{""node"":""N4"",""tasks"":9,""started"":1,""wait"":13.0,""unstarted"":8},{""node"":""N5"",""tasks"":9,""started"":1,""wait"":15.0,""unstarted"":8},{""node"":""N6"",""tasks"":3,""started"":0,""wait"":null,""unstarted"":3},{""node"":""N7"",""tasks"":6,""started"":1,""wait"":20.0,""unstarted"":5},{""node"":""N8"",""tasks"":6,""started"":0,""wait"":null,""unstarted"":6}]"
14,0.75,18,low,greedy,12,12,1.0,15.583333333333334,12.4,651,12,0,0,273,0,0,0,0.004462200013222173,14,14,0.18727272727272729,0,"[{""node"":""N3"",""tasks"":1,""started"":1,""wait"":6.0,""unstarted"":0},{""node"":""N4"",""tasks"":3,""started"":3,""wait"":14.0,""unstarted"":0},{""node"":""N5"",""tasks"":3,""started"":3,""wait"":12.666666666666666,""unstarted"":0},{""node"":""N6"",""tasks"":1,""started"":1,""wait"":17.0,""unstarted"":0},{""node"":""N7"",""tasks"":2,""started"":2,""wait"":21.0,""unstarted"":0},{""node"":""N8"",""tasks"":2,""started"":2,""wait"":21.0,""unstarted"":0}]"
14,0.75,18,low,rolling,12,12,1.0,15.583333333333334,12.4,651,12,0,0,273,0,0,0,0.08594349994382355,14,0,0.18727272727272729,0,"[{""node"":""N3"",""tasks"":1,""started"":1,""wait"":6.0,""unstarted"":0},{""node"":""N4"",""tasks"":3,""started"":3,""wait"":14.0,""unstarted"":0},{""node"":""N5"",""tasks"":3,""started"":3,""wait"":12.666666666666666,""unstarted"":0},{""node"":""N6"",""tasks"":1,""started"":1,""wait"":17.0,""unstarted"":0},{""node"":""N7"",""tasks"":2,""started"":2,""wait"":21.0,""unstarted"":0},{""node"":""N8"",""tasks"":2,""started"":2,""wait"":21.0,""unstarted"":0}]"
14,0.75,18,low,rolling_forecast,12,12,1.0,13.833333333333334,12.4,594,12,0,0,300,0,0,0,0.08771770000748802,14,0,0.13389121338912133,0,"[{""node"":""N3"",""tasks"":1,""started"":1,""wait"":6.0,""unstarted"":0},{""node"":""N4"",""tasks"":3,""started"":3,""wait"":14.0,""unstarted"":0},{""node"":""N5"",""tasks"":3,""started"":3,""wait"":12.666666666666666,""unstarted"":0},{""node"":""N6"",""tasks"":1,""started"":1,""wait"":14.0,""unstarted"":0},{""node"":""N7"",""tasks"":2,""started"":2,""wait"":16.5,""unstarted"":0},{""node"":""N8"",""tasks"":2,""started"":2,""wait"":16.5,""unstarted"":0}]"
14,0.75,18,low,static,4,12,0.4,13.5,14.0,218,4,20,0,110,0,0,0,0.017989800006034784,1,0,0.2037037037037037,2,"[{""node"":""N3"",""tasks"":1,""started"":1,""wait"":6.0,""unstarted"":0},{""node"":""N4"",""tasks"":3,""started"":1,""wait"":13.0,""unstarted"":2},{""node"":""N5"",""tasks"":3,""started"":1,""wait"":15.0,""unstarted"":2},{""node"":""N6"",""tasks"":1,""started"":0,""wait"":null,""unstarted"":1},{""node"":""N7"",""tasks"":2,""started"":1,""wait"":20.0,""unstarted"":1},{""node"":""N8"",""tasks"":2,""started"":0,""wait"":null,""unstarted"":2}]"
14,0.75,18,medium,greedy,18,24,1.0,23.8,21.2,1852,20,12,45,313,7,6,0,0.013857800004188903,18,18,0.3297969875573019,1,"[{""node"":""N3"",""tasks"":2,""started"":2,""wait"":4.5,""unstarted"":0},{""node"":""N4"",""tasks"":6,""started"":6,""wait"":22.166666666666668,""unstarted"":0},{""node"":""N5"",""tasks"":6,""started"":6,""wait"":20.833333333333332,""unstarted"":0},{""node"":""N6"",""tasks"":2,""started"":0,""wait"":null,""unstarted"":2},{""node"":""N7"",""tasks"":4,""started"":4,""wait"":24.75,""unstarted"":0},{""node"":""N8"",""tasks"":4,""started"":2,""wait"":55.0,""unstarted"":2}]"
14,0.75,18,medium,rolling,23,24,0.9,21.708333333333332,25.0,1961,24,3,2,302,0,0,0,0.5467879999778233,18,0,0.22710367271036733,0,"[{""node"":""N3"",""tasks"":2,""started"":2,""wait"":4.5,""unstarted"":0},{""node"":""N4"",""tasks"":6,""started"":6,""wait"":24.666666666666668,""unstarted"":0},{""node"":""N5"",""tasks"":6,""started"":6,""wait"":26.833333333333332,""unstarted"":0},{""node"":""N6"",""tasks"":2,""started"":2,""wait"":25.5,""unstarted"":0},{""node"":""N7"",""tasks"":4,""started"":4,""wait"":10.75,""unstarted"":0},{""node"":""N8"",""tasks"":4,""started"":4,""wait"":27.25,""unstarted"":0}]"
14,0.75,18,medium,rolling_forecast,23,24,0.9,21.5,27.8,2002,24,3,10,306,0,3,0,0.628096700005699,18,0,0.2522166307213036,0,"[{""node"":""N3"",""tasks"":2,""started"":2,""wait"":4.5,""unstarted"":0},{""node"":""N4"",""tasks"":6,""started"":6,""wait"":29.333333333333332,""unstarted"":0},{""node"":""N5"",""tasks"":6,""started"":6,""wait"":26.833333333333332,""unstarted"":0},{""node"":""N6"",""tasks"":2,""started"":2,""wait"":25.5,""unstarted"":0},{""node"":""N7"",""tasks"":4,""started"":4,""wait"":12.5,""unstarted"":0},{""node"":""N8"",""tasks"":4,""started"":4,""wait"":17.25,""unstarted"":0}]"
14,0.75,18,medium,static,4,24,0.2,13.5,14.0,218,4,49,0,110,0,0,0,0.01864979999663774,1,0,0.2037037037037037,2,"[{""node"":""N3"",""tasks"":2,""started"":1,""wait"":6.0,""unstarted"":1},{""node"":""N4"",""tasks"":6,""started"":1,""wait"":13.0,""unstarted"":5},{""node"":""N5"",""tasks"":6,""started"":1,""wait"":15.0,""unstarted"":5},{""node"":""N6"",""tasks"":2,""started"":0,""wait"":null,""unstarted"":2},{""node"":""N7"",""tasks"":4,""started"":1,""wait"":20.0,""unstarted"":3},{""node"":""N8"",""tasks"":4,""started"":0,""wait"":null,""unstarted"":4}]"
14,1,26,high,greedy,24,36,0.8,27.26923076923077,32.857142857142854,3009,26,27,66,441,48,18,0,0.05419980001170188,22,22,0.25105569409808803,0,"[{""node"":""N3"",""tasks"":3,""started"":3,""wait"":7.0,""unstarted"":0},{""node"":""N4"",""tasks"":9,""started"":8,""wait"":35.125,""unstarted"":1},{""node"":""N5"",""tasks"":9,""started"":9,""wait"":31.11111111111111,""unstarted"":0},{""node"":""N6"",""tasks"":3,""started"":1,""wait"":19.0,""unstarted"":2},{""node"":""N7"",""tasks"":6,""started"":3,""wait"":14.0,""unstarted"":3},{""node"":""N8"",""tasks"":6,""started"":2,""wait"":33.0,""unstarted"":4}]"
14,1,26,high,rolling,35,36,0.9333333333333333,23.555555555555557,24.4,3162,36,3,31,389,15,14,0,2.6761223999637878,22,0,0.19724505985864701,0,"[{""node"":""N3"",""tasks"":3,""started"":3,""wait"":7.0,""unstarted"":0},{""node"":""N4"",""tasks"":9,""started"":9,""wait"":20.77777777777778,""unstarted"":0},{""node"":""N5"",""tasks"":9,""started"":9,""wait"":31.11111111111111,""unstarted"":0},{""node"":""N6"",""tasks"":3,""started"":3,""wait"":19.0,""unstarted"":0},{""node"":""N7"",""tasks"":6,""started"":6,""wait"":21.166666666666668,""unstarted"":0},{""node"":""N8"",""tasks"":6,""started"":6,""wait"":29.333333333333332,""unstarted"":0}]"
14,1,26,high,rolling_forecast,25,36,0.8,29.266666666666666,32.333333333333336,3604,30,25,155,449,21,57,0,2.6164820999547374,22,6,0.18617590413010915,1,"[{""node"":""N3"",""tasks"":3,""started"":3,""wait"":7.0,""unstarted"":0},{""node"":""N4"",""tasks"":9,""started"":9,""wait"":33.44444444444444,""unstarted"":0},{""node"":""N5"",""tasks"":9,""started"":9,""wait"":34.111111111111114,""unstarted"":0},{""node"":""N6"",""tasks"":3,""started"":0,""wait"":null,""unstarted"":3},{""node"":""N7"",""tasks"":6,""started"":4,""wait"":27.25,""unstarted"":2},{""node"":""N8"",""tasks"":6,""started"":5,""wait"":28.0,""unstarted"":1}]"
14,1,26,high,static,4,36,0.13333333333333333,13.5,14.0,218,4,78,0,110,0,0,0,0.027739200013456866,1,0,0.2037037037037037,2,"[{""node"":""N3"",""tasks"":3,""started"":1,""wait"":6.0,""unstarted"":2},{""node"":""N4"",""tasks"":9,""started"":1,""wait"":13.0,""unstarted"":8},{""node"":""N5"",""tasks"":9,""started"":1,""wait"":15.0,""unstarted"":8},{""node"":""N6"",""tasks"":3,""started"":0,""wait"":null,""unstarted"":3},{""node"":""N7"",""tasks"":6,""started"":1,""wait"":20.0,""unstarted"":5},{""node"":""N8"",""tasks"":6,""started"":0,""wait"":null,""unstarted"":6}]"
14,1,26,low,greedy,12,12,1.0,15.166666666666666,12.4,642,12,0,0,282,0,0,0,0.0038292999961413443,14,14,0.1844106463878327,0,"[{""node"":""N3"",""tasks"":1,""started"":1,""wait"":6.0,""unstarted"":0},{""node"":""N4"",""tasks"":3,""started"":3,""wait"":14.0,""unstarted"":0},{""node"":""N5"",""tasks"":3,""started"":3,""wait"":12.666666666666666,""unstarted"":0},{""node"":""N6"",""tasks"":1,""started"":1,""wait"":14.0,""unstarted"":0},{""node"":""N7"",""tasks"":2,""started"":2,""wait"":20.0,""unstarted"":0},{""node"":""N8"",""tasks"":2,""started"":2,""wait"":21.0,""unstarted"":0}]"
14,1,26,low,rolling,12,12,1.0,15.166666666666666,12.4,642,12,0,0,282,0,0,0,0.09634399999049492,14,0,0.1844106463878327,0,"[{""node"":""N3"",""tasks"":1,""started"":1,""wait"":6.0,""unstarted"":0},{""node"":""N4"",""tasks"":3,""started"":3,""wait"":14.0,""unstarted"":0},{""node"":""N5"",""tasks"":3,""started"":3,""wait"":12.666666666666666,""unstarted"":0},{""node"":""N6"",""tasks"":1,""started"":1,""wait"":14.0,""unstarted"":0},{""node"":""N7"",""tasks"":2,""started"":2,""wait"":20.0,""unstarted"":0},{""node"":""N8"",""tasks"":2,""started"":2,""wait"":21.0,""unstarted"":0}]"
14,1,26,low,rolling_forecast,12,12,1.0,13.25,11.4,567,12,0,0,313,0,0,0,0.09706510000978597,14,0,0.15570175438596492,0,"[{""node"":""N3"",""tasks"":1,""started"":1,""wait"":6.0,""unstarted"":0},{""node"":""N4"",""tasks"":3,""started"":3,""wait"":14.0,""unstarted"":0},{""node"":""N5"",""tasks"":3,""started"":3,""wait"":11.0,""unstarted"":0},{""node"":""N6"",""tasks"":1,""started"":1,""wait"":12.0,""unstarted"":0},{""node"":""N7"",""tasks"":2,""started"":2,""wait"":16.5,""unstarted"":0},{""node"":""N8"",""tasks"":2,""started"":2,""wait"":16.5,""unstarted"":0}]"
14,1,26,low,static,4,12,0.4,13.5,14.0,218,4,20,0,110,0,0,0,0.023460100012016483,1,0,0.2037037037037037,2,"[{""node"":""N3"",""tasks"":1,""started"":1,""wait"":6.0,""unstarted"":0},{""node"":""N4"",""tasks"":3,""started"":1,""wait"":13.0,""unstarted"":2},{""node"":""N5"",""tasks"":3,""started"":1,""wait"":15.0,""unstarted"":2},{""node"":""N6"",""tasks"":1,""started"":0,""wait"":null,""unstarted"":1},{""node"":""N7"",""tasks"":2,""started"":1,""wait"":20.0,""unstarted"":1},{""node"":""N8"",""tasks"":2,""started"":0,""wait"":null,""unstarted"":2}]"
14,1,26,medium,greedy,24,24,1.0,17.625,15.6,1531,24,0,12,396,1,1,0,0.01145500001439359,18,18,0.2693185058454519,0,"[{""node"":""N3"",""tasks"":2,""started"":2,""wait"":4.5,""unstarted"":0},{""node"":""N4"",""tasks"":6,""started"":6,""wait"":16.666666666666668,""unstarted"":0},{""node"":""N5"",""tasks"":6,""started"":6,""wait"":17.0,""unstarted"":0},{""node"":""N6"",""tasks"":2,""started"":2,""wait"":12.5,""unstarted"":0},{""node"":""N7"",""tasks"":4,""started"":4,""wait"":14.0,""unstarted"":0},{""node"":""N8"",""tasks"":4,""started"":4,""wait"":32.75,""unstarted"":0}]"
14,1,26,medium,rolling,24,24,1.0,16.916666666666668,16.0,1488,24,0,0,361,0,1,0,0.5017323000793112,18,0,0.24057450628366248,0,"[{""node"":""N3"",""tasks"":2,""started"":2,""wait"":4.5,""unstarted"":0},{""node"":""N4"",""tasks"":6,""started"":6,""wait"":17.0,""unstarted"":0},{""node"":""N5"",""tasks"":6,""started"":6,""wait"":17.333333333333332,""unstarted"":0},{""node"":""N6"",""tasks"":2,""started"":2,""wait"":12.5,""unstarted"":0},{""node"":""N7"",""tasks"":4,""started"":4,""wait"":13.75,""unstarted"":0},{""node"":""N8"",""tasks"":4,""started"":4,""wait"":27.75,""unstarted"":0}]"
14,1,26,medium,rolling_forecast,24,24,1.0,15.208333333333334,16.2,1369,24,0,0,386,0,2,0,0.4699605999630876,18,0,0.18250758341759354,0,"[{""node"":""N3"",""tasks"":2,""started"":2,""wait"":4.5,""unstarted"":0},{""node"":""N4"",""tasks"":6,""started"":6,""wait"":18.333333333333332,""unstarted"":0},{""node"":""N5"",""tasks"":6,""started"":6,""wait"":16.333333333333332,""unstarted"":0},{""node"":""N6"",""tasks"":2,""started"":2,""wait"":12.5,""unstarted"":0},{""node"":""N7"",""tasks"":4,""started"":4,""wait"":12.5,""unstarted"":0},{""node"":""N8"",""tasks"":4,""started"":4,""wait"":18.25,""unstarted"":0}]"
14,1,26,medium,static,4,24,0.2,13.5,14.0,218,4,49,0,110,0,0,0,0.02488140000787098,1,0,0.2037037037037037,2,"[{""node"":""N3"",""tasks"":2,""started"":1,""wait"":6.0,""unstarted"":1},{""node"":""N4"",""tasks"":6,""started"":1,""wait"":13.0,""unstarted"":5},{""node"":""N5"",""tasks"":6,""started"":1,""wait"":15.0,""unstarted"":5},{""node"":""N6"",""tasks"":2,""started"":0,""wait"":null,""unstarted"":2},{""node"":""N7"",""tasks"":4,""started"":1,""wait"":20.0,""unstarted"":3},{""node"":""N8"",""tasks"":4,""started"":0,""wait"":null,""unstarted"":4}]"
15,0.35,8,high,greedy,12,36,0.26666666666666666,25.923076923076923,42.2,1433,13,62,63,116,5,3,0,0.04423920001136139,22,22,0.2765358051617594,2,"[{""node"":""N3"",""tasks"":3,""started"":3,""wait"":10.333333333333334,""unstarted"":0},{""node"":""N4"",""tasks"":9,""started"":5,""wait"":42.2,""unstarted"":4},{""node"":""N5"",""tasks"":9,""started"":0,""wait"":null,""unstarted"":9},{""node"":""N6"",""tasks"":3,""started"":0,""wait"":null,""unstarted"":3},{""node"":""N7"",""tasks"":6,""started"":3,""wait"":16.666666666666668,""unstarted"":3},{""node"":""N8"",""tasks"":6,""started"":2,""wait"":22.5,""unstarted"":4}]"
15,0.35,8,high,rolling,12,36,0.2,28.0,25.666666666666668,1246,13,63,74,146,9,17,0,1.7795611000183271,22,0,0.3059619604974397,2,"[{""node"":""N3"",""tasks"":3,""started"":3,""wait"":10.333333333333334,""unstarted"":0},{""node"":""N4"",""tasks"":9,""started"":3,""wait"":25.666666666666668,""unstarted"":6},{""node"":""N5"",""tasks"":9,""started"":0,""wait"":null,""unstarted"":9},{""node"":""N6"",""tasks"":3,""started"":0,""wait"":null,""unstarted"":3},{""node"":""N7"",""tasks"":6,""started"":4,""wait"":22.25,""unstarted"":2},{""node"":""N8"",""tasks"":6,""started"":3,""wait"":55.666666666666664,""unstarted"":3}]"
15,0.35,8,high,rolling_forecast,12,36,0.2,28.0,25.666666666666668,1246,13,63,74,146,14,18,0,1.6523675999924308,22,0,0.3059619604974397,2,"[{""node"":""N3"",""tasks"":3,""started"":3,""wait"":10.333333333333334,""unstarted"":0},{""node"":""N4"",""tasks"":9,""started"":3,""wait"":25.666666666666668,""unstarted"":6},{""node"":""N5"",""tasks"":9,""started"":0,""wait"":null,""unstarted"":9},{""node"":""N6"",""tasks"":3,""started"":0,""wait"":null,""unstarted"":3},{""node"":""N7"",""tasks"":6,""started"":4,""wait"":22.25,""unstarted"":2},{""node"":""N8"",""tasks"":6,""started"":3,""wait"":55.666666666666664,""unstarted"":3}]"
15,0.35,8,high,static,3,36,0.06666666666666667,14.666666666666666,16.0,164,3,81,0,76,0,0,0,0.004752799999550916,1,0,0.24242424242424243,3,"[{""node"":""N3"",""tasks"":3,""started"":1,""wait"":6.0,""unstarted"":2},{""node"":""N4"",""tasks"":9,""started"":1,""wait"":16.0,""unstarted"":8},{""node"":""N5"",""tasks"":9,""started"":0,""wait"":null,""unstarted"":9},{""node"":""N6"",""tasks"":3,""started"":0,""wait"":null,""unstarted"":3},{""node"":""N7"",""tasks"":6,""started"":1,""wait"":22.0,""unstarted"":5},{""node"":""N8"",""tasks"":6,""started"":0,""wait"":null,""unstarted"":6}]"
15,0.35,8,low,greedy,7,12,0.6,30.571428571428573,15.333333333333334,734,7,13,60,122,1,3,0,0.006967300025280565,14,14,0.4858974358974359,1,"[{""node"":""N3"",""tasks"":1,""started"":1,""wait"":6.0,""unstarted"":0},{""node"":""N4"",""tasks"":3,""started"":2,""wait"":19.5,""unstarted"":1},{""node"":""N5"",""tasks"":3,""started"":1,""wait"":7.0,""unstarted"":2},{""node"":""N6"",""tasks"":1,""started"":0,""wait"":null,""unstarted"":1},{""node"":""N7"",""tasks"":2,""started"":2,""wait"":38.5,""unstarted"":0},{""node"":""N8"",""tasks"":2,""started"":1,""wait"":85.0,""unstarted"":1}]"
15,0.35,8,low,rolling,7,12,0.6,22.857142857142858,25.0,630,7,13,0,140,0,2,0,0.13773829996353015,14,0,0.24355555555555555,1,"[{""node"":""N3"",""tasks"":1,""started"":1,""wait"":6.0,""unstarted"":0},{""node"":""N4"",""tasks"":3,""started"":2,""wait"":19.5,""unstarted"":1},{""node"":""N5"",""tasks"":3,""started"":1,""wait"":36.0,""unstarted"":2},{""node"":""N6"",""tasks"":1,""started"":0,""wait"":null,""unstarted"":1},{""node"":""N7"",""tasks"":2,""started"":2,""wait"":28.0,""unstarted"":0},{""node"":""N8"",""tasks"":2,""started"":1,""wait"":23.0,""unstarted"":1}]"
15,0.35,8,low,rolling_forecast,7,12,0.6,22.857142857142858,25.0,630,7,13,0,140,0,2,0,0.14116129999456462,14,0,0.24355555555555555,1,"[{""node"":""N3"",""tasks"":1,""started"":1,""wait"":6.0,""unstarted"":0},{""node"":""N4"",""tasks"":3,""started"":2,""wait"":19.5,""unstarted"":1},{""node"":""N5"",""tasks"":3,""started"":1,""wait"":36.0,""unstarted"":2},{""node"":""N6"",""tasks"":1,""started"":0,""wait"":null,""unstarted"":1},{""node"":""N7"",""tasks"":2,""started"":2,""wait"":28.0,""unstarted"":0},{""node"":""N8"",""tasks"":2,""started"":1,""wait"":23.0,""unstarted"":1}]"
15,0.35,8,low,static,3,12,0.2,14.666666666666666,16.0,164,3,23,0,76,0,0,0,0.005171199998585507,1,0,0.24242424242424243,3,"[{""node"":""N3"",""tasks"":1,""started"":1,""wait"":6.0,""unstarted"":0},{""node"":""N4"",""tasks"":3,""started"":1,""wait"":16.0,""unstarted"":2},{""node"":""N5"",""tasks"":3,""started"":0,""wait"":null,""unstarted"":3},{""node"":""N6"",""tasks"":1,""started"":0,""wait"":null,""unstarted"":1},{""node"":""N7"",""tasks"":2,""started"":1,""wait"":22.0,""unstarted"":1},{""node"":""N8"",""tasks"":2,""started"":0,""wait"":null,""unstarted"":2}]"
15,0.35,8,medium,greedy,9,24,0.4,25.9,38.6,1163,10,38,40,128,2,2,0,0.019344099986483343,18,18,0.3398496240601504,1,"[{""node"":""N3"",""tasks"":2,""started"":2,""wait"":5.0,""unstarted"":0},{""node"":""N4"",""tasks"":6,""started"":4,""wait"":35.5,""unstarted"":2},{""node"":""N5"",""tasks"":6,""started"":1,""wait"":51.0,""unstarted"":5},{""node"":""N6"",""tasks"":2,""started"":0,""wait"":null,""unstarted"":2},{""node"":""N7"",""tasks"":4,""started"":2,""wait"":14.5,""unstarted"":2},{""node"":""N8"",""tasks"":4,""started"":1,""wait"":27.0,""unstarted"":3}]"
15,0.35,8,medium,rolling,10,24,0.4,23.636363636363637,35.6,1136,11,36,30,128,3,5,0,0.6088591999723576,18,0,0.2951111111111111,1,"[{""node"":""N3"",""tasks"":2,""started"":2,""wait"":5.0,""unstarted"":0},{""node"":""N4"",""tasks"":6,""started"":4,""wait"":35.5,""unstarted"":2},{""node"":""N5"",""tasks"":6,""started"":1,""wait"":36.0,""unstarted"":5},{""node"":""N6"",""tasks"":2,""started"":0,""wait"":null,""unstarted"":2},{""node"":""N7"",""tasks"":4,""started"":2,""wait"":14.5,""unstarted"":2},{""node"":""N8"",""tasks"":4,""started"":2,""wait"":21.5,""unstarted"":2}]"
15,0.35,8,medium,rolling_forecast,10,24,0.4,23.636363636363637,35.6,1136,11,36,30,128,3,5,0,0.623642699996708,18,0,0.2951111111111111,1,"[{""node"":""N3"",""tasks"":2,""started"":2,""wait"":5.0,""unstarted"":0},{""node"":""N4"",""tasks"":6,""started"":4,""wait"":35.5,""unstarted"":2},{""node"":""N5"",""tasks"":6,""started"":1,""wait"":36.0,""unstarted"":5},{""node"":""N6"",""tasks"":2,""started"":0,""wait"":null,""unstarted"":2},{""node"":""N7"",""tasks"":4,""started"":2,""wait"":14.5,""unstarted"":2},{""node"":""N8"",""tasks"":4,""started"":2,""wait"":21.5,""unstarted"":2}]"
15,0.35,8,medium,static,3,24,0.1,14.666666666666666,16.0,164,3,52,0,76,0,0,0,0.007621500000823289,1,0,0.24242424242424243,3,"[{""node"":""N3"",""tasks"":2,""started"":1,""wait"":6.0,""unstarted"":1},{""node"":""N4"",""tasks"":6,""started"":1,""wait"":16.0,""unstarted"":5},{""node"":""N5"",""tasks"":6,""started"":0,""wait"":null,""unstarted"":6},{""node"":""N6"",""tasks"":2,""started"":0,""wait"":null,""unstarted"":2},{""node"":""N7"",""tasks"":4,""started"":1,""wait"":22.0,""unstarted"":3},{""node"":""N8"",""tasks"":4,""started"":0,""wait"":null,""unstarted"":4}]"
15,0.5,11,high,greedy,15,36,0.4666666666666667,33.375,43.5,2298,16,53,138,200,13,17,0,0.05051189995720051,22,22,0.2231391585760518,1,"[{""node"":""N3"",""tasks"":3,""started"":3,""wait"":10.333333333333334,""unstarted"":0},{""node"":""N4"",""tasks"":9,""started"":5,""wait"":48.8,""unstarted"":4},{""node"":""N5"",""tasks"":9,""started"":3,""wait"":34.666666666666664,""unstarted"":6},{""node"":""N6"",""tasks"":3,""started"":0,""wait"":null,""unstarted"":3},{""node"":""N7"",""tasks"":6,""started"":4,""wait"":28.0,""unstarted"":2},{""node"":""N8"",""tasks"":6,""started"":1,""wait"":43.0,""unstarted"":5}]"
15,0.5,11,high,rolling,15,36,0.4666666666666667,30.058823529411764,38.375,2147,17,53,100,252,9,43,0,3.1432534999912605,22,2,0.18702460850111852,1,"[{""node"":""N3"",""tasks"":3,""started"":3,""wait"":10.333333333333334,""unstarted"":0},{""node"":""N4"",""tasks"":9,""started"":5,""wait"":37.0,""unstarted"":4},{""node"":""N5"",""tasks"":9,""started"":3,""wait"":40.666666666666664,""unstarted"":6},{""node"":""N6"",""tasks"":3,""started"":0,""wait"":null,""unstarted"":3},{""node"":""N7"",""tasks"":6,""started"":5,""wait"":28.0,""unstarted"":1},{""node"":""N8"",""tasks"":6,""started"":1,""wait"":33.0,""unstarted"":5}]"
15,0.5,11,high,rolling_forecast,15,36,0.4666666666666667,34.6875,37.42857142857143,2189,16,53,180,225,13,39,0,2.5628639000060502,22,5,0.3559350982066609,1,"[{""node"":""N3"",""tasks"":3,""started"":3,""wait"":10.333333333333334,""unstarted"":0},{""node"":""N4"",""tasks"":9,""started"":4,""wait"":21.0,""unstarted"":5},{""node"":""N5"",""tasks"":9,""started"":3,""wait"":59.333333333333336,""unstarted"":6},{""node"":""N6"",""tasks"":3,""started"":0,""wait"":null,""unstarted"":3},{""node"":""N7"",""tasks"":6,""started"":4,""wait"":26.5,""unstarted"":2},{""node"":""N8"",""tasks"":6,""started"":2,""wait"":78.0,""unstarted"":4}]"
15,0.5,11,high,static,4,36,0.13333333333333333,15.25,16.5,249,4,78,0,125,0,0,0,0.011729599995305762,1,0,0.22540983606557377,2,"[{""node"":""N3"",""tasks"":3,""started"":1,""wait"":6.0,""unstarted"":2},{""node"":""N4"",""tasks"":9,""started"":1,""wait"":13.0,""unstarted"":8},{""node"":""N5"",""tasks"":9,""started"":1,""wait"":20.0,""unstarted"":8},{""node"":""N6"",""tasks"":3,""started"":0,""wait"":null,""unstarted"":3},{""node"":""N7"",""tasks"":6,""started"":1,""wait"":22.0,""unstarted"":5},{""node"":""N8"",""tasks"":6,""started"":0,""wait"":null,""unstarted"":6}]"
15,0.5,11,low,greedy,9,12,1.0,30.5,21.6,1131,10,7,44,235,0,2,0,0.0055640000209677964,14,14,0.3391003460207612,1,"[{""node"":""N3"",""tasks"":1,""started"":1,""wait"":6.0,""unstarted"":0},{""node"":""N4"",""tasks"":3,""started"":3,""wait"":22.0,""unstarted"":0},{""node"":""N5"",""tasks"":3,""started"":2,""wait"":21.0,""unstarted"":1},{""node"":""N6"",""tasks"":1,""started"":0,""wait"":null,""unstarted"":1},{""node"":""N7"",""tasks"":2,""started"":2,""wait"":35.5,""unstarted"":0},{""node"":""N8"",""tasks"":2,""started"":2,""wait"":60.0,""unstarted"":0}]"
15,0.5,11,low,rolling,10,12,1.0,26.5,26.4,1059,10,5,6,229,0,0,0,0.1651726999989478,14,0,0.1967479674796748,1,"[{""node"":""N3"",""tasks"":1,""started"":1,""wait"":6.0,""unstarted"":0},{""node"":""N4"",""tasks"":3,""started"":3,""wait"":25.0,""unstarted"":0},{""node"":""N5"",""tasks"":3,""started"":2,""wait"":28.5,""unstarted"":1},{""node"":""N6"",""tasks"":1,""started"":0,""wait"":null,""unstarted"":1},{""node"":""N7"",""tasks"":2,""started"":2,""wait"":29.5,""unstarted"":0},{""node"":""N8"",""tasks"":2,""started"":2,""wait"":34.0,""unstarted"":0}]"
15,0.5,11,low,rolling_forecast,10,12,1.0,26.5,26.4,1059,10,5,6,229,0,0,0,0.1445988000195939,14,0,0.1967479674796748,1,"[{""node"":""N3"",""tasks"":1,""started"":1,""wait"":6.0,""unstarted"":0},{""node"":""N4"",""tasks"":3,""started"":3,""wait"":25.0,""unstarted"":0},{""node"":""N5"",""tasks"":3,""started"":2,""wait"":28.5,""unstarted"":1},{""node"":""N6"",""tasks"":1,""started"":0,""wait"":null,""unstarted"":1},{""node"":""N7"",""tasks"":2,""started"":2,""wait"":29.5,""unstarted"":0},{""node"":""N8"",""tasks"":2,""started"":2,""wait"":34.0,""unstarted"":0}]"
15,0.5,11,low,static,4,12,0.4,15.25,16.5,249,4,20,0,125,0,0,0,0.015611099996021949,1,0,0.22540983606557377,2,"[{""node"":""N3"",""tasks"":1,""started"":1,""wait"":6.0,""unstarted"":0},{""node"":""N4"",""tasks"":3,""started"":1,""wait"":13.0,""unstarted"":2},{""node"":""N5"",""tasks"":3,""started"":1,""wait"":20.0,""unstarted"":2},{""node"":""N6"",""tasks"":1,""started"":0,""wait"":null,""unstarted"":1},{""node"":""N7"",""tasks"":2,""started"":1,""wait"":22.0,""unstarted"":1},{""node"":""N8"",""tasks"":2,""started"":0,""wait"":null,""unstarted"":2}]"
15,0.5,11,medium,greedy,13,24,0.8,27.357142857142858,35.666666666666664,1791,14,26,53,189,12,4,0,0.020905199999106117,18,18,0.2920353982300885,1,"[{""node"":""N3"",""tasks"":2,""started"":2,""wait"":5.0,""unstarted"":0},{""node"":""N4"",""tasks"":6,""started"":6,""wait"":36.5,""unstarted"":0},{""node"":""N5"",""tasks"":6,""started"":3,""wait"":34.0,""unstarted"":3},{""node"":""N6"",""tasks"":2,""started"":0,""wait"":null,""unstarted"":2},{""node"":""N7"",""tasks"":4,""started"":2,""wait"":14.5,""unstarted"":2},{""node"":""N8"",""tasks"":4,""started"":1,""wait"":23.0,""unstarted"":3}]"
15,0.5,11,medium,rolling,16,24,0.9,26.41176470588235,34.1,2029,17,19,64,220,7,5,0,0.7755255999945803,18,0,0.30440251572327043,1,"[{""node"":""N3"",""tasks"":2,""started"":2,""wait"":5.0,""unstarted"":0},{""node"":""N4"",""tasks"":6,""started"":6,""wait"":25.5,""unstarted"":0},{""node"":""N5"",""tasks"":6,""started"":4,""wait"":47.0,""unstarted"":2},{""node"":""N6"",""tasks"":2,""started"":0,""wait"":null,""unstarted"":2},{""node"":""N7"",""tasks"":4,""started"":4,""wait"":18.75,""unstarted"":0},{""node"":""N8"",""tasks"":4,""started"":1,""wait"":23.0,""unstarted"":3}]"
15,0.5,11,medium,rolling_forecast,16,24,0.9,26.41176470588235,34.1,2029,17,19,64,220,7,5,0,0.8212902000232134,18,0,0.30440251572327043,1,"[{""node"":""N3"",""tasks"":2,""started"":2,""wait"":5.0,""unstarted"":0},{""node"":""N4"",""tasks"":6,""started"":6,""wait"":25.5,""unstarted"":0},{""node"":""N5"",""tasks"":6,""started"":4,""wait"":47.0,""unstarted"":2},{""node"":""N6"",""tasks"":2,""started"":0,""wait"":null,""unstarted"":2},{""node"":""N7"",""tasks"":4,""started"":4,""wait"":18.75,""unstarted"":0},{""node"":""N8"",""tasks"":4,""started"":1,""wait"":23.0,""unstarted"":3}]"
15,0.5,11,medium,static,4,24,0.2,15.25,16.5,249,4,49,0,125,0,0,0,0.015682400000514463,1,0,0.22540983606557377,2,"[{""node"":""N3"",""tasks"":2,""started"":1,""wait"":6.0,""unstarted"":1},{""node"":""N4"",""tasks"":6,""started"":1,""wait"":13.0,""unstarted"":5},{""node"":""N5"",""tasks"":6,""started"":1,""wait"":20.0,""unstarted"":5},{""node"":""N6"",""tasks"":2,""started"":0,""wait"":null,""unstarted"":2},{""node"":""N7"",""tasks"":4,""started"":1,""wait"":22.0,""unstarted"":3},{""node"":""N8"",""tasks"":4,""started"":0,""wait"":null,""unstarted"":4}]"
15,0.75,18,high,greedy,23,36,0.6,28.92,38.72727272727273,2907,25,32,121,371,26,11,0,0.044472399982623756,22,22,0.26028289596128784,0,"[{""node"":""N3"",""tasks"":3,""started"":3,""wait"":7.333333333333333,""unstarted"":0},{""node"":""N4"",""tasks"":9,""started"":6,""wait"":39.5,""unstarted"":3},{""node"":""N5"",""tasks"":9,""started"":8,""wait"":37.25,""unstarted"":1},{""node"":""N6"",""tasks"":3,""started"":3,""wait"":19.0,""unstarted"":0},{""node"":""N7"",""tasks"":6,""started"":3,""wait"":16.666666666666668,""unstarted"":3},{""node"":""N8"",""tasks"":6,""started"":2,""wait"":29.5,""unstarted"":4}]"
15,0.75,18,high,rolling,23,36,0.6,30.703703703703702,37.333333333333336,3251,27,32,152,363,31,36,0,3.2756182999874,22,6,0.25362841648329193,0,"[{""node"":""N3"",""tasks"":3,""started"":3,""wait"":7.333333333333333,""unstarted"":0},{""node"":""N4"",""tasks"":9,""started"":8,""wait"":36.625,""unstarted"":1},{""node"":""N5"",""tasks"":9,""started"":7,""wait"":37.714285714285715,""unstarted"":2},{""node"":""N6"",""tasks"":3,""started"":3,""wait"":22.0,""unstarted"":0},{""node"":""N7"",""tasks"":6,""started"":3,""wait"":18.333333333333332,""unstarted"":3},{""node"":""N8"",""tasks"":6,""started"":3,""wait"":43.0,""unstarted"":3}]"
15,0.75,18,high,rolling_forecast,23,36,0.6666666666666666,30.423076923076923,41.333333333333336,3325,26,32,209,368,15,51,0,2.776938800016069,22,2,0.2843986998916576,0,"[{""node"":""N3"",""tasks"":3,""started"":3,""wait"":7.333333333333333,""unstarted"":0},{""node"":""N4"",""tasks"":9,""started"":8,""wait"":34.0,""unstarted"":1},{""node"":""N5"",""tasks"":9,""started"":6,""wait"":47.833333333333336,""unstarted"":3},{""node"":""N6"",""tasks"":3,""started"":1,""wait"":20.0,""unstarted"":2},{""node"":""N7"",""tasks"":6,""started"":3,""wait"":16.666666666666668,""unstarted"":3},{""node"":""N8"",""tasks"":6,""started"":5,""wait"":28.0,""unstarted"":1}]"
15,0.75,18,high,static,4,36,0.13333333333333333,14.5,15.0,234,4,78,0,118,0,0,0,0.02138639999611769,1,0,0.22413793103448276,2,"[{""node"":""N3"",""tasks"":3,""started"":1,""wait"":6.0,""unstarted"":2},{""node"":""N4"",""tasks"":9,""started"":1,""wait"":13.0,""unstarted"":8},{""node"":""N5"",""tasks"":9,""started"":1,""wait"":17.0,""unstarted"":8},{""node"":""N6"",""tasks"":3,""started"":0,""wait"":null,""unstarted"":3},{""node"":""N7"",""tasks"":6,""started"":1,""wait"":22.0,""unstarted"":5},{""node"":""N8"",""tasks"":6,""started"":0,""wait"":null,""unstarted"":6}]"
15,0.75,18,low,greedy,12,12,1.0,19.416666666666668,17.0,815,12,0,0,302,0,0,0,0.004105999993043952,14,14,0.19552669552669552,0,"[{""node"":""N3"",""tasks"":1,""started"":1,""wait"":6.0,""unstarted"":0},{""node"":""N4"",""tasks"":3,""started"":3,""wait"":20.0,""unstarted"":0},{""node"":""N5"",""tasks"":3,""started"":3,""wait"":15.0,""unstarted"":0},{""node"":""N6"",""tasks"":1,""started"":1,""wait"":27.0,""unstarted"":0},{""node"":""N7"",""tasks"":2,""started"":2,""wait"":24.0,""unstarted"":0},{""node"":""N8"",""tasks"":2,""started"":2,""wait"":23.5,""unstarted"":0}]"
15,0.75,18,low,rolling,12,12,1.0,19.416666666666668,17.0,815,12,0,0,302,0,0,0,0.1206067000166513,14,0,0.19552669552669552,0,"[{""node"":""N3"",""tasks"":1,""started"":1,""wait"":6.0,""unstarted"":0},{""node"":""N4"",""tasks"":3,""started"":3,""wait"":20.0,""unstarted"":0},{""node"":""N5"",""tasks"":3,""started"":3,""wait"":15.0,""unstarted"":0},{""node"":""N6"",""tasks"":1,""started"":1,""wait"":27.0,""unstarted"":0},{""node"":""N7"",""tasks"":2,""started"":2,""wait"":24.0,""unstarted"":0},{""node"":""N8"",""tasks"":2,""started"":2,""wait"":23.5,""unstarted"":0}]"
15,0.75,18,low,rolling_forecast,12,12,1.0,17.333333333333332,17.0,760,12,0,0,313,0,0,0,0.13975980001850985,14,0,0.1564625850340136,0,"[{""node"":""N3"",""tasks"":1,""started"":1,""wait"":6.0,""unstarted"":0},{""node"":""N4"",""tasks"":3,""started"":3,""wait"":20.0,""unstarted"":0},{""node"":""N5"",""tasks"":3,""started"":3,""wait"":15.0,""unstarted"":0},{""node"":""N6"",""tasks"":1,""started"":1,""wait"":17.0,""unstarted"":0},{""node"":""N7"",""tasks"":2,""started"":2,""wait"":21.0,""unstarted"":0},{""node"":""N8"",""tasks"":2,""started"":2,""wait"":19.0,""unstarted"":0}]"
15,0.75,18,low,static,4,12,0.4,14.5,15.0,234,4,20,0,118,0,0,0,0.02281730000686366,1,0,0.22413793103448276,2,"[{""node"":""N3"",""tasks"":1,""started"":1,""wait"":6.0,""unstarted"":0},{""node"":""N4"",""tasks"":3,""started"":1,""wait"":13.0,""unstarted"":2},{""node"":""N5"",""tasks"":3,""started"":1,""wait"":17.0,""unstarted"":2},{""node"":""N6"",""tasks"":1,""started"":0,""wait"":null,""unstarted"":1},{""node"":""N7"",""tasks"":2,""started"":1,""wait"":22.0,""unstarted"":1},{""node"":""N8"",""tasks"":2,""started"":0,""wait"":null,""unstarted"":2}]"
15,0.75,18,medium,greedy,18,24,1.0,29.38095238095238,23.3,2317,21,12,117,324,12,6,0,0.01435379998292774,18,18,0.331338226990401,1,"[{""node"":""N3"",""tasks"":2,""started"":2,""wait"":5.0,""unstarted"":0},{""node"":""N4"",""tasks"":6,""started"":6,""wait"":26.333333333333332,""unstarted"":0},{""node"":""N5"",""tasks"":6,""started"":6,""wait"":21.0,""unstarted"":0},{""node"":""N6"",""tasks"":2,""started"":0,""wait"":null,""unstarted"":2},{""node"":""N7"",""tasks"":4,""started"":4,""wait"":37.25,""unstarted"":0},{""node"":""N8"",""tasks"":4,""started"":3,""wait"":58.0,""unstarted"":1}]"
15,0.75,18,medium,rolling,23,24,0.9,22.166666666666668,25.3,2000,24,3,23,375,4,0,0,0.5515527999814367,18,0,0.2624858757062147,0,"[{""node"":""N3"",""tasks"":2,""started"":2,""wait"":5.0,""unstarted"":0},{""node"":""N4"",""tasks"":6,""started"":6,""wait"":18.666666666666668,""unstarted"":0},{""node"":""N5"",""tasks"":6,""started"":6,""wait"":32.0,""unstarted"":0},{""node"":""N6"",""tasks"":2,""started"":2,""wait"":25.5,""unstarted"":0},{""node"":""N7"",""tasks"":4,""started"":4,""wait"":12.25,""unstarted"":0},{""node"":""N8"",""tasks"":4,""started"":4,""wait"":29.5,""unstarted"":0}]"
15,0.75,18,medium,rolling_forecast,21,24,0.8,23.695652173913043,29.2,2169,23,8,23,344,4,2,0,0.8745841999625554,18,0,0.21661237785016288,0,"[{""node"":""N3"",""tasks"":2,""started"":2,""wait"":5.0,""unstarted"":0},{""node"":""N4"",""tasks"":6,""started"":6,""wait"":26.666666666666668,""unstarted"":0},{""node"":""N5"",""tasks"":6,""started"":6,""wait"":32.5,""unstarted"":0},{""node"":""N6"",""tasks"":2,""started"":1,""wait"":25.0,""unstarted"":1},{""node"":""N7"",""tasks"":4,""started"":4,""wait"":18.75,""unstarted"":0},{""node"":""N8"",""tasks"":4,""started"":4,""wait"":20.0,""unstarted"":0}]"
15,0.75,18,medium,static,4,24,0.2,14.5,15.0,234,4,49,0,118,0,0,0,0.011765599992941134,1,0,0.22413793103448276,2,"[{""node"":""N3"",""tasks"":2,""started"":1,""wait"":6.0,""unstarted"":1},{""node"":""N4"",""tasks"":6,""started"":1,""wait"":13.0,""unstarted"":5},{""node"":""N5"",""tasks"":6,""started"":1,""wait"":17.0,""unstarted"":5},{""node"":""N6"",""tasks"":2,""started"":0,""wait"":null,""unstarted"":2},{""node"":""N7"",""tasks"":4,""started"":1,""wait"":22.0,""unstarted"":3},{""node"":""N8"",""tasks"":4,""started"":0,""wait"":null,""unstarted"":4}]"
15,1,26,high,greedy,25,36,0.7333333333333333,29.5,35.714285714285715,3444,28,26,90,527,26,16,0,0.04318979999516159,22,22,0.2515105015824302,0,"[{""node"":""N3"",""tasks"":3,""started"":3,""wait"":7.333333333333333,""unstarted"":0},{""node"":""N4"",""tasks"":9,""started"":8,""wait"":37.375,""unstarted"":1},{""node"":""N5"",""tasks"":9,""started"":9,""wait"":34.44444444444444,""unstarted"":0},{""node"":""N6"",""tasks"":3,""started"":1,""wait"":17.0,""unstarted"":2},{""node"":""N7"",""tasks"":6,""started"":3,""wait"":16.666666666666668,""unstarted"":3},{""node"":""N8"",""tasks"":6,""started"":4,""wait"":32.0,""unstarted"":2}]"
15,1,26,high,rolling,22,36,0.6,32.333333333333336,40.285714285714285,3669,27,34,183,485,25,53,0,3.398087499983376,22,10,0.2594804289076803,0,"[{""node"":""N3"",""tasks"":3,""started"":3,""wait"":7.333333333333333,""unstarted"":0},{""node"":""N4"",""tasks"":9,""started"":8,""wait"":42.375,""unstarted"":1},{""node"":""N5"",""tasks"":9,""started"":9,""wait"":39.111111111111114,""unstarted"":0},{""node"":""N6"",""tasks"":3,""started"":2,""wait"":19.5,""unstarted"":1},{""node"":""N7"",""tasks"":6,""started"":3,""wait"":19.0,""unstarted"":3},{""node"":""N8"",""tasks"":6,""started"":2,""wait"":32.0,""unstarted"":4}]"
15,1,26,high,rolling_forecast,25,36,0.8666666666666667,29.357142857142858,31.642857142857142,3352,28,24,117,451,23,59,0,2.669207299986738,22,8,0.16760330578512395,1,"[{""node"":""N3"",""tasks"":3,""started"":3,""wait"":7.333333333333333,""unstarted"":0},{""node"":""N4"",""tasks"":9,""started"":8,""wait"":34.0,""unstarted"":1},{""node"":""N5"",""tasks"":9,""started"":9,""wait"":31.11111111111111,""unstarted"":0},{""node"":""N6"",""tasks"":3,""started"":0,""wait"":null,""unstarted"":3},{""node"":""N7"",""tasks"":6,""started"":4,""wait"":32.5,""unstarted"":2},{""node"":""N8"",""tasks"":6,""started"":4,""wait"":29.5,""unstarted"":2}]"
15,1,26,high,static,4,36,0.13333333333333333,14.5,15.0,234,4,78,0,118,0,0,0,0.022044500001356937,1,0,0.22413793103448276,2,"[{""node"":""N3"",""tasks"":3,""started"":1,""wait"":6.0,""unstarted"":2},{""node"":""N4"",""tasks"":9,""started"":1,""wait"":13.0,""unstarted"":8},{""node"":""N5"",""tasks"":9,""started"":1,""wait"":17.0,""unstarted"":8},{""node"":""N6"",""tasks"":3,""started"":0,""wait"":null,""unstarted"":3},{""node"":""N7"",""tasks"":6,""started"":1,""wait"":22.0,""unstarted"":5},{""node"":""N8"",""tasks"":6,""started"":0,""wait"":null,""unstarted"":6}]"
15,1,26,low,greedy,12,12,1.0,18.166666666666668,17.0,792,12,0,0,291,0,0,0,0.004481399999349378,14,14,0.18292682926829268,0,"[{""node"":""N3"",""tasks"":1,""started"":1,""wait"":6.0,""unstarted"":0},{""node"":""N4"",""tasks"":3,""started"":3,""wait"":20.0,""unstarted"":0},{""node"":""N5"",""tasks"":3,""started"":3,""wait"":15.0,""unstarted"":0},{""node"":""N6"",""tasks"":1,""started"":1,""wait"":16.0,""unstarted"":0},{""node"":""N7"",""tasks"":2,""started"":2,""wait"":22.0,""unstarted"":0},{""node"":""N8"",""tasks"":2,""started"":2,""wait"":23.5,""unstarted"":0}]"
15,1,26,low,rolling,12,12,1.0,18.166666666666668,17.0,792,12,0,0,291,0,0,0,0.1767593999975361,14,0,0.18292682926829268,0,"[{""node"":""N3"",""tasks"":1,""started"":1,""wait"":6.0,""unstarted"":0},{""node"":""N4"",""tasks"":3,""started"":3,""wait"":20.0,""unstarted"":0},{""node"":""N5"",""tasks"":3,""started"":3,""wait"":15.0,""unstarted"":0},{""node"":""N6"",""tasks"":1,""started"":1,""wait"":16.0,""unstarted"":0},{""node"":""N7"",""tasks"":2,""started"":2,""wait"":22.0,""unstarted"":0},{""node"":""N8"",""tasks"":2,""started"":2,""wait"":23.5,""unstarted"":0}]"
15,1,26,low,rolling_forecast,12,12,1.0,15.666666666666666,16.2,702,12,0,0,346,0,0,0,0.16239929999574088,14,0,0.17956157317859447,0,"[{""node"":""N3"",""tasks"":1,""started"":1,""wait"":6.0,""unstarted"":0},{""node"":""N4"",""tasks"":3,""started"":3,""wait"":20.0,""unstarted"":0},{""node"":""N5"",""tasks"":3,""started"":3,""wait"":13.666666666666666,""unstarted"":0},{""node"":""N6"",""tasks"":1,""started"":1,""wait"":12.0,""unstarted"":0},{""node"":""N7"",""tasks"":2,""started"":2,""wait"":15.5,""unstarted"":0},{""node"":""N8"",""tasks"":2,""started"":2,""wait"":19.0,""unstarted"":0}]"
15,1,26,low,static,4,12,0.4,14.5,15.0,234,4,20,0,118,0,0,0,0.014404200002900325,1,0,0.22413793103448276,2,"[{""node"":""N3"",""tasks"":1,""started"":1,""wait"":6.0,""unstarted"":0},{""node"":""N4"",""tasks"":3,""started"":1,""wait"":13.0,""unstarted"":2},{""node"":""N5"",""tasks"":3,""started"":1,""wait"":17.0,""unstarted"":2},{""node"":""N6"",""tasks"":1,""started"":0,""wait"":null,""unstarted"":1},{""node"":""N7"",""tasks"":2,""started"":1,""wait"":22.0,""unstarted"":1},{""node"":""N8"",""tasks"":2,""started"":0,""wait"":null,""unstarted"":2}]"
15,1,26,medium,greedy,23,24,1.0,23.291666666666668,19.7,2009,24,2,26,441,4,2,0,0.014102900007856078,18,18,0.2824312714776633,0,"[{""node"":""N3"",""tasks"":2,""started"":2,""wait"":5.0,""unstarted"":0},{""node"":""N4"",""tasks"":6,""started"":6,""wait"":20.333333333333332,""unstarted"":0},{""node"":""N5"",""tasks"":6,""started"":6,""wait"":21.0,""unstarted"":0},{""node"":""N6"",""tasks"":2,""started"":2,""wait"":15.5,""unstarted"":0},{""node"":""N7"",""tasks"":4,""started"":4,""wait"":23.75,""unstarted"":0},{""node"":""N8"",""tasks"":4,""started"":4,""wait"":43.75,""unstarted"":0}]"
15,1,26,medium,rolling,24,24,1.0,19.708333333333332,20.2,1761,24,0,0,397,0,1,0,0.6344421999965562,18,0,0.20416343418670801,0,"[{""node"":""N3"",""tasks"":2,""started"":2,""wait"":5.0,""unstarted"":0},{""node"":""N4"",""tasks"":6,""started"":6,""wait"":20.333333333333332,""unstarted"":0},{""node"":""N5"",""tasks"":6,""started"":6,""wait"":21.833333333333332,""unstarted"":0},{""node"":""N6"",""tasks"":2,""started"":2,""wait"":15.5,""unstarted"":0},{""node"":""N7"",""tasks"":4,""started"":4,""wait"":17.75,""unstarted"":0},{""node"":""N8"",""tasks"":4,""started"":4,""wait"":27.0,""unstarted"":0}]"
15,1,26,medium,rolling_forecast,24,24,1.0,17.666666666666668,16.9,1548,24,0,0,417,0,2,0,0.5336659000022337,18,0,0.1765957446808511,0,"[{""node"":""N3"",""tasks"":2,""started"":2,""wait"":5.0,""unstarted"":0},{""node"":""N4"",""tasks"":6,""started"":6,""wait"":19.166666666666668,""unstarted"":0},{""node"":""N5"",""tasks"":6,""started"":6,""wait"":17.5,""unstarted"":0},{""node"":""N6"",""tasks"":2,""started"":2,""wait"":15.5,""unstarted"":0},{""node"":""N7"",""tasks"":4,""started"":4,""wait"":17.25,""unstarted"":0},{""node"":""N8"",""tasks"":4,""started"":4,""wait"":23.5,""unstarted"":0}]"
15,1,26,medium,static,4,24,0.2,14.5,15.0,234,4,49,0,118,0,0,0,0.020783500003744848,1,0,0.22413793103448276,2,"[{""node"":""N3"",""tasks"":2,""started"":1,""wait"":6.0,""unstarted"":1},{""node"":""N4"",""tasks"":6,""started"":1,""wait"":13.0,""unstarted"":5},{""node"":""N5"",""tasks"":6,""started"":1,""wait"":17.0,""unstarted"":5},{""node"":""N6"",""tasks"":2,""started"":0,""wait"":null,""unstarted"":2},{""node"":""N7"",""tasks"":4,""started"":1,""wait"":22.0,""unstarted"":3},{""node"":""N8"",""tasks"":4,""started"":0,""wait"":null,""unstarted"":4}]"
16,0.35,8,high,greedy,12,36,0.3333333333333333,26.692307692307693,38.0,1497,13,61,47,129,3,2,0,0.044656099984422326,22,22,0.2932859048465985,1,"[{""node"":""N3"",""tasks"":3,""started"":3,""wait"":12.333333333333334,""unstarted"":0},{""node"":""N4"",""tasks"":9,""started"":5,""wait"":33.6,""unstarted"":4},{""node"":""N5"",""tasks"":9,""started"":1,""wait"":60.0,""unstarted"":8},{""node"":""N6"",""tasks"":3,""started"":0,""wait"":null,""unstarted"":3},{""node"":""N7"",""tasks"":6,""started"":3,""wait"":19.0,""unstarted"":3},{""node"":""N8"",""tasks"":6,""started"":1,""wait"":25.0,""unstarted"":5}]"
16,0.35,8,high,rolling,13,36,0.2,25.46153846153846,19.333333333333332,1109,13,61,50,141,11,17,0,1.9282246000075247,22,0,0.26140994295028525,2,"[{""node"":""N3"",""tasks"":3,""started"":3,""wait"":12.333333333333334,""unstarted"":0},{""node"":""N4"",""tasks"":9,""started"":3,""wait"":19.333333333333332,""unstarted"":6},{""node"":""N5"",""tasks"":9,""started"":0,""wait"":null,""unstarted"":9},{""node"":""N6"",""tasks"":3,""started"":0,""wait"":null,""unstarted"":3},{""node"":""N7"",""tasks"":6,""started"":4,""wait"":24.25,""unstarted"":2},{""node"":""N8"",""tasks"":6,""started"":3,""wait"":46.333333333333336,""unstarted"":3}]"
16,0.35,8,high,rolling_forecast,11,36,0.2,30.076923076923077,37.5,1473,13,65,114,130,10,16,0,1.8115843999694334,22,0,0.27263083451202264,2,"[{""node"":""N3"",""tasks"":3,""started"":3,""wait"":12.333333333333334,""unstarted"":0},{""node"":""N4"",""tasks"":9,""started"":4,""wait"":37.5,""unstarted"":5},{""node"":""N5"",""tasks"":9,""started"":0,""wait"":null,""unstarted"":9},{""node"":""N6"",""tasks"":3,""started"":0,""wait"":null,""unstarted"":3},{""node"":""N7"",""tasks"":6,""started"":3,""wait"":19.0,""unstarted"":3},{""node"":""N8"",""tasks"":6,""started"":3,""wait"":49.0,""unstarted"":3}]"
16,0.35,8,high,static,3,36,0.06666666666666667,15.333333333333334,15.0,168,3,81,0,83,0,0,0,0.008339599997270852,1,0,0.21739130434782608,3,"[{""node"":""N3"",""tasks"":3,""started"":1,""wait"":8.0,""unstarted"":2},{""node"":""N4"",""tasks"":9,""started"":1,""wait"":15.0,""unstarted"":8},{""node"":""N5"",""tasks"":9,""started"":0,""wait"":null,""unstarted"":9},{""node"":""N6"",""tasks"":3,""started"":0,""wait"":null,""unstarted"":3},{""node"":""N7"",""tasks"":6,""started"":1,""wait"":23.0,""unstarted"":5},{""node"":""N8"",""tasks"":6,""started"":0,""wait"":null,""unstarted"":6}]"
16,0.35,8,low,greedy,7,12,0.6,36.375,16.666666666666668,973,8,13,85,141,1,1,0,0.006847100012237206,14,14,0.4349514563106796,1,"[{""node"":""N3"",""tasks"":1,""started"":1,""wait"":8.0,""unstarted"":0},{""node"":""N4"",""tasks"":3,""started"":2,""wait"":20.0,""unstarted"":1},{""node"":""N5"",""tasks"":3,""started"":1,""wait"":10.0,""unstarted"":2},{""node"":""N6"",""tasks"":1,""started"":0,""wait"":null,""unstarted"":1},{""node"":""N7"",""tasks"":2,""started"":2,""wait"":39.0,""unstarted"":0},{""node"":""N8"",""tasks"":2,""started"":2,""wait"":77.5,""unstarted"":0}]"
16,0.35,8,low,rolling,8,12,0.6,26.0,38.0,852,8,11,29,176,0,0,0,0.10797069998807274,14,0,0.2682170542635659,1,"[{""node"":""N3"",""tasks"":1,""started"":1,""wait"":8.0,""unstarted"":0},{""node"":""N4"",""tasks"":3,""started"":2,""wait"":36.0,""unstarted"":1},{""node"":""N5"",""tasks"":3,""started"":1,""wait"":42.0,""unstarted"":2},{""node"":""N6"",""tasks"":1,""started"":0,""wait"":null,""unstarted"":1},{""node"":""N7"",""tasks"":2,""started"":2,""wait"":17.5,""unstarted"":0},{""node"":""N8"",""tasks"":2,""started"":2,""wait"":25.5,""unstarted"":0}]"
16,0.35,8,low,rolling_forecast,8,12,0.6,26.0,38.0,852,8,11,29,176,0,0,0,0.10393460000341292,14,0,0.2682170542635659,1,"[{""node"":""N3"",""tasks"":1,""started"":1,""wait"":8.0,""unstarted"":0},{""node"":""N4"",""tasks"":3,""started"":2,""wait"":36.0,""unstarted"":1},{""node"":""N5"",""tasks"":3,""started"":1,""wait"":42.0,""unstarted"":2},{""node"":""N6"",""tasks"":1,""started"":0,""wait"":null,""unstarted"":1},{""node"":""N7"",""tasks"":2,""started"":2,""wait"":17.5,""unstarted"":0},{""node"":""N8"",""tasks"":2,""started"":2,""wait"":25.5,""unstarted"":0}]"
16,0.35,8,low,static,3,12,0.2,15.333333333333334,15.0,168,3,23,0,83,0,0,0,0.0059342000022297725,1,0,0.21739130434782608,3,"[{""node"":""N3"",""tasks"":1,""started"":1,""wait"":8.0,""unstarted"":0},{""node"":""N4"",""tasks"":3,""started"":1,""wait"":15.0,""unstarted"":2},{""node"":""N5"",""tasks"":3,""started"":0,""wait"":null,""unstarted"":3},{""node"":""N6"",""tasks"":1,""started"":0,""wait"":null,""unstarted"":1},{""node"":""N7"",""tasks"":2,""started"":1,""wait"":23.0,""unstarted"":1},{""node"":""N8"",""tasks"":2,""started"":0,""wait"":null,""unstarted"":2}]"
16,0.35,8,medium,greedy,10,24,0.5,23.727272727272727,32.333333333333336,1171,11,35,13,129,2,2,0,0.018250700013595633,18,18,0.2847006651884701,1,"[{""node"":""N3"",""tasks"":2,""started"":2,""wait"":7.0,""unstarted"":0},{""node"":""N4"",""tasks"":6,""started"":4,""wait"":27.75,""unstarted"":2},{""node"":""N5"",""tasks"":6,""started"":2,""wait"":41.5,""unstarted"":4},{""node"":""N6"",""tasks"":2,""started"":0,""wait"":null,""unstarted"":2},{""node"":""N7"",""tasks"":4,""started"":2,""wait"":16.5,""unstarted"":2},{""node"":""N8"",""tasks"":4,""started"":1,""wait"":20.0,""unstarted"":3}]"
16,0.35,8,medium,rolling,9,24,0.4,20.0,26.6,866,10,38,11,131,5,2,0,0.8293389000173192,18,0,0.213013698630137,1,"[{""node"":""N3"",""tasks"":2,""started"":2,""wait"":7.0,""unstarted"":0},{""node"":""N4"",""tasks"":6,""started"":3,""wait"":25.333333333333332,""unstarted"":3},{""node"":""N5"",""tasks"":6,""started"":2,""wait"":28.5,""unstarted"":4},{""node"":""N6"",""tasks"":2,""started"":0,""wait"":null,""unstarted"":2},{""node"":""N7"",""tasks"":4,""started"":2,""wait"":16.5,""unstarted"":2},{""node"":""N8"",""tasks"":4,""started"":1,""wait"":20.0,""unstarted"":3}]"
16,0.35,8,medium,rolling_forecast,9,24,0.4,20.0,26.6,866,10,38,11,131,3,7,0,0.804692400037311,18,0,0.213013698630137,1,"[{""node"":""N3"",""tasks"":2,""started"":2,""wait"":7.0,""unstarted"":0},{""node"":""N4"",""tasks"":6,""started"":3,""wait"":25.333333333333332,""unstarted"":3},{""node"":""N5"",""tasks"":6,""started"":2,""wait"":28.5,""unstarted"":4},{""node"":""N6"",""tasks"":2,""started"":0,""wait"":null,""unstarted"":2},{""node"":""N7"",""tasks"":4,""started"":2,""wait"":16.5,""unstarted"":2},{""node"":""N8"",""tasks"":4,""started"":1,""wait"":20.0,""unstarted"":3}]"
16,0.35,8,medium,static,3,24,0.1,15.333333333333334,15.0,168,3,52,0,83,0,0,0,0.005091400002129376,1,0,0.21739130434782608,3,"[{""node"":""N3"",""tasks"":2,""started"":1,""wait"":8.0,""unstarted"":1},{""node"":""N4"",""tasks"":6,""started"":1,""wait"":15.0,""unstarted"":5},{""node"":""N5"",""tasks"":6,""started"":0,""wait"":null,""unstarted"":6},{""node"":""N6"",""tasks"":2,""started"":0,""wait"":null,""unstarted"":2},{""node"":""N7"",""tasks"":4,""started"":1,""wait"":23.0,""unstarted"":3},{""node"":""N8"",""tasks"":4,""started"":0,""wait"":null,""unstarted"":4}]"
16,0.5,11,high,greedy,16,36,0.4666666666666667,34.0,40.625,2384,17,51,147,205,20,9,0,0.04643030001898296,22,22,0.24134427510746384,1,"[{""node"":""N3"",""tasks"":3,""started"":3,""wait"":12.333333333333334,""unstarted"":0},{""node"":""N4"",""tasks"":9,""started"":5,""wait"":46.6,""unstarted"":4},{""node"":""N5"",""tasks"":9,""started"":3,""wait"":30.666666666666668,""unstarted"":6},{""node"":""N6"",""tasks"":3,""started"":0,""wait"":null,""unstarted"":3},{""node"":""N7"",""tasks"":6,""started"":4,""wait"":27.0,""unstarted"":2},{""node"":""N8"",""tasks"":6,""started"":2,""wait"":54.0,""unstarted"":4}]"
16,0.5,11,high,rolling,16,36,0.4666666666666667,33.833333333333336,41.666666666666664,2577,18,51,138,243,23,46,0,3.062912400026107,22,0,0.2492725509214355,1,"[{""node"":""N3"",""tasks"":3,""started"":3,""wait"":12.333333333333334,""unstarted"":0},{""node"":""N4"",""tasks"":9,""started"":5,""wait"":32.0,""unstarted"":4},{""node"":""N5"",""tasks"":9,""started"":4,""wait"":53.75,""unstarted"":5},{""node"":""N6"",""tasks"":3,""started"":0,""wait"":null,""unstarted"":3},{""node"":""N7"",""tasks"":6,""started"":4,""wait"":24.75,""unstarted"":2},{""node"":""N8"",""tasks"":6,""started"":2,""wait"":49.0,""unstarted"":4}]"
16,0.5,11,high,rolling_forecast,15,36,0.4,38.470588235294116,41.285714285714285,2540,17,54,207,245,15,51,0,2.674209599965252,22,3,0.20424426158510173,1,"[{""node"":""N3"",""tasks"":3,""started"":3,""wait"":12.333333333333334,""unstarted"":0},{""node"":""N4"",""tasks"":9,""started"":4,""wait"":37.75,""unstarted"":5},{""node"":""N5"",""tasks"":9,""started"":3,""wait"":46.0,""unstarted"":6},{""node"":""N6"",""tasks"":3,""started"":0,""wait"":null,""unstarted"":3},{""node"":""N7"",""tasks"":6,""started"":4,""wait"":39.0,""unstarted"":2},{""node"":""N8"",""tasks"":6,""started"":3,""wait"":57.333333333333336,""unstarted"":3}]"
16,0.5,11,high,static,4,36,0.13333333333333333,15.5,15.5,248,4,78,0,123,0,0,0,0.010389999995823018,1,0,0.18548387096774194,2,"[{""node"":""N3"",""tasks"":3,""started"":1,""wait"":8.0,""unstarted"":2},{""node"":""N4"",""tasks"":9,""started"":1,""wait"":15.0,""unstarted"":8},{""node"":""N5"",""tasks"":9,""started"":1,""wait"":16.0,""unstarted"":8},{""node"":""N6"",""tasks"":3,""started"":0,""wait"":null,""unstarted"":3},{""node"":""N7"",""tasks"":6,""started"":1,""wait"":23.0,""unstarted"":5},{""node"":""N8"",""tasks"":6,""started"":0,""wait"":null,""unstarted"":6}]"
16,0.5,11,low,greedy,10,12,1.0,25.5,16.4,929,10,5,23,229,0,1,0,0.004731399967567995,14,14,0.3395918367346939,1,"[{""node"":""N3"",""tasks"":1,""started"":1,""wait"":8.0,""unstarted"":0},{""node"":""N4"",""tasks"":3,""started"":3,""wait"":18.0,""unstarted"":0},{""node"":""N5"",""tasks"":3,""started"":2,""wait"":14.0,""unstarted"":1},{""node"":""N6"",""tasks"":1,""started"":0,""wait"":null,""unstarted"":1},{""node"":""N7"",""tasks"":2,""started"":2,""wait"":31.0,""unstarted"":0},{""node"":""N8"",""tasks"":2,""started"":2,""wait"":51.5,""unstarted"":0}]"
16,0.5,11,low,rolling,10,12,1.0,20.6,19.4,812,10,5,0,213,0,0,0,0.1250980999902822,14,0,0.17035775127768313,1,"[{""node"":""N3"",""tasks"":1,""started"":1,""wait"":8.0,""unstarted"":0},{""node"":""N4"",""tasks"":3,""started"":3,""wait"":18.333333333333332,""unstarted"":0},{""node"":""N5"",""tasks"":3,""started"":2,""wait"":21.0,""unstarted"":1},{""node"":""N6"",""tasks"":1,""started"":0,""wait"":null,""unstarted"":1},{""node"":""N7"",""tasks"":2,""started"":2,""wait"":25.0,""unstarted"":0},{""node"":""N8"",""tasks"":2,""started"":2,""wait"":25.5,""unstarted"":0}]"
16,0.5,11,low,rolling_forecast,10,12,1.0,20.6,19.4,812,10,5,0,213,0,0,0,0.0945812999852933,14,0,0.17035775127768313,1,"[{""node"":""N3"",""tasks"":1,""started"":1,""wait"":8.0,""unstarted"":0},{""node"":""N4"",""tasks"":3,""started"":3,""wait"":18.333333333333332,""unstarted"":0},{""node"":""N5"",""tasks"":3,""started"":2,""wait"":21.0,""unstarted"":1},{""node"":""N6"",""tasks"":1,""started"":0,""wait"":null,""unstarted"":1},{""node"":""N7"",""tasks"":2,""started"":2,""wait"":25.0,""unstarted"":0},{""node"":""N8"",""tasks"":2,""started"":2,""wait"":25.5,""unstarted"":0}]"
16,0.5,11,low,static,4,12,0.4,15.5,15.5,248,4,20,0,123,0,0,0,0.015170700004091486,1,0,0.18548387096774194,2,"[{""node"":""N3"",""tasks"":1,""started"":1,""wait"":8.0,""unstarted"":0},{""node"":""N4"",""tasks"":3,""started"":1,""wait"":15.0,""unstarted"":2},{""node"":""N5"",""tasks"":3,""started"":1,""wait"":16.0,""unstarted"":2},{""node"":""N6"",""tasks"":1,""started"":0,""wait"":null,""unstarted"":1},{""node"":""N7"",""tasks"":2,""started"":1,""wait"":23.0,""unstarted"":1},{""node"":""N8"",""tasks"":2,""started"":0,""wait"":null,""unstarted"":2}]"
16,0.5,11,medium,greedy,13,24,0.8,27.857142857142858,32.22222222222222,1750,14,26,54,187,7,6,0,0.016690400007064454,18,18,0.3096313912009512,1,"[{""node"":""N3"",""tasks"":2,""started"":2,""wait"":7.0,""unstarted"":0},{""node"":""N4"",""tasks"":6,""started"":6,""wait"":33.0,""unstarted"":0},{""node"":""N5"",""tasks"":6,""started"":3,""wait"":30.666666666666668,""unstarted"":3},{""node"":""N6"",""tasks"":2,""started"":0,""wait"":null,""unstarted"":2},{""node"":""N7"",""tasks"":4,""started"":2,""wait"":16.5,""unstarted"":2},{""node"":""N8"",""tasks"":4,""started"":1,""wait"":53.0,""unstarted"":3}]"
16,0.5,11,medium,rolling,16,24,0.8,23.41176470588235,31.77777777777778,1766,17,20,33,212,4,13,0,0.7806268999702297,18,0,0.2570734078755469,1,"[{""node"":""N3"",""tasks"":2,""started"":2,""wait"":7.0,""unstarted"":0},{""node"":""N4"",""tasks"":6,""started"":5,""wait"":31.6,""unstarted"":1},{""node"":""N5"",""tasks"":6,""started"":4,""wait"":32.0,""unstarted"":2},{""node"":""N6"",""tasks"":2,""started"":0,""wait"":null,""unstarted"":2},{""node"":""N7"",""tasks"":4,""started"":4,""wait"":16.75,""unstarted"":0},{""node"":""N8"",""tasks"":4,""started"":2,""wait"":15.5,""unstarted"":2}]"
16,0.5,11,medium,rolling_forecast,16,24,0.8,23.41176470588235,31.77777777777778,1766,17,20,33,212,4,13,0,0.8145519000245258,18,0,0.2570734078755469,1,"[{""node"":""N3"",""tasks"":2,""started"":2,""wait"":7.0,""unstarted"":0},{""node"":""N4"",""tasks"":6,""started"":5,""wait"":31.6,""unstarted"":1},{""node"":""N5"",""tasks"":6,""started"":4,""wait"":32.0,""unstarted"":2},{""node"":""N6"",""tasks"":2,""started"":0,""wait"":null,""unstarted"":2},{""node"":""N7"",""tasks"":4,""started"":4,""wait"":16.75,""unstarted"":0},{""node"":""N8"",""tasks"":4,""started"":2,""wait"":15.5,""unstarted"":2}]"
16,0.5,11,medium,static,4,24,0.2,15.5,15.5,248,4,49,0,123,0,0,0,0.01764430000912398,1,0,0.18548387096774194,2,"[{""node"":""N3"",""tasks"":2,""started"":1,""wait"":8.0,""unstarted"":1},{""node"":""N4"",""tasks"":6,""started"":1,""wait"":15.0,""unstarted"":5},{""node"":""N5"",""tasks"":6,""started"":1,""wait"":16.0,""unstarted"":5},{""node"":""N6"",""tasks"":2,""started"":0,""wait"":null,""unstarted"":2},{""node"":""N7"",""tasks"":4,""started"":1,""wait"":23.0,""unstarted"":3},{""node"":""N8"",""tasks"":4,""started"":0,""wait"":null,""unstarted"":4}]"
16,0.75,18,high,greedy,24,36,0.6666666666666666,30.40740740740741,40.61538461538461,3403,27,29,154,356,28,13,0,0.04010439997364301,22,22,0.26282227727314433,0,"[{""node"":""N3"",""tasks"":3,""started"":3,""wait"":7.666666666666667,""unstarted"":0},{""node"":""N4"",""tasks"":9,""started"":8,""wait"":43.125,""unstarted"":1},{""node"":""N5"",""tasks"":9,""started"":8,""wait"":35.75,""unstarted"":1},{""node"":""N6"",""tasks"":3,""started"":3,""wait"":19.333333333333332,""unstarted"":0},{""node"":""N7"",""tasks"":6,""started"":3,""wait"":18.0,""unstarted"":3},{""node"":""N8"",""tasks"":6,""started"":2,""wait"":27.5,""unstarted"":4}]"
16,0.75,18,high,rolling,21,36,0.6,24.681818181818183,25.0,2053,22,37,70,331,25,41,0,3.3612305000278866,22,0,0.21807669910989105,0,"[{""node"":""N3"",""tasks"":3,""started"":3,""wait"":7.666666666666667,""unstarted"":0},{""node"":""N4"",""tasks"":9,""started"":5,""wait"":24.4,""unstarted"":4},{""node"":""N5"",""tasks"":9,""started"":6,""wait"":29.0,""unstarted"":3},{""node"":""N6"",""tasks"":3,""started"":1,""wait"":13.0,""unstarted"":2},{""node"":""N7"",""tasks"":6,""started"":4,""wait"":32.5,""unstarted"":2},{""node"":""N8"",""tasks"":6,""started"":3,""wait"":27.0,""unstarted"":3}]"
16,0.75,18,high,rolling_forecast,24,36,0.6666666666666666,28.962962962962962,34.54545454545455,3040,27,29,166,369,29,44,0,2.709091500029899,22,5,0.21606273661438616,0,"[{""node"":""N3"",""tasks"":3,""started"":3,""wait"":7.666666666666667,""unstarted"":0},{""node"":""N4"",""tasks"":9,""started"":8,""wait"":33.5,""unstarted"":1},{""node"":""N5"",""tasks"":9,""started"":6,""wait"":36.166666666666664,""unstarted"":3},{""node"":""N6"",""tasks"":3,""started"":2,""wait"":16.5,""unstarted"":1},{""node"":""N7"",""tasks"":6,""started"":4,""wait"":33.25,""unstarted"":2},{""node"":""N8"",""tasks"":6,""started"":4,""wait"":27.0,""unstarted"":2}]"
16,0.75,18,high,static,4,36,0.13333333333333333,14.5,14.5,232,4,78,0,114,0,0,0,0.02014969999436289,1,0,0.19827586206896552,2,"[{""node"":""N3"",""tasks"":3,""started"":1,""wait"":7.0,""unstarted"":2},{""node"":""N4"",""tasks"":9,""started"":1,""wait"":14.0,""unstarted"":8},{""node"":""N5"",""tasks"":9,""started"":1,""wait"":15.0,""unstarted"":8},{""node"":""N6"",""tasks"":3,""started"":0,""wait"":null,""unstarted"":3},{""node"":""N7"",""tasks"":6,""started"":1,""wait"":22.0,""unstarted"":5},{""node"":""N8"",""tasks"":6,""started"":0,""wait"":null,""unstarted"":6}]"
16,0.75,18,low,greedy,12,12,1.0,16.166666666666668,14.8,702,12,0,0,268,0,0,0,0.004003199996077456,14,14,0.17207207207207206,0,"[{""node"":""N3"",""tasks"":1,""started"":1,""wait"":7.0,""unstarted"":0},{""node"":""N4"",""tasks"":3,""started"":3,""wait"":17.0,""unstarted"":0},{""node"":""N5"",""tasks"":3,""started"":3,""wait"":13.0,""unstarted"":0},{""node"":""N6"",""tasks"":1,""started"":1,""wait"":14.0,""unstarted"":0},{""node"":""N7"",""tasks"":2,""started"":2,""wait"":20.5,""unstarted"":0},{""node"":""N8"",""tasks"":2,""started"":2,""wait"":21.0,""unstarted"":0}]"
16,0.75,18,low,rolling,12,12,1.0,16.166666666666668,14.8,702,12,0,0,268,0,0,0,0.09046230002422817,14,0,0.17207207207207206,0,"[{""node"":""N3"",""tasks"":1,""started"":1,""wait"":7.0,""unstarted"":0},{""node"":""N4"",""tasks"":3,""started"":3,""wait"":17.0,""unstarted"":0},{""node"":""N5"",""tasks"":3,""started"":3,""wait"":13.0,""unstarted"":0},{""node"":""N6"",""tasks"":1,""started"":1,""wait"":14.0,""unstarted"":0},{""node"":""N7"",""tasks"":2,""started"":2,""wait"":20.5,""unstarted"":0},{""node"":""N8"",""tasks"":2,""started"":2,""wait"":21.0,""unstarted"":0}]"
16,0.75,18,low,rolling_forecast,12,12,1.0,14.916666666666666,14.8,659,12,0,0,296,0,0,0,0.09303660001023673,14,0,0.1390532544378698,0,"[{""node"":""N3"",""tasks"":1,""started"":1,""wait"":7.0,""unstarted"":0},{""node"":""N4"",""tasks"":3,""started"":3,""wait"":17.0,""unstarted"":0},{""node"":""N5"",""tasks"":3,""started"":3,""wait"":13.0,""unstarted"":0},{""node"":""N6"",""tasks"":1,""started"":1,""wait"":13.0,""unstarted"":0},{""node"":""N7"",""tasks"":2,""started"":2,""wait"":18.0,""unstarted"":0},{""node"":""N8"",""tasks"":2,""started"":2,""wait"":16.5,""unstarted"":0}]"
16,0.75,18,low,static,4,12,0.4,14.5,14.5,232,4,20,0,114,0,0,0,0.013407699996605515,1,0,0.19827586206896552,2,"[{""node"":""N3"",""tasks"":1,""started"":1,""wait"":7.0,""unstarted"":0},{""node"":""N4"",""tasks"":3,""started"":1,""wait"":14.0,""unstarted"":2},{""node"":""N5"",""tasks"":3,""started"":1,""wait"":15.0,""unstarted"":2},{""node"":""N6"",""tasks"":1,""started"":0,""wait"":null,""unstarted"":1},{""node"":""N7"",""tasks"":2,""started"":1,""wait"":22.0,""unstarted"":1},{""node"":""N8"",""tasks"":2,""started"":0,""wait"":null,""unstarted"":2}]"
16,0.75,18,medium,greedy,19,24,1.0,28.40909090909091,20.9,2293,22,10,98,299,11,3,0,0.01455080002779141,18,18,0.3281741233373639,1,"[{""node"":""N3"",""tasks"":2,""started"":2,""wait"":6.0,""unstarted"":0},{""node"":""N4"",""tasks"":6,""started"":6,""wait"":24.166666666666668,""unstarted"":0},{""node"":""N5"",""tasks"":6,""started"":6,""wait"":18.666666666666668,""unstarted"":0},{""node"":""N6"",""tasks"":2,""started"":0,""wait"":null,""unstarted"":2},{""node"":""N7"",""tasks"":4,""started"":4,""wait"":34.25,""unstarted"":0},{""node"":""N8"",""tasks"":4,""started"":4,""wait"":54.75,""unstarted"":0}]"
16,0.75,18,medium,rolling,23,24,0.9,21.291666666666668,23.8,1903,24,3,13,348,2,1,0,0.5562147999880835,18,0,0.2073509015256588,0,"[{""node"":""N3"",""tasks"":2,""started"":2,""wait"":6.0,""unstarted"":0},{""node"":""N4"",""tasks"":6,""started"":6,""wait"":21.833333333333332,""unstarted"":0},{""node"":""N5"",""tasks"":6,""started"":6,""wait"":25.833333333333332,""unstarted"":0},{""node"":""N6"",""tasks"":2,""started"":2,""wait"":26.5,""unstarted"":0},{""node"":""N7"",""tasks"":4,""started"":4,""wait"":13.0,""unstarted"":0},{""node"":""N8"",""tasks"":4,""started"":4,""wait"":27.0,""unstarted"":0}]"
16,0.75,18,medium,rolling_forecast,22,24,0.9,21.08695652173913,26.5,1943,23,5,29,330,1,5,0,0.6118723999825306,18,0,0.19885393806388688,0,"[{""node"":""N3"",""tasks"":2,""started"":2,""wait"":6.0,""unstarted"":0},{""node"":""N4"",""tasks"":6,""started"":6,""wait"":24.833333333333332,""unstarted"":0},{""node"":""N5"",""tasks"":6,""started"":6,""wait"":27.333333333333332,""unstarted"":0},{""node"":""N6"",""tasks"":2,""started"":1,""wait"":21.0,""unstarted"":1},{""node"":""N7"",""tasks"":4,""started"":4,""wait"":15.75,""unstarted"":0},{""node"":""N8"",""tasks"":4,""started"":4,""wait"":19.0,""unstarted"":0}]"
16,0.75,18,medium,static,4,24,0.2,14.5,14.5,232,4,49,0,114,0,0,0,0.018616899993503466,1,0,0.19827586206896552,2,"[{""node"":""N3"",""tasks"":2,""started"":1,""wait"":7.0,""unstarted"":1},{""node"":""N4"",""tasks"":6,""started"":1,""wait"":14.0,""unstarted"":5},{""node"":""N5"",""tasks"":6,""started"":1,""wait"":15.0,""unstarted"":5},{""node"":""N6"",""tasks"":2,""started"":0,""wait"":null,""unstarted"":2},{""node"":""N7"",""tasks"":4,""started"":1,""wait"":22.0,""unstarted"":3},{""node"":""N8"",""tasks"":4,""started"":0,""wait"":null,""unstarted"":4}]"
16,1,26,high,greedy,25,36,0.8,27.857142857142858,30.4,3216,28,25,65,470,37,23,0,0.054470600007334724,22,22,0.2543859649122807,0,"[{""node"":""N3"",""tasks"":3,""started"":3,""wait"":7.666666666666667,""unstarted"":0},{""node"":""N4"",""tasks"":9,""started"":9,""wait"":31.88888888888889,""unstarted"":0},{""node"":""N5"",""tasks"":9,""started"":9,""wait"":30.22222222222222,""unstarted"":0},{""node"":""N6"",""tasks"":3,""started"":1,""wait"":18.0,""unstarted"":2},{""node"":""N7"",""tasks"":6,""started"":3,""wait"":18.0,""unstarted"":3},{""node"":""N8"",""tasks"":6,""started"":3,""wait"":42.0,""unstarted"":3}]"
16,1,26,high,rolling,30,36,0.7333333333333333,29.41176470588235,31.615384615384617,3694,34,16,196,434,21,40,0,3.1746189999830676,22,1,0.1986408782017773,0,"[{""node"":""N3"",""tasks"":3,""started"":3,""wait"":7.666666666666667,""unstarted"":0},{""node"":""N4"",""tasks"":9,""started"":8,""wait"":29.125,""unstarted"":1},{""node"":""N5"",""tasks"":9,""started"":8,""wait"":36.125,""unstarted"":1},{""node"":""N6"",""tasks"":3,""started"":3,""wait"":21.333333333333332,""unstarted"":0},{""node"":""N7"",""tasks"":6,""started"":6,""wait"":28.5,""unstarted"":0},{""node"":""N8"",""tasks"":6,""started"":6,""wait"":36.666666666666664,""unstarted"":0}]"
16,1,26,high,rolling_forecast,32,36,0.8666666666666667,24.323529411764707,27.066666666666666,3253,34,10,80,462,11,25,0,2.348848000023281,22,0,0.1743556884522284,0,"[{""node"":""N3"",""tasks"":3,""started"":3,""wait"":7.666666666666667,""unstarted"":0},{""node"":""N4"",""tasks"":9,""started"":9,""wait"":27.11111111111111,""unstarted"":0},{""node"":""N5"",""tasks"":9,""started"":9,""wait"":29.444444444444443,""unstarted"":0},{""node"":""N6"",""tasks"":3,""started"":1,""wait"":20.0,""unstarted"":2},{""node"":""N7"",""tasks"":6,""started"":6,""wait"":25.833333333333332,""unstarted"":0},{""node"":""N8"",""tasks"":6,""started"":6,""wait"":20.0,""unstarted"":0}]"
16,1,26,high,static,4,36,0.13333333333333333,14.5,14.5,232,4,78,0,114,0,0,0,0.015575000012177043,1,0,0.19827586206896552,2,"[{""node"":""N3"",""tasks"":3,""started"":1,""wait"":7.0,""unstarted"":2},{""node"":""N4"",""tasks"":9,""started"":1,""wait"":14.0,""unstarted"":8},{""node"":""N5"",""tasks"":9,""started"":1,""wait"":15.0,""unstarted"":8},{""node"":""N6"",""tasks"":3,""started"":0,""wait"":null,""unstarted"":3},{""node"":""N7"",""tasks"":6,""started"":1,""wait"":22.0,""unstarted"":5},{""node"":""N8"",""tasks"":6,""started"":0,""wait"":null,""unstarted"":6}]"
16,1,26,low,greedy,12,12,1.0,16.083333333333332,14.8,701,12,0,0,268,0,0,0,0.004603800000040792,14,14,0.17577413479052822,0,"[{""node"":""N3"",""tasks"":1,""started"":1,""wait"":7.0,""unstarted"":0},{""node"":""N4"",""tasks"":3,""started"":3,""wait"":17.0,""unstarted"":0},{""node"":""N5"",""tasks"":3,""started"":3,""wait"":13.0,""unstarted"":0},{""node"":""N6"",""tasks"":1,""started"":1,""wait"":13.0,""unstarted"":0},{""node"":""N7"",""tasks"":2,""started"":2,""wait"":20.5,""unstarted"":0},{""node"":""N8"",""tasks"":2,""started"":2,""wait"":21.0,""unstarted"":0}]"
16,1,26,low,rolling,12,12,1.0,16.083333333333332,14.8,701,12,0,0,268,0,0,0,0.13403479996486567,14,0,0.17577413479052822,0,"[{""node"":""N3"",""tasks"":1,""started"":1,""wait"":7.0,""unstarted"":0},{""node"":""N4"",""tasks"":3,""started"":3,""wait"":17.0,""unstarted"":0},{""node"":""N5"",""tasks"":3,""started"":3,""wait"":13.0,""unstarted"":0},{""node"":""N6"",""tasks"":1,""started"":1,""wait"":13.0,""unstarted"":0},{""node"":""N7"",""tasks"":2,""started"":2,""wait"":20.5,""unstarted"":0},{""node"":""N8"",""tasks"":2,""started"":2,""wait"":21.0,""unstarted"":0}]"
16,1,26,low,rolling_forecast,12,12,1.0,14.583333333333334,14.2,643,12,0,0,337,0,0,0,0.11921349998738151,14,0,0.1505050505050505,0,"[{""node"":""N3"",""tasks"":1,""started"":1,""wait"":7.0,""unstarted"":0},{""node"":""N4"",""tasks"":3,""started"":3,""wait"":17.0,""unstarted"":0},{""node"":""N5"",""tasks"":3,""started"":3,""wait"":12.0,""unstarted"":0},{""node"":""N6"",""tasks"":1,""started"":1,""wait"":12.0,""unstarted"":0},{""node"":""N7"",""tasks"":2,""started"":2,""wait"":18.0,""unstarted"":0},{""node"":""N8"",""tasks"":2,""started"":2,""wait"":16.5,""unstarted"":0}]"
16,1,26,low,static,4,12,0.4,14.5,14.5,232,4,20,0,114,0,0,0,0.02465680000022985,1,0,0.19827586206896552,2,"[{""node"":""N3"",""tasks"":1,""started"":1,""wait"":7.0,""unstarted"":0},{""node"":""N4"",""tasks"":3,""started"":1,""wait"":14.0,""unstarted"":2},{""node"":""N5"",""tasks"":3,""started"":1,""wait"":15.0,""unstarted"":2},{""node"":""N6"",""tasks"":1,""started"":0,""wait"":null,""unstarted"":1},{""node"":""N7"",""tasks"":2,""started"":1,""wait"":22.0,""unstarted"":1},{""node"":""N8"",""tasks"":2,""started"":0,""wait"":null,""unstarted"":2}]"
16,1,26,medium,greedy,24,24,1.0,20.166666666666668,17.7,1756,24,0,17,390,3,6,0,0.01045130001148209,18,18,0.2483806676631789,0,"[{""node"":""N3"",""tasks"":2,""started"":2,""wait"":6.0,""unstarted"":0},{""node"":""N4"",""tasks"":6,""started"":6,""wait"":18.833333333333332,""unstarted"":0},{""node"":""N5"",""tasks"":6,""started"":6,""wait"":18.666666666666668,""unstarted"":0},{""node"":""N6"",""tasks"":2,""started"":2,""wait"":12.5,""unstarted"":0},{""node"":""N7"",""tasks"":4,""started"":4,""wait"":22.0,""unstarted"":0},{""node"":""N8"",""tasks"":4,""started"":4,""wait"":33.5,""unstarted"":0}]"
16,1,26,medium,rolling,24,24,1.0,18.5,18.4,1650,24,0,0,359,0,0,0,0.5814684999932069,18,0,0.1933663638865951,0,"[{""node"":""N3"",""tasks"":2,""started"":2,""wait"":6.0,""unstarted"":0},{""node"":""N4"",""tasks"":6,""started"":6,""wait"":18.833333333333332,""unstarted"":0},{""node"":""N5"",""tasks"":6,""started"":6,""wait"":19.833333333333332,""unstarted"":0},{""node"":""N6"",""tasks"":2,""started"":2,""wait"":12.5,""unstarted"":0},{""node"":""N7"",""tasks"":4,""started"":4,""wait"":18.75,""unstarted"":0},{""node"":""N8"",""tasks"":4,""started"":4,""wait"":25.0,""unstarted"":0}]"
16,1,26,medium,rolling_forecast,24,24,1.0,15.416666666666666,15.4,1368,24,0,0,387,0,2,0,0.44791889998305123,18,0,0.13755315668956497,0,"[{""node"":""N3"",""tasks"":2,""started"":2,""wait"":6.0,""unstarted"":0},{""node"":""N4"",""tasks"":6,""started"":6,""wait"":17.166666666666668,""unstarted"":0},{""node"":""N5"",""tasks"":6,""started"":6,""wait"":16.5,""unstarted"":0},{""node"":""N6"",""tasks"":2,""started"":2,""wait"":12.5,""unstarted"":0},{""node"":""N7"",""tasks"":4,""started"":4,""wait"":15.75,""unstarted"":0},{""node"":""N8"",""tasks"":4,""started"":4,""wait"":17.0,""unstarted"":0}]"
16,1,26,medium,static,4,24,0.2,14.5,14.5,232,4,49,0,114,0,0,0,0.013803900001221336,1,0,0.19827586206896552,2,"[{""node"":""N3"",""tasks"":2,""started"":1,""wait"":7.0,""unstarted"":1},{""node"":""N4"",""tasks"":6,""started"":1,""wait"":14.0,""unstarted"":5},{""node"":""N5"",""tasks"":6,""started"":1,""wait"":15.0,""unstarted"":5},{""node"":""N6"",""tasks"":2,""started"":0,""wait"":null,""unstarted"":2},{""node"":""N7"",""tasks"":4,""started"":1,""wait"":22.0,""unstarted"":3},{""node"":""N8"",""tasks"":4,""started"":0,""wait"":null,""unstarted"":4}]"
17,0.35,8,high,greedy,12,36,0.26666666666666666,24.923076923076923,38.6,1358,13,62,51,128,2,2,0,0.04353300006187055,22,22,0.2420694864048338,2,"[{""node"":""N3"",""tasks"":3,""started"":3,""wait"":11.0,""unstarted"":0},{""node"":""N4"",""tasks"":9,""started"":5,""wait"":38.6,""unstarted"":4},{""node"":""N5"",""tasks"":9,""started"":0,""wait"":null,""unstarted"":9},{""node"":""N6"",""tasks"":3,""started"":0,""wait"":null,""unstarted"":3},{""node"":""N7"",""tasks"":6,""started"":3,""wait"":20.666666666666668,""unstarted"":3},{""node"":""N8"",""tasks"":6,""started"":2,""wait"":18.0,""unstarted"":4}]"
17,0.35,8,high,rolling,12,36,0.2,24.25,23.0,1011,12,63,56,139,13,11,0,1.920729699995718,22,0,0.24828178694158073,2,"[{""node"":""N3"",""tasks"":3,""started"":3,""wait"":11.0,""unstarted"":0},{""node"":""N4"",""tasks"":9,""started"":3,""wait"":23.0,""unstarted"":6},{""node"":""N5"",""tasks"":9,""started"":0,""wait"":null,""unstarted"":9},{""node"":""N6"",""tasks"":3,""started"":0,""wait"":null,""unstarted"":3},{""node"":""N7"",""tasks"":6,""started"":3,""wait"":20.666666666666668,""unstarted"":3},{""node"":""N8"",""tasks"":6,""started"":3,""wait"":42.333333333333336,""unstarted"":3}]"
17,0.35,8,high,rolling_forecast,12,36,0.2,26.0,23.0,1074,12,63,56,161,8,13,0,1.5202494999975897,22,0,0.289647577092511,2,"[{""node"":""N3"",""tasks"":3,""started"":3,""wait"":11.0,""unstarted"":0},{""node"":""N4"",""tasks"":9,""started"":3,""wait"":23.0,""unstarted"":6},{""node"":""N5"",""tasks"":9,""started"":0,""wait"":null,""unstarted"":9},{""node"":""N6"",""tasks"":3,""started"":0,""wait"":null,""unstarted"":3},{""node"":""N7"",""tasks"":6,""started"":4,""wait"":25.5,""unstarted"":2},{""node"":""N8"",""tasks"":6,""started"":2,""wait"":54.0,""unstarted"":4}]"
17,0.35,8,high,static,3,36,0.06666666666666667,16.333333333333332,15.0,177,3,81,0,87,0,0,0,0.009599099998013116,1,0,0.19047619047619047,3,"[{""node"":""N3"",""tasks"":3,""started"":1,""wait"":10.0,""unstarted"":2},{""node"":""N4"",""tasks"":9,""started"":1,""wait"":15.0,""unstarted"":8},{""node"":""N5"",""tasks"":9,""started"":0,""wait"":null,""unstarted"":9},{""node"":""N6"",""tasks"":3,""started"":0,""wait"":null,""unstarted"":3},{""node"":""N7"",""tasks"":6,""started"":1,""wait"":24.0,""unstarted"":5},{""node"":""N8"",""tasks"":6,""started"":0,""wait"":null,""unstarted"":6}]"
17,0.35,8,low,greedy,7,12,0.6,31.571428571428573,16.0,759,7,13,59,146,1,1,0,0.0074660999671323225,14,14,0.45185185185185184,1,"[{""node"":""N3"",""tasks"":1,""started"":1,""wait"":10.0,""unstarted"":0},{""node"":""N4"",""tasks"":3,""started"":2,""wait"":20.0,""unstarted"":1},{""node"":""N5"",""tasks"":3,""started"":1,""wait"":8.0,""unstarted"":2},{""node"":""N6"",""tasks"":1,""started"":0,""wait"":null,""unstarted"":1},{""node"":""N7"",""tasks"":2,""started"":2,""wait"":39.0,""unstarted"":0},{""node"":""N8"",""tasks"":2,""started"":1,""wait"":85.0,""unstarted"":1}]"
17,0.35,8,low,rolling,7,12,0.6,23.714285714285715,26.0,654,7,13,0,156,1,1,0,0.14233050000621006,14,0,0.2222222222222222,1,"[{""node"":""N3"",""tasks"":1,""started"":1,""wait"":10.0,""unstarted"":0},{""node"":""N4"",""tasks"":3,""started"":2,""wait"":20.0,""unstarted"":1},{""node"":""N5"",""tasks"":3,""started"":1,""wait"":38.0,""unstarted"":2},{""node"":""N6"",""tasks"":1,""started"":0,""wait"":null,""unstarted"":1},{""node"":""N7"",""tasks"":2,""started"":2,""wait"":29.0,""unstarted"":0},{""node"":""N8"",""tasks"":2,""started"":1,""wait"":20.0,""unstarted"":1}]"
17,0.35,8,low,rolling_forecast,7,12,0.6,23.714285714285715,26.0,654,7,13,0,156,1,1,0,0.14565039999433793,14,0,0.2222222222222222,1,"[{""node"":""N3"",""tasks"":1,""started"":1,""wait"":10.0,""unstarted"":0},{""node"":""N4"",""tasks"":3,""started"":2,""wait"":20.0,""unstarted"":1},{""node"":""N5"",""tasks"":3,""started"":1,""wait"":38.0,""unstarted"":2},{""node"":""N6"",""tasks"":1,""started"":0,""wait"":null,""unstarted"":1},{""node"":""N7"",""tasks"":2,""started"":2,""wait"":29.0,""unstarted"":0},{""node"":""N8"",""tasks"":2,""started"":1,""wait"":20.0,""unstarted"":1}]"
17,0.35,8,low,static,3,12,0.2,16.333333333333332,15.0,177,3,23,0,87,0,0,0,0.005114400002639741,1,0,0.19047619047619047,3,"[{""node"":""N3"",""tasks"":1,""started"":1,""wait"":10.0,""unstarted"":0},{""node"":""N4"",""tasks"":3,""started"":1,""wait"":15.0,""unstarted"":2},{""node"":""N5"",""tasks"":3,""started"":0,""wait"":null,""unstarted"":3},{""node"":""N6"",""tasks"":1,""started"":0,""wait"":null,""unstarted"":1},{""node"":""N7"",""tasks"":2,""started"":1,""wait"":24.0,""unstarted"":1},{""node"":""N8"",""tasks"":2,""started"":0,""wait"":null,""unstarted"":2}]"
17,0.35,8,medium,greedy,9,24,0.4,24.6,35.4,1092,10,38,30,146,4,1,0,0.020938899935572408,18,18,0.31182364729458917,1,"[{""node"":""N3"",""tasks"":2,""started"":2,""wait"":6.5,""unstarted"":0},{""node"":""N4"",""tasks"":6,""started"":4,""wait"":32.25,""unstarted"":2},{""node"":""N5"",""tasks"":6,""started"":1,""wait"":48.0,""unstarted"":5},{""node"":""N6"",""tasks"":2,""started"":0,""wait"":null,""unstarted"":2},{""node"":""N7"",""tasks"":4,""started"":2,""wait"":18.0,""unstarted"":2},{""node"":""N8"",""tasks"":4,""started"":1,""wait"":20.0,""unstarted"":3}]"
17,0.35,8,medium,rolling,10,24,0.4,23.272727272727273,35.4,1122,11,36,30,146,4,3,0,0.814643999983673,18,0,0.3348643006263048,1,"[{""node"":""N3"",""tasks"":2,""started"":2,""wait"":6.5,""unstarted"":0},{""node"":""N4"",""tasks"":6,""started"":4,""wait"":32.25,""unstarted"":2},{""node"":""N5"",""tasks"":6,""started"":1,""wait"":48.0,""unstarted"":5},{""node"":""N6"",""tasks"":2,""started"":0,""wait"":null,""unstarted"":2},{""node"":""N7"",""tasks"":4,""started"":2,""wait"":18.0,""unstarted"":2},{""node"":""N8"",""tasks"":4,""started"":2,""wait"":15.0,""unstarted"":2}]"
17,0.35,8,medium,rolling_forecast,9,24,0.4,21.7,29.6,947,10,38,23,146,4,5,0,0.7816152000159491,18,0,0.22692307692307692,1,"[{""node"":""N3"",""tasks"":2,""started"":2,""wait"":6.5,""unstarted"":0},{""node"":""N4"",""tasks"":6,""started"":3,""wait"":29.0,""unstarted"":3},{""node"":""N5"",""tasks"":6,""started"":2,""wait"":30.5,""unstarted"":4},{""node"":""N6"",""tasks"":2,""started"":0,""wait"":null,""unstarted"":2},{""node"":""N7"",""tasks"":4,""started"":2,""wait"":18.0,""unstarted"":2},{""node"":""N8"",""tasks"":4,""started"":1,""wait"":20.0,""unstarted"":3}]"
17,0.35,8,medium,static,3,24,0.1,16.333333333333332,15.0,177,3,52,0,87,0,0,0,0.00508409999019932,1,0,0.19047619047619047,3,"[{""node"":""N3"",""tasks"":2,""started"":1,""wait"":10.0,""unstarted"":1},{""node"":""N4"",""tasks"":6,""started"":1,""wait"":15.0,""unstarted"":5},{""node"":""N5"",""tasks"":6,""started"":0,""wait"":null,""unstarted"":6},{""node"":""N6"",""tasks"":2,""started"":0,""wait"":null,""unstarted"":2},{""node"":""N7"",""tasks"":4,""started"":1,""wait"":24.0,""unstarted"":3},{""node"":""N8"",""tasks"":4,""started"":0,""wait"":null,""unstarted"":4}]"
17,0.5,11,high,greedy,15,36,0.4666666666666667,35.125,42.75,2370,16,53,160,213,17,14,0,0.04730119998566806,22,22,0.29729012696607926,1,"[{""node"":""N3"",""tasks"":3,""started"":3,""wait"":11.0,""unstarted"":0},{""node"":""N4"",""tasks"":9,""started"":5,""wait"":48.4,""unstarted"":4},{""node"":""N5"",""tasks"":9,""started"":3,""wait"":33.333333333333336,""unstarted"":6},{""node"":""N6"",""tasks"":3,""started"":0,""wait"":null,""unstarted"":3},{""node"":""N7"",""tasks"":6,""started"":3,""wait"":20.666666666666668,""unstarted"":3},{""node"":""N8"",""tasks"":6,""started"":2,""wait"":62.5,""unstarted"":4}]"
17,0.5,11,high,rolling,16,36,0.5333333333333333,32.111111111111114,34.44444444444444,2354,18,50,152,291,7,40,0,3.017812599966419,22,3,0.27559808612440184,1,"[{""node"":""N3"",""tasks"":3,""started"":3,""wait"":11.0,""unstarted"":0},{""node"":""N4"",""tasks"":9,""started"":6,""wait"":30.666666666666668,""unstarted"":3},{""node"":""N5"",""tasks"":9,""started"":3,""wait"":42.0,""unstarted"":6},{""node"":""N6"",""tasks"":3,""started"":0,""wait"":null,""unstarted"":3},{""node"":""N7"",""tasks"":6,""started"":4,""wait"":27.0,""unstarted"":2},{""node"":""N8"",""tasks"":6,""started"":2,""wait"":63.5,""unstarted"":4}]"
17,0.5,11,high,rolling_forecast,14,36,0.4666666666666667,27.266666666666666,36.25,1807,15,55,92,242,16,40,0,2.6211643999704393,22,4,0.2609724047306176,1,"[{""node"":""N3"",""tasks"":3,""started"":3,""wait"":11.0,""unstarted"":0},{""node"":""N4"",""tasks"":9,""started"":4,""wait"":20.75,""unstarted"":5},{""node"":""N5"",""tasks"":9,""started"":4,""wait"":51.75,""unstarted"":5},{""node"":""N6"",""tasks"":3,""started"":0,""wait"":null,""unstarted"":3},{""node"":""N7"",""tasks"":6,""started"":3,""wait"":21.333333333333332,""unstarted"":3},{""node"":""N8"",""tasks"":6,""started"":1,""wait"":22.0,""unstarted"":5}]"
17,0.5,11,high,static,4,36,0.13333333333333333,16.75,16.5,267,4,78,0,133,0,0,0,0.015262200002325699,1,0,0.16791044776119404,2,"[{""node"":""N3"",""tasks"":3,""started"":1,""wait"":10.0,""unstarted"":2},{""node"":""N4"",""tasks"":9,""started"":1,""wait"":15.0,""unstarted"":8},{""node"":""N5"",""tasks"":9,""started"":1,""wait"":18.0,""unstarted"":8},{""node"":""N6"",""tasks"":3,""started"":0,""wait"":null,""unstarted"":3},{""node"":""N7"",""tasks"":6,""started"":1,""wait"":24.0,""unstarted"":5},{""node"":""N8"",""tasks"":6,""started"":0,""wait"":null,""unstarted"":6}]"
17,0.5,11,low,greedy,10,12,1.0,29.0,21.0,1080,10,5,26,244,0,1,0,0.005967699995380826,14,14,0.2942307692307692,1,"[{""node"":""N3"",""tasks"":1,""started"":1,""wait"":10.0,""unstarted"":0},{""node"":""N4"",""tasks"":3,""started"":3,""wait"":22.666666666666668,""unstarted"":0},{""node"":""N5"",""tasks"":3,""started"":2,""wait"":18.5,""unstarted"":1},{""node"":""N6"",""tasks"":1,""started"":0,""wait"":null,""unstarted"":1},{""node"":""N7"",""tasks"":2,""started"":2,""wait"":34.5,""unstarted"":0},{""node"":""N8"",""tasks"":2,""started"":2,""wait"":53.0,""unstarted"":0}]"
17,0.5,11,low,rolling,10,12,1.0,25.8,25.6,1030,10,5,5,246,0,0,0,0.13764759998593945,14,0,0.15308641975308643,1,"[{""node"":""N3"",""tasks"":1,""started"":1,""wait"":10.0,""unstarted"":0},{""node"":""N4"",""tasks"":3,""started"":3,""wait"":25.0,""unstarted"":0},{""node"":""N5"",""tasks"":3,""started"":2,""wait"":26.5,""unstarted"":1},{""node"":""N6"",""tasks"":1,""started"":0,""wait"":null,""unstarted"":1},{""node"":""N7"",""tasks"":2,""started"":2,""wait"":28.5,""unstarted"":0},{""node"":""N8"",""tasks"":2,""started"":2,""wait"":31.5,""unstarted"":0}]"
17,0.5,11,low,rolling_forecast,10,12,1.0,25.8,25.6,1030,10,5,5,246,0,0,0,0.11995490001572762,14,0,0.15308641975308643,1,"[{""node"":""N3"",""tasks"":1,""started"":1,""wait"":10.0,""unstarted"":0},{""node"":""N4"",""tasks"":3,""started"":3,""wait"":25.0,""unstarted"":0},{""node"":""N5"",""tasks"":3,""started"":2,""wait"":26.5,""unstarted"":1},{""node"":""N6"",""tasks"":1,""started"":0,""wait"":null,""unstarted"":1},{""node"":""N7"",""tasks"":2,""started"":2,""wait"":28.5,""unstarted"":0},{""node"":""N8"",""tasks"":2,""started"":2,""wait"":31.5,""unstarted"":0}]"
17,0.5,11,low,static,4,12,0.4,16.75,16.5,267,4,20,0,133,0,0,0,0.01100239998777397,1,0,0.16791044776119404,2,"[{""node"":""N3"",""tasks"":1,""started"":1,""wait"":10.0,""unstarted"":0},{""node"":""N4"",""tasks"":3,""started"":1,""wait"":15.0,""unstarted"":2},{""node"":""N5"",""tasks"":3,""started"":1,""wait"":18.0,""unstarted"":2},{""node"":""N6"",""tasks"":1,""started"":0,""wait"":null,""unstarted"":1},{""node"":""N7"",""tasks"":2,""started"":1,""wait"":24.0,""unstarted"":1},{""node"":""N8"",""tasks"":2,""started"":0,""wait"":null,""unstarted"":2}]"
17,0.5,11,medium,greedy,13,24,0.8,27.428571428571427,35.0,1782,14,26,50,208,12,4,0,0.019278300009318627,18,18,0.2607929515418502,1,"[{""node"":""N3"",""tasks"":2,""started"":2,""wait"":6.5,""unstarted"":0},{""node"":""N4"",""tasks"":6,""started"":6,""wait"":36.0,""unstarted"":0},{""node"":""N5"",""tasks"":6,""started"":3,""wait"":33.0,""unstarted"":3},{""node"":""N6"",""tasks"":2,""started"":0,""wait"":null,""unstarted"":2},{""node"":""N7"",""tasks"":4,""started"":2,""wait"":18.0,""unstarted"":2},{""node"":""N8"",""tasks"":4,""started"":1,""wait"":20.0,""unstarted"":3}]"
17,0.5,11,medium,rolling,17,24,0.9,27.0,34.2,2142,18,17,68,251,7,6,0,0.8815263999858871,18,0,0.30885017421602784,1,"[{""node"":""N3"",""tasks"":2,""started"":2,""wait"":6.5,""unstarted"":0},{""node"":""N4"",""tasks"":6,""started"":6,""wait"":25.333333333333332,""unstarted"":0},{""node"":""N5"",""tasks"":6,""started"":4,""wait"":47.5,""unstarted"":2},{""node"":""N6"",""tasks"":2,""started"":0,""wait"":null,""unstarted"":2},{""node"":""N7"",""tasks"":4,""started"":4,""wait"":25.25,""unstarted"":0},{""node"":""N8"",""tasks"":4,""started"":2,""wait"":15.0,""unstarted"":2}]"
17,0.5,11,medium,rolling_forecast,17,24,0.9,27.0,34.2,2142,18,17,68,251,7,6,0,0.8621660000353586,18,0,0.30885017421602784,1,"[{""node"":""N3"",""tasks"":2,""started"":2,""wait"":6.5,""unstarted"":0},{""node"":""N4"",""tasks"":6,""started"":6,""wait"":25.333333333333332,""unstarted"":0},{""node"":""N5"",""tasks"":6,""started"":4,""wait"":47.5,""unstarted"":2},{""node"":""N6"",""tasks"":2,""started"":0,""wait"":null,""unstarted"":2},{""node"":""N7"",""tasks"":4,""started"":4,""wait"":25.25,""unstarted"":0},{""node"":""N8"",""tasks"":4,""started"":2,""wait"":15.0,""unstarted"":2}]"
17,0.5,11,medium,static,4,24,0.2,16.75,16.5,267,4,49,0,133,0,0,0,0.011204399997950532,1,0,0.16791044776119404,2,"[{""node"":""N3"",""tasks"":2,""started"":1,""wait"":10.0,""unstarted"":1},{""node"":""N4"",""tasks"":6,""started"":1,""wait"":15.0,""unstarted"":5},{""node"":""N5"",""tasks"":6,""started"":1,""wait"":18.0,""unstarted"":5},{""node"":""N6"",""tasks"":2,""started"":0,""wait"":null,""unstarted"":2},{""node"":""N7"",""tasks"":4,""started"":1,""wait"":24.0,""unstarted"":3},{""node"":""N8"",""tasks"":4,""started"":0,""wait"":null,""unstarted"":4}]"
17,0.75,18,high,greedy,23,36,0.6,29.32,38.63636363636363,2925,25,32,123,388,28,15,0,0.04979579999053385,22,22,0.24554428297230593,0,"[{""node"":""N3"",""tasks"":3,""started"":3,""wait"":7.333333333333333,""unstarted"":0},{""node"":""N4"",""tasks"":9,""started"":6,""wait"":39.166666666666664,""unstarted"":3},{""node"":""N5"",""tasks"":9,""started"":8,""wait"":37.625,""unstarted"":1},{""node"":""N6"",""tasks"":3,""started"":3,""wait"":20.666666666666668,""unstarted"":0},{""node"":""N7"",""tasks"":6,""started"":3,""wait"":18.666666666666668,""unstarted"":3},{""node"":""N8"",""tasks"":6,""started"":2,""wait"":28.5,""unstarted"":4}]"
17,0.75,18,high,rolling,23,36,0.6666666666666666,29.46153846153846,33.5,3060,26,31,151,390,18,36,0,3.2150408000015887,22,1,0.19992947361672114,0,"[{""node"":""N3"",""tasks"":3,""started"":3,""wait"":7.333333333333333,""unstarted"":0},{""node"":""N4"",""tasks"":9,""started"":8,""wait"":35.125,""unstarted"":1},{""node"":""N5"",""tasks"":9,""started"":7,""wait"":33.857142857142854,""unstarted"":2},{""node"":""N6"",""tasks"":3,""started"":1,""wait"":21.0,""unstarted"":2},{""node"":""N7"",""tasks"":6,""started"":4,""wait"":32.75,""unstarted"":2},{""node"":""N8"",""tasks"":6,""started"":3,""wait"":24.666666666666668,""unstarted"":3}]"
17,0.75,18,high,rolling_forecast,24,36,0.6666666666666666,29.535714285714285,35.5,3145,28,30,146,401,16,28,0,2.6942393999779597,22,3,0.22508904691282908,0,"[{""node"":""N3"",""tasks"":3,""started"":3,""wait"":7.333333333333333,""unstarted"":0},{""node"":""N4"",""tasks"":9,""started"":8,""wait"":36.125,""unstarted"":1},{""node"":""N5"",""tasks"":9,""started"":7,""wait"":37.57142857142857,""unstarted"":2},{""node"":""N6"",""tasks"":3,""started"":3,""wait"":31.333333333333332,""unstarted"":0},{""node"":""N7"",""tasks"":6,""started"":4,""wait"":26.5,""unstarted"":2},{""node"":""N8"",""tasks"":6,""started"":3,""wait"":17.666666666666668,""unstarted"":3}]"
17,0.75,18,high,static,4,36,0.13333333333333333,14.75,14.5,235,4,78,0,117,0,0,0,0.017112100002123043,1,0,0.1906779661016949,2,"[{""node"":""N3"",""tasks"":3,""started"":1,""wait"":8.0,""unstarted"":2},{""node"":""N4"",""tasks"":9,""started"":1,""wait"":13.0,""unstarted"":8},{""node"":""N5"",""tasks"":9,""started"":1,""wait"":16.0,""unstarted"":8},{""node"":""N6"",""tasks"":3,""started"":0,""wait"":null,""unstarted"":3},{""node"":""N7"",""tasks"":6,""started"":1,""wait"":22.0,""unstarted"":5},{""node"":""N8"",""tasks"":6,""started"":0,""wait"":null,""unstarted"":6}]"
17,0.75,18,low,greedy,12,12,1.0,19.166666666666668,17.0,808,12,0,0,314,0,0,0,0.00445890000264626,14,14,0.17585873246250602,0,"[{""node"":""N3"",""tasks"":1,""started"":1,""wait"":8.0,""unstarted"":0},{""node"":""N4"",""tasks"":3,""started"":3,""wait"":20.333333333333332,""unstarted"":0},{""node"":""N5"",""tasks"":3,""started"":3,""wait"":14.0,""unstarted"":0},{""node"":""N6"",""tasks"":1,""started"":1,""wait"":26.0,""unstarted"":0},{""node"":""N7"",""tasks"":2,""started"":2,""wait"":23.0,""unstarted"":0},{""node"":""N8"",""tasks"":2,""started"":2,""wait"":23.5,""unstarted"":0}]"
17,0.75,18,low,rolling,12,12,1.0,19.166666666666668,17.0,808,12,0,0,314,0,0,0,0.12209299998357892,14,0,0.17585873246250602,0,"[{""node"":""N3"",""tasks"":1,""started"":1,""wait"":8.0,""unstarted"":0},{""node"":""N4"",""tasks"":3,""started"":3,""wait"":20.333333333333332,""unstarted"":0},{""node"":""N5"",""tasks"":3,""started"":3,""wait"":14.0,""unstarted"":0},{""node"":""N6"",""tasks"":1,""started"":1,""wait"":26.0,""unstarted"":0},{""node"":""N7"",""tasks"":2,""started"":2,""wait"":23.0,""unstarted"":0},{""node"":""N8"",""tasks"":2,""started"":2,""wait"":23.5,""unstarted"":0}]"
17,0.75,18,low,rolling_forecast,12,12,1.0,16.916666666666668,17.0,747,12,0,0,329,0,0,0,0.12628019996918738,14,0,0.1378316032295271,0,"[{""node"":""N3"",""tasks"":1,""started"":1,""wait"":8.0,""unstarted"":0},{""node"":""N4"",""tasks"":3,""started"":3,""wait"":20.333333333333332,""unstarted"":0},{""node"":""N5"",""tasks"":3,""started"":3,""wait"":14.0,""unstarted"":0},{""node"":""N6"",""tasks"":1,""started"":1,""wait"":16.0,""unstarted"":0},{""node"":""N7"",""tasks"":2,""started"":2,""wait"":19.0,""unstarted"":0},{""node"":""N8"",""tasks"":2,""started"":2,""wait"":19.0,""unstarted"":0}]"
17,0.75,18,low,static,4,12,0.4,14.75,14.5,235,4,20,0,117,0,0,0,0.015212800004519522,1,0,0.1906779661016949,2,"[{""node"":""N3"",""tasks"":1,""started"":1,""wait"":8.0,""unstarted"":0},{""node"":""N4"",""tasks"":3,""started"":1,""wait"":13.0,""unstarted"":2},{""node"":""N5"",""tasks"":3,""started"":1,""wait"":16.0,""unstarted"":2},{""node"":""N6"",""tasks"":1,""started"":0,""wait"":null,""unstarted"":1},{""node"":""N7"",""tasks"":2,""started"":1,""wait"":22.0,""unstarted"":1},{""node"":""N8"",""tasks"":2,""started"":0,""wait"":null,""unstarted"":2}]"
17,0.75,18,medium,greedy,19,24,1.0,29.285714285714285,23.0,2305,21,10,106,306,11,6,0,0.013522100052796304,18,18,0.3407574901074053,1,"[{""node"":""N3"",""tasks"":2,""started"":2,""wait"":4.5,""unstarted"":0},{""node"":""N4"",""tasks"":6,""started"":6,""wait"":26.0,""unstarted"":0},{""node"":""N5"",""tasks"":6,""started"":6,""wait"":20.833333333333332,""unstarted"":0},{""node"":""N6"",""tasks"":2,""started"":0,""wait"":null,""unstarted"":2},{""node"":""N7"",""tasks"":4,""started"":4,""wait"":36.75,""unstarted"":0},{""node"":""N8"",""tasks"":4,""started"":3,""wait"":59.333333333333336,""unstarted"":1}]"
17,0.75,18,medium,rolling,22,24,0.9,21.695652173913043,24.3,1875,23,5,13,327,0,0,0,0.8269979000033345,18,0,0.2323880261084853,0,"[{""node"":""N3"",""tasks"":2,""started"":2,""wait"":4.5,""unstarted"":0},{""node"":""N4"",""tasks"":6,""started"":6,""wait"":22.0,""unstarted"":0},{""node"":""N5"",""tasks"":6,""started"":6,""wait"":27.0,""unstarted"":0},{""node"":""N6"",""tasks"":2,""started"":2,""wait"":27.0,""unstarted"":0},{""node"":""N7"",""tasks"":4,""started"":4,""wait"":13.25,""unstarted"":0},{""node"":""N8"",""tasks"":4,""started"":3,""wait"":29.666666666666668,""unstarted"":1}]"
17,0.75,18,medium,rolling_forecast,21,24,0.8,22.869565217391305,28.9,2108,23,8,46,357,2,4,0,0.6636031000089133,18,0,0.21528246680171054,0,"[{""node"":""N3"",""tasks"":2,""started"":2,""wait"":4.5,""unstarted"":0},{""node"":""N4"",""tasks"":6,""started"":6,""wait"":26.333333333333332,""unstarted"":0},{""node"":""N5"",""tasks"":6,""started"":6,""wait"":30.333333333333332,""unstarted"":0},{""node"":""N6"",""tasks"":2,""started"":1,""wait"":24.0,""unstarted"":1},{""node"":""N7"",""tasks"":4,""started"":4,""wait"":17.25,""unstarted"":0},{""node"":""N8"",""tasks"":4,""started"":4,""wait"":21.0,""unstarted"":0}]"
17,0.75,18,medium,static,4,24,0.2,14.75,14.5,235,4,49,0,117,0,0,0,0.018416000006254762,1,0,0.1906779661016949,2,"[{""node"":""N3"",""tasks"":2,""started"":1,""wait"":8.0,""unstarted"":1},{""node"":""N4"",""tasks"":6,""started"":1,""wait"":13.0,""unstarted"":5},{""node"":""N5"",""tasks"":6,""started"":1,""wait"":16.0,""unstarted"":5},{""node"":""N6"",""tasks"":2,""started"":0,""wait"":null,""unstarted"":2},{""node"":""N7"",""tasks"":4,""started"":1,""wait"":22.0,""unstarted"":3},{""node"":""N8"",""tasks"":4,""started"":0,""wait"":null,""unstarted"":4}]"
17,1,26,high,greedy,26,36,0.8,29.035714285714285,33.57142857142857,3337,28,23,74,506,32,22,0,0.04646640000282787,22,22,0.21816907986922,0,"[{""node"":""N3"",""tasks"":3,""started"":3,""wait"":7.333333333333333,""unstarted"":0},{""node"":""N4"",""tasks"":9,""started"":8,""wait"":34.875,""unstarted"":1},{""node"":""N5"",""tasks"":9,""started"":9,""wait"":33.55555555555556,""unstarted"":0},{""node"":""N6"",""tasks"":3,""started"":1,""wait"":21.0,""unstarted"":2},{""node"":""N7"",""tasks"":6,""started"":3,""wait"":18.666666666666668,""unstarted"":3},{""node"":""N8"",""tasks"":6,""started"":4,""wait"":33.25,""unstarted"":2}]"
17,1,26,high,rolling,26,36,0.8,29.24137931034483,32.5,3362,29,23,79,489,16,49,0,3.1358073000446893,22,3,0.22574385510996126,0,"[{""node"":""N3"",""tasks"":3,""started"":3,""wait"":7.333333333333333,""unstarted"":0},{""node"":""N4"",""tasks"":9,""started"":8,""wait"":31.0,""unstarted"":1},{""node"":""N5"",""tasks"":9,""started"":9,""wait"":36.44444444444444,""unstarted"":0},{""node"":""N6"",""tasks"":3,""started"":1,""wait"":46.0,""unstarted"":2},{""node"":""N7"",""tasks"":6,""started"":4,""wait"":25.0,""unstarted"":2},{""node"":""N8"",""tasks"":6,""started"":4,""wait"":26.0,""unstarted"":2}]"
17,1,26,high,rolling_forecast,31,36,0.9333333333333333,24.0,23.8,3092,34,11,54,455,23,17,0,2.2944691000011517,22,1,0.22475042136652407,0,"[{""node"":""N3"",""tasks"":3,""started"":3,""wait"":7.333333333333333,""unstarted"":0},{""node"":""N4"",""tasks"":9,""started"":9,""wait"":19.22222222222222,""unstarted"":0},{""node"":""N5"",""tasks"":9,""started"":9,""wait"":32.77777777777778,""unstarted"":0},{""node"":""N6"",""tasks"":3,""started"":1,""wait"":35.0,""unstarted"":2},{""node"":""N7"",""tasks"":6,""started"":6,""wait"":30.166666666666668,""unstarted"":0},{""node"":""N8"",""tasks"":6,""started"":6,""wait"":18.333333333333332,""unstarted"":0}]"
17,1,26,high,static,4,36,0.13333333333333333,14.75,14.5,235,4,78,0,117,0,0,0,0.02107339999929536,1,0,0.1906779661016949,2,"[{""node"":""N3"",""tasks"":3,""started"":1,""wait"":8.0,""unstarted"":2},{""node"":""N4"",""tasks"":9,""started"":1,""wait"":13.0,""unstarted"":8},{""node"":""N5"",""tasks"":9,""started"":1,""wait"":16.0,""unstarted"":8},{""node"":""N6"",""tasks"":3,""started"":0,""wait"":null,""unstarted"":3},{""node"":""N7"",""tasks"":6,""started"":1,""wait"":22.0,""unstarted"":5},{""node"":""N8"",""tasks"":6,""started"":0,""wait"":null,""unstarted"":6}]"
17,1,26,low,greedy,12,12,1.0,18.0,16.6,782,12,0,0,312,0,0,0,0.004561399968224578,14,14,0.16989768443726444,0,"[{""node"":""N3"",""tasks"":1,""started"":1,""wait"":8.0,""unstarted"":0},{""node"":""N4"",""tasks"":3,""started"":3,""wait"":19.666666666666668,""unstarted"":0},{""node"":""N5"",""tasks"":3,""started"":3,""wait"":14.0,""unstarted"":0},{""node"":""N6"",""tasks"":1,""started"":1,""wait"":16.0,""unstarted"":0},{""node"":""N7"",""tasks"":2,""started"":2,""wait"":22.0,""unstarted"":0},{""node"":""N8"",""tasks"":2,""started"":2,""wait"":23.5,""unstarted"":0}]"
17,1,26,low,rolling,12,12,1.0,18.0,16.6,782,12,0,0,312,0,0,0,0.15615910003543831,14,0,0.16989768443726444,0,"[{""node"":""N3"",""tasks"":1,""started"":1,""wait"":8.0,""unstarted"":0},{""node"":""N4"",""tasks"":3,""started"":3,""wait"":19.666666666666668,""unstarted"":0},{""node"":""N5"",""tasks"":3,""started"":3,""wait"":14.0,""unstarted"":0},{""node"":""N6"",""tasks"":1,""started"":1,""wait"":16.0,""unstarted"":0},{""node"":""N7"",""tasks"":2,""started"":2,""wait"":22.0,""unstarted"":0},{""node"":""N8"",""tasks"":2,""started"":2,""wait"":23.5,""unstarted"":0}]"
17,1,26,low,rolling_forecast,12,12,1.0,16.583333333333332,16.2,727,12,0,0,371,0,0,0,0.16426370000408497,14,0,0.13742690058479534,0,"[{""node"":""N3"",""tasks"":1,""started"":1,""wait"":8.0,""unstarted"":0},{""node"":""N4"",""tasks"":3,""started"":3,""wait"":19.666666666666668,""unstarted"":0},{""node"":""N5"",""tasks"":3,""started"":3,""wait"":13.333333333333334,""unstarted"":0},{""node"":""N6"",""tasks"":1,""started"":1,""wait"":16.0,""unstarted"":0},{""node"":""N7"",""tasks"":2,""started"":2,""wait"":19.0,""unstarted"":0},{""node"":""N8"",""tasks"":2,""started"":2,""wait"":19.0,""unstarted"":0}]"
17,1,26,low,static,4,12,0.4,14.75,14.5,235,4,20,0,117,0,0,0,0.028791700009605847,1,0,0.1906779661016949,2,"[{""node"":""N3"",""tasks"":1,""started"":1,""wait"":8.0,""unstarted"":0},{""node"":""N4"",""tasks"":3,""started"":1,""wait"":13.0,""unstarted"":2},{""node"":""N5"",""tasks"":3,""started"":1,""wait"":16.0,""unstarted"":2},{""node"":""N6"",""tasks"":1,""started"":0,""wait"":null,""unstarted"":1},{""node"":""N7"",""tasks"":2,""started"":1,""wait"":22.0,""unstarted"":1},{""node"":""N8"",""tasks"":2,""started"":0,""wait"":null,""unstarted"":2}]"
17,1,26,medium,greedy,24,24,1.0,21.5,17.8,1840,24,0,14,449,3,2,0,0.010383599990746006,18,18,0.2672214516874711,0,"[{""node"":""N3"",""tasks"":2,""started"":2,""wait"":4.5,""unstarted"":0},{""node"":""N4"",""tasks"":6,""started"":6,""wait"":18.0,""unstarted"":0},{""node"":""N5"",""tasks"":6,""started"":6,""wait"":20.166666666666668,""unstarted"":0},{""node"":""N6"",""tasks"":2,""started"":2,""wait"":16.0,""unstarted"":0},{""node"":""N7"",""tasks"":4,""started"":4,""wait"":23.25,""unstarted"":0},{""node"":""N8"",""tasks"":4,""started"":4,""wait"":38.25,""unstarted"":0}]"
17,1,26,medium,rolling,24,24,1.0,18.333333333333332,19.7,1650,24,0,0,368,0,1,0,0.5367994999542134,18,0,0.2213389121338912,0,"[{""node"":""N3"",""tasks"":2,""started"":2,""wait"":4.5,""unstarted"":0},{""node"":""N4"",""tasks"":6,""started"":6,""wait"":18.0,""unstarted"":0},{""node"":""N5"",""tasks"":6,""started"":6,""wait"":23.333333333333332,""unstarted"":0},{""node"":""N6"",""tasks"":2,""started"":2,""wait"":16.0,""unstarted"":0},{""node"":""N7"",""tasks"":4,""started"":4,""wait"":13.25,""unstarted"":0},{""node"":""N8"",""tasks"":4,""started"":4,""wait"":24.5,""unstarted"":0}]"
17,1,26,medium,rolling_forecast,24,24,1.0,16.291666666666668,15.4,1417,24,0,0,404,0,2,0,0.4153591000213055,18,0,0.14466849984723493,0,"[{""node"":""N3"",""tasks"":2,""started"":2,""wait"":4.5,""unstarted"":0},{""node"":""N4"",""tasks"":6,""started"":6,""wait"":16.333333333333332,""unstarted"":0},{""node"":""N5"",""tasks"":6,""started"":6,""wait"":17.833333333333332,""unstarted"":0},{""node"":""N6"",""tasks"":2,""started"":2,""wait"":16.0,""unstarted"":0},{""node"":""N7"",""tasks"":4,""started"":4,""wait"":17.25,""unstarted"":0},{""node"":""N8"",""tasks"":4,""started"":4,""wait"":19.0,""unstarted"":0}]"
17,1,26,medium,static,4,24,0.2,14.75,14.5,235,4,49,0,117,0,0,0,0.03606729999592062,1,0,0.1906779661016949,2,"[{""node"":""N3"",""tasks"":2,""started"":1,""wait"":8.0,""unstarted"":1},{""node"":""N4"",""tasks"":6,""started"":1,""wait"":13.0,""unstarted"":5},{""node"":""N5"",""tasks"":6,""started"":1,""wait"":16.0,""unstarted"":5},{""node"":""N6"",""tasks"":2,""started"":0,""wait"":null,""unstarted"":2},{""node"":""N7"",""tasks"":4,""started"":1,""wait"":22.0,""unstarted"":3},{""node"":""N8"",""tasks"":4,""started"":0,""wait"":null,""unstarted"":4}]"
18,0.35,8,high,greedy,12,36,0.3333333333333333,24.666666666666668,34.0,1228,12,61,29,132,1,2,0,0.03290929994545877,22,22,0.18794326241134754,2,"[{""node"":""N3"",""tasks"":3,""started"":3,""wait"":12.666666666666666,""unstarted"":0},{""node"":""N4"",""tasks"":9,""started"":5,""wait"":34.0,""unstarted"":4},{""node"":""N5"",""tasks"":9,""started"":0,""wait"":null,""unstarted"":9},{""node"":""N6"",""tasks"":3,""started"":0,""wait"":null,""unstarted"":3},{""node"":""N7"",""tasks"":6,""started"":3,""wait"":20.333333333333332,""unstarted"":3},{""node"":""N8"",""tasks"":6,""started"":1,""wait"":27.0,""unstarted"":5}]"
18,0.35,8,high,rolling,13,36,0.3333333333333333,24.46153846153846,33.8,1292,13,59,46,132,8,17,0,1.7758289999619592,22,0,0.1853667392883079,2,"[{""node"":""N3"",""tasks"":3,""started"":3,""wait"":12.666666666666666,""unstarted"":0},{""node"":""N4"",""tasks"":9,""started"":5,""wait"":33.8,""unstarted"":4},{""node"":""N5"",""tasks"":9,""started"":0,""wait"":null,""unstarted"":9},{""node"":""N6"",""tasks"":3,""started"":0,""wait"":null,""unstarted"":3},{""node"":""N7"",""tasks"":6,""started"":3,""wait"":20.333333333333332,""unstarted"":3},{""node"":""N8"",""tasks"":6,""started"":2,""wait"":25.0,""unstarted"":4}]"
18,0.35,8,high,rolling_forecast,12,36,0.2,30.46153846153846,38.25,1494,13,63,112,136,5,15,0,1.5430593000201043,22,0,0.25978336827393433,2,"[{""node"":""N3"",""tasks"":3,""started"":3,""wait"":12.666666666666666,""unstarted"":0},{""node"":""N4"",""tasks"":9,""started"":4,""wait"":38.25,""unstarted"":5},{""node"":""N5"",""tasks"":9,""started"":0,""wait"":null,""unstarted"":9},{""node"":""N6"",""tasks"":3,""started"":0,""wait"":null,""unstarted"":3},{""node"":""N7"",""tasks"":6,""started"":3,""wait"":20.333333333333332,""unstarted"":3},{""node"":""N8"",""tasks"":6,""started"":3,""wait"":48.0,""unstarted"":3}]"
18,0.35,8,high,static,3,36,0.06666666666666667,16.333333333333332,15.0,177,3,81,0,86,0,0,0,0.008184600010281429,1,0,0.21768707482993196,3,"[{""node"":""N3"",""tasks"":3,""started"":1,""wait"":9.0,""unstarted"":2},{""node"":""N4"",""tasks"":9,""started"":1,""wait"":15.0,""unstarted"":8},{""node"":""N5"",""tasks"":9,""started"":0,""wait"":null,""unstarted"":9},{""node"":""N6"",""tasks"":3,""started"":0,""wait"":null,""unstarted"":3},{""node"":""N7"",""tasks"":6,""started"":1,""wait"":25.0,""unstarted"":5},{""node"":""N8"",""tasks"":6,""started"":0,""wait"":null,""unstarted"":6}]"
18,0.35,8,low,greedy,7,12,0.6,32.57142857142857,17.333333333333332,788,7,13,62,153,1,1,0,0.006256599983316846,14,14,0.4380952380952381,1,"[{""node"":""N3"",""tasks"":1,""started"":1,""wait"":9.0,""unstarted"":0},{""node"":""N4"",""tasks"":3,""started"":2,""wait"":20.0,""unstarted"":1},{""node"":""N5"",""tasks"":3,""started"":1,""wait"":12.0,""unstarted"":2},{""node"":""N6"",""tasks"":1,""started"":0,""wait"":null,""unstarted"":1},{""node"":""N7"",""tasks"":2,""started"":2,""wait"":40.0,""unstarted"":0},{""node"":""N8"",""tasks"":2,""started"":1,""wait"":87.0,""unstarted"":1}]"
18,0.35,8,low,rolling,7,12,0.6,24.857142857142858,26.333333333333332,680,7,13,0,161,1,1,0,0.12545289999980014,14,0,0.2360655737704918,1,"[{""node"":""N3"",""tasks"":1,""started"":1,""wait"":9.0,""unstarted"":0},{""node"":""N4"",""tasks"":3,""started"":2,""wait"":20.0,""unstarted"":1},{""node"":""N5"",""tasks"":3,""started"":1,""wait"":39.0,""unstarted"":2},{""node"":""N6"",""tasks"":1,""started"":0,""wait"":null,""unstarted"":1},{""node"":""N7"",""tasks"":2,""started"":2,""wait"":32.0,""unstarted"":0},{""node"":""N8"",""tasks"":2,""started"":1,""wait"":22.0,""unstarted"":1}]"
18,0.35,8,low,rolling_forecast,7,12,0.6,24.857142857142858,26.333333333333332,680,7,13,0,161,1,1,0,0.13335930000175722,14,0,0.2360655737704918,1,"[{""node"":""N3"",""tasks"":1,""started"":1,""wait"":9.0,""unstarted"":0},{""node"":""N4"",""tasks"":3,""started"":2,""wait"":20.0,""unstarted"":1},{""node"":""N5"",""tasks"":3,""started"":1,""wait"":39.0,""unstarted"":2},{""node"":""N6"",""tasks"":1,""started"":0,""wait"":null,""unstarted"":1},{""node"":""N7"",""tasks"":2,""started"":2,""wait"":32.0,""unstarted"":0},{""node"":""N8"",""tasks"":2,""started"":1,""wait"":22.0,""unstarted"":1}]"
18,0.35,8,low,static,3,12,0.2,16.333333333333332,15.0,177,3,23,0,86,0,0,0,0.0056539999932283536,1,0,0.21768707482993196,3,"[{""node"":""N3"",""tasks"":1,""started"":1,""wait"":9.0,""unstarted"":0},{""node"":""N4"",""tasks"":3,""started"":1,""wait"":15.0,""unstarted"":2},{""node"":""N5"",""tasks"":3,""started"":0,""wait"":null,""unstarted"":3},{""node"":""N6"",""tasks"":1,""started"":0,""wait"":null,""unstarted"":1},{""node"":""N7"",""tasks"":2,""started"":1,""wait"":25.0,""unstarted"":1},{""node"":""N8"",""tasks"":2,""started"":0,""wait"":null,""unstarted"":2}]"
18,0.35,8,medium,greedy,10,24,0.5,24.545454545454547,32.833333333333336,1204,11,35,16,138,0,2,0,0.014715700017404743,18,18,0.2711864406779661,1,"[{""node"":""N3"",""tasks"":2,""started"":2,""wait"":7.5,""unstarted"":0},{""node"":""N4"",""tasks"":6,""started"":4,""wait"":28.0,""unstarted"":2},{""node"":""N5"",""tasks"":6,""started"":2,""wait"":42.5,""unstarted"":4},{""node"":""N6"",""tasks"":2,""started"":0,""wait"":null,""unstarted"":2},{""node"":""N7"",""tasks"":4,""started"":2,""wait"":18.0,""unstarted"":2},{""node"":""N8"",""tasks"":4,""started"":1,""wait"":22.0,""unstarted"":3}]"
18,0.35,8,medium,rolling,10,24,0.5,24.545454545454547,32.833333333333336,1204,11,35,16,138,4,1,0,0.5257389000325929,18,0,0.2711864406779661,1,"[{""node"":""N3"",""tasks"":2,""started"":2,""wait"":7.5,""unstarted"":0},{""node"":""N4"",""tasks"":6,""started"":4,""wait"":28.0,""unstarted"":2},{""node"":""N5"",""tasks"":6,""started"":2,""wait"":42.5,""unstarted"":4},{""node"":""N6"",""tasks"":2,""started"":0,""wait"":null,""unstarted"":2},{""node"":""N7"",""tasks"":4,""started"":2,""wait"":18.0,""unstarted"":2},{""node"":""N8"",""tasks"":4,""started"":1,""wait"":22.0,""unstarted"":3}]"
18,0.35,8,medium,rolling_forecast,10,24,0.5,24.545454545454547,32.833333333333336,1204,11,35,16,138,4,1,0,0.5316802000015741,18,0,0.2711864406779661,1,"[{""node"":""N3"",""tasks"":2,""started"":2,""wait"":7.5,""unstarted"":0},{""node"":""N4"",""tasks"":6,""started"":4,""wait"":28.0,""unstarted"":2},{""node"":""N5"",""tasks"":6,""started"":2,""wait"":42.5,""unstarted"":4},{""node"":""N6"",""tasks"":2,""started"":0,""wait"":null,""unstarted"":2},{""node"":""N7"",""tasks"":4,""started"":2,""wait"":18.0,""unstarted"":2},{""node"":""N8"",""tasks"":4,""started"":1,""wait"":22.0,""unstarted"":3}]"
18,0.35,8,medium,static,3,24,0.1,16.333333333333332,15.0,177,3,52,0,86,0,0,0,0.005212600008235313,1,0,0.21768707482993196,3,"[{""node"":""N3"",""tasks"":2,""started"":1,""wait"":9.0,""unstarted"":1},{""node"":""N4"",""tasks"":6,""started"":1,""wait"":15.0,""unstarted"":5},{""node"":""N5"",""tasks"":6,""started"":0,""wait"":null,""unstarted"":6},{""node"":""N6"",""tasks"":2,""started"":0,""wait"":null,""unstarted"":2},{""node"":""N7"",""tasks"":4,""started"":1,""wait"":25.0,""unstarted"":3},{""node"":""N8"",""tasks"":4,""started"":0,""wait"":null,""unstarted"":4}]"
18,0.5,11,high,greedy,16,36,0.4666666666666667,34.588235294117645,40.5,2412,17,51,152,228,17,12,0,0.03275659997598268,22,22,0.24010761987124052,1,"[{""node"":""N3"",""tasks"":3,""started"":3,""wait"":12.666666666666666,""unstarted"":0},{""node"":""N4"",""tasks"":9,""started"":5,""wait"":47.2,""unstarted"":4},{""node"":""N5"",""tasks"":9,""started"":3,""wait"":29.333333333333332,""unstarted"":6},{""node"":""N6"",""tasks"":3,""started"":0,""wait"":null,""unstarted"":3},{""node"":""N7"",""tasks"":6,""started"":4,""wait"":28.75,""unstarted"":2},{""node"":""N8"",""tasks"":6,""started"":2,""wait"":55.5,""unstarted"":4}]"
18,0.5,11,high,rolling,16,36,0.4666666666666667,34.473684210526315,42.22222222222222,2725,19,51,189,228,16,30,0,2.82829920007498,22,0,0.2476652326945639,1,"[{""node"":""N3"",""tasks"":3,""started"":3,""wait"":12.666666666666666,""unstarted"":0},{""node"":""N4"",""tasks"":9,""started"":7,""wait"":48.285714285714285,""unstarted"":2},{""node"":""N5"",""tasks"":9,""started"":2,""wait"":21.0,""unstarted"":7},{""node"":""N6"",""tasks"":3,""started"":0,""wait"":null,""unstarted"":3},{""node"":""N7"",""tasks"":6,""started"":4,""wait"":26.25,""unstarted"":2},{""node"":""N8"",""tasks"":6,""started"":3,""wait"":44.0,""unstarted"":3}]"
18,0.5,11,high,rolling_forecast,14,36,0.4666666666666667,28.533333333333335,32.57142857142857,1740,15,55,78,240,20,44,0,2.4886069999920437,22,2,0.25096262740656844,1,"[{""node"":""N3"",""tasks"":3,""started"":3,""wait"":12.666666666666666,""unstarted"":0},{""node"":""N4"",""tasks"":9,""started"":3,""wait"":26.666666666666668,""unstarted"":6},{""node"":""N5"",""tasks"":9,""started"":4,""wait"":37.0,""unstarted"":5},{""node"":""N6"",""tasks"":3,""started"":0,""wait"":null,""unstarted"":3},{""node"":""N7"",""tasks"":6,""started"":3,""wait"":20.333333333333332,""unstarted"":3},{""node"":""N8"",""tasks"":6,""started"":2,""wait"":50.5,""unstarted"":4}]"
18,0.5,11,high,static,4,36,0.13333333333333333,16.75,16.5,267,4,78,0,131,0,0,0,0.009724899995489977,1,0,0.19029850746268656,2,"[{""node"":""N3"",""tasks"":3,""started"":1,""wait"":9.0,""unstarted"":2},{""node"":""N4"",""tasks"":9,""started"":1,""wait"":15.0,""unstarted"":8},{""node"":""N5"",""tasks"":9,""started"":1,""wait"":18.0,""unstarted"":8},{""node"":""N6"",""tasks"":3,""started"":0,""wait"":null,""unstarted"":3},{""node"":""N7"",""tasks"":6,""started"":1,""wait"":25.0,""unstarted"":5},{""node"":""N8"",""tasks"":6,""started"":0,""wait"":null,""unstarted"":6}]"
18,0.5,11,low,greedy,9,12,1.0,27.5,17.6,1001,10,7,28,253,0,1,0,0.004278699998394586,14,14,0.32300000000000006,1,"[{""node"":""N3"",""tasks"":1,""started"":1,""wait"":9.0,""unstarted"":0},{""node"":""N4"",""tasks"":3,""started"":3,""wait"":17.333333333333332,""unstarted"":0},{""node"":""N5"",""tasks"":3,""started"":2,""wait"":18.0,""unstarted"":1},{""node"":""N6"",""tasks"":1,""started"":0,""wait"":null,""unstarted"":1},{""node"":""N7"",""tasks"":2,""started"":2,""wait"":35.0,""unstarted"":0},{""node"":""N8"",""tasks"":2,""started"":2,""wait"":54.0,""unstarted"":0}]"
18,0.5,11,low,rolling,10,12,1.0,22.2,20.6,872,10,5,0,238,0,0,0,0.09303469998121727,14,0,0.1755485893416928,1,"[{""node"":""N3"",""tasks"":1,""started"":1,""wait"":9.0,""unstarted"":0},{""node"":""N4"",""tasks"":3,""started"":3,""wait"":18.333333333333332,""unstarted"":0},{""node"":""N5"",""tasks"":3,""started"":2,""wait"":24.0,""unstarted"":1},{""node"":""N6"",""tasks"":1,""started"":0,""wait"":null,""unstarted"":1},{""node"":""N7"",""tasks"":2,""started"":2,""wait"":28.0,""unstarted"":0},{""node"":""N8"",""tasks"":2,""started"":2,""wait"":27.0,""unstarted"":0}]"
18,0.5,11,low,rolling_forecast,10,12,1.0,22.2,20.6,872,10,5,0,238,0,0,0,0.08437990002857987,14,0,0.1755485893416928,1,"[{""node"":""N3"",""tasks"":1,""started"":1,""wait"":9.0,""unstarted"":0},{""node"":""N4"",""tasks"":3,""started"":3,""wait"":18.333333333333332,""unstarted"":0},{""node"":""N5"",""tasks"":3,""started"":2,""wait"":24.0,""unstarted"":1},{""node"":""N6"",""tasks"":1,""started"":0,""wait"":null,""unstarted"":1},{""node"":""N7"",""tasks"":2,""started"":2,""wait"":28.0,""unstarted"":0},{""node"":""N8"",""tasks"":2,""started"":2,""wait"":27.0,""unstarted"":0}]"
18,0.5,11,low,static,4,12,0.4,16.75,16.5,267,4,20,0,131,0,0,0,0.009768000003532507,1,0,0.19029850746268656,2,"[{""node"":""N3"",""tasks"":1,""started"":1,""wait"":9.0,""unstarted"":0},{""node"":""N4"",""tasks"":3,""started"":1,""wait"":15.0,""unstarted"":2},{""node"":""N5"",""tasks"":3,""started"":1,""wait"":18.0,""unstarted"":2},{""node"":""N6"",""tasks"":1,""started"":0,""wait"":null,""unstarted"":1},{""node"":""N7"",""tasks"":2,""started"":1,""wait"":25.0,""unstarted"":1},{""node"":""N8"",""tasks"":2,""started"":0,""wait"":null,""unstarted"":2}]"
18,0.5,11,medium,greedy,13,24,0.8,28.214285714285715,32.0,1761,14,26,54,208,9,6,0,0.014997100064647384,18,18,0.3092165898617511,1,"[{""node"":""N3"",""tasks"":2,""started"":2,""wait"":7.5,""unstarted"":0},{""node"":""N4"",""tasks"":6,""started"":6,""wait"":32.833333333333336,""unstarted"":0},{""node"":""N5"",""tasks"":6,""started"":3,""wait"":30.333333333333332,""unstarted"":3},{""node"":""N6"",""tasks"":2,""started"":0,""wait"":null,""unstarted"":2},{""node"":""N7"",""tasks"":4,""started"":2,""wait"":18.0,""unstarted"":2},{""node"":""N8"",""tasks"":4,""started"":1,""wait"":56.0,""unstarted"":3}]"
18,0.5,11,medium,rolling,15,24,0.8,22.6875,28.22222222222222,1597,16,22,5,234,2,11,0,0.6538512000406627,18,0,0.19894179894179892,1,"[{""node"":""N3"",""tasks"":2,""started"":2,""wait"":7.5,""unstarted"":0},{""node"":""N4"",""tasks"":6,""started"":5,""wait"":28.2,""unstarted"":1},{""node"":""N5"",""tasks"":6,""started"":4,""wait"":28.25,""unstarted"":2},{""node"":""N6"",""tasks"":2,""started"":0,""wait"":null,""unstarted"":2},{""node"":""N7"",""tasks"":4,""started"":4,""wait"":18.0,""unstarted"":0},{""node"":""N8"",""tasks"":4,""started"":1,""wait"":22.0,""unstarted"":3}]"
18,0.5,11,medium,rolling_forecast,15,24,0.8,22.6875,28.22222222222222,1597,16,22,5,234,2,11,0,0.6697464999888325,18,0,0.19894179894179892,1,"[{""node"":""N3"",""tasks"":2,""started"":2,""wait"":7.5,""unstarted"":0},{""node"":""N4"",""tasks"":6,""started"":5,""wait"":28.2,""unstarted"":1},{""node"":""N5"",""tasks"":6,""started"":4,""wait"":28.25,""unstarted"":2},{""node"":""N6"",""tasks"":2,""started"":0,""wait"":null,""unstarted"":2},{""node"":""N7"",""tasks"":4,""started"":4,""wait"":18.0,""unstarted"":0},{""node"":""N8"",""tasks"":4,""started"":1,""wait"":22.0,""unstarted"":3}]"
18,0.5,11,medium,static,4,24,0.2,16.75,16.5,267,4,49,0,131,0,0,0,0.01074539999535773,1,0,0.19029850746268656,2,"[{""node"":""N3"",""tasks"":2,""started"":1,""wait"":9.0,""unstarted"":1},{""node"":""N4"",""tasks"":6,""started"":1,""wait"":15.0,""unstarted"":5},{""node"":""N5"",""tasks"":6,""started"":1,""wait"":18.0,""unstarted"":5},{""node"":""N6"",""tasks"":2,""started"":0,""wait"":null,""unstarted"":2},{""node"":""N7"",""tasks"":4,""started"":1,""wait"":25.0,""unstarted"":3},{""node"":""N8"",""tasks"":4,""started"":0,""wait"":null,""unstarted"":4}]"
18,0.75,18,high,greedy,22,36,0.6,28.44,36.25,2929,25,34,101,392,17,12,0,0.03088129998650402,22,22,0.24483212271346802,0,"[{""node"":""N3"",""tasks"":3,""started"":3,""wait"":7.666666666666667,""unstarted"":0},{""node"":""N4"",""tasks"":9,""started"":7,""wait"":38.142857142857146,""unstarted"":2},{""node"":""N5"",""tasks"":9,""started"":8,""wait"":35.125,""unstarted"":1},{""node"":""N6"",""tasks"":3,""started"":2,""wait"":18.5,""unstarted"":1},{""node"":""N7"",""tasks"":6,""started"":3,""wait"":18.333333333333332,""unstarted"":3},{""node"":""N8"",""tasks"":6,""started"":2,""wait"":24.0,""unstarted"":4}]"
18,0.75,18,high,rolling,26,36,0.6666666666666666,26.285714285714285,27.666666666666668,2872,28,25,92,370,29,22,0,2.610922899970319,22,0,0.20571879313744823,1,"[{""node"":""N3"",""tasks"":3,""started"":3,""wait"":7.666666666666667,""unstarted"":0},{""node"":""N4"",""tasks"":9,""started"":7,""wait"":23.571428571428573,""unstarted"":2},{""node"":""N5"",""tasks"":9,""started"":8,""wait"":35.5,""unstarted"":1},{""node"":""N6"",""tasks"":3,""started"":0,""wait"":null,""unstarted"":3},{""node"":""N7"",""tasks"":6,""started"":6,""wait"":24.0,""unstarted"":0},{""node"":""N8"",""tasks"":6,""started"":4,""wait"":30.0,""unstarted"":2}]"
18,0.75,18,high,rolling_forecast,27,36,0.6666666666666666,27.333333333333332,33.833333333333336,3156,30,23,121,386,30,28,0,2.3252064999833237,22,0,0.21021074385604654,0,"[{""node"":""N3"",""tasks"":3,""started"":3,""wait"":7.666666666666667,""unstarted"":0},{""node"":""N4"",""tasks"":9,""started"":8,""wait"":36.625,""unstarted"":1},{""node"":""N5"",""tasks"":9,""started"":7,""wait"":32.857142857142854,""unstarted"":2},{""node"":""N6"",""tasks"":3,""started"":2,""wait"":29.0,""unstarted"":1},{""node"":""N7"",""tasks"":6,""started"":4,""wait"":25.75,""unstarted"":2},{""node"":""N8"",""tasks"":6,""started"":6,""wait"":18.833333333333332,""unstarted"":0}]"
18,0.75,18,high,static,4,36,0.13333333333333333,14.75,14.5,235,4,78,0,115,0,0,0,0.01314769999589771,1,0,0.21610169491525424,2,"[{""node"":""N3"",""tasks"":3,""started"":1,""wait"":7.0,""unstarted"":2},{""node"":""N4"",""tasks"":9,""started"":1,""wait"":13.0,""unstarted"":8},{""node"":""N5"",""tasks"":9,""started"":1,""wait"":16.0,""unstarted"":8},{""node"":""N6"",""tasks"":3,""started"":0,""wait"":null,""unstarted"":3},{""node"":""N7"",""tasks"":6,""started"":1,""wait"":23.0,""unstarted"":5},{""node"":""N8"",""tasks"":6,""started"":0,""wait"":null,""unstarted"":6}]"
18,0.75,18,low,greedy,12,12,1.0,17.25,12.6,707,12,0,0,301,0,0,0,0.002966200016089715,14,14,0.21068169618894253,0,"[{""node"":""N3"",""tasks"":1,""started"":1,""wait"":7.0,""unstarted"":0},{""node"":""N4"",""tasks"":3,""started"":3,""wait"":13.666666666666666,""unstarted"":0},{""node"":""N5"",""tasks"":3,""started"":3,""wait"":13.333333333333334,""unstarted"":0},{""node"":""N6"",""tasks"":1,""started"":1,""wait"":20.0,""unstarted"":0},{""node"":""N7"",""tasks"":2,""started"":2,""wait"":24.0,""unstarted"":0},{""node"":""N8"",""tasks"":2,""started"":2,""wait"":25.5,""unstarted"":0}]"
18,0.75,18,low,rolling,12,12,1.0,17.25,12.6,707,12,0,0,292,0,0,0,0.07449309997900855,14,0,0.21068169618894253,0,"[{""node"":""N3"",""tasks"":1,""started"":1,""wait"":7.0,""unstarted"":0},{""node"":""N4"",""tasks"":3,""started"":3,""wait"":13.666666666666666,""unstarted"":0},{""node"":""N5"",""tasks"":3,""started"":3,""wait"":13.333333333333334,""unstarted"":0},{""node"":""N6"",""tasks"":1,""started"":1,""wait"":20.0,""unstarted"":0},{""node"":""N7"",""tasks"":2,""started"":2,""wait"":24.0,""unstarted"":0},{""node"":""N8"",""tasks"":2,""started"":2,""wait"":25.5,""unstarted"":0}]"
18,0.75,18,low,rolling_forecast,12,12,1.0,15.25,12.6,647,12,0,0,318,0,0,0,0.06418940000003204,14,0,0.16729441305712492,0,"[{""node"":""N3"",""tasks"":1,""started"":1,""wait"":7.0,""unstarted"":0},{""node"":""N4"",""tasks"":3,""started"":3,""wait"":13.666666666666666,""unstarted"":0},{""node"":""N5"",""tasks"":3,""started"":3,""wait"":13.333333333333334,""unstarted"":0},{""node"":""N6"",""tasks"":1,""started"":1,""wait"":14.0,""unstarted"":0},{""node"":""N7"",""tasks"":2,""started"":2,""wait"":19.5,""unstarted"":0},{""node"":""N8"",""tasks"":2,""started"":2,""wait"":21.0,""unstarted"":0}]"
18,0.75,18,low,static,4,12,0.4,14.75,14.5,235,4,20,0,115,0,0,0,0.015896800003247336,1,0,0.21610169491525424,2,"[{""node"":""N3"",""tasks"":1,""started"":1,""wait"":7.0,""unstarted"":0},{""node"":""N4"",""tasks"":3,""started"":1,""wait"":13.0,""unstarted"":2},{""node"":""N5"",""tasks"":3,""started"":1,""wait"":16.0,""unstarted"":2},{""node"":""N6"",""tasks"":1,""started"":0,""wait"":null,""unstarted"":1},{""node"":""N7"",""tasks"":2,""started"":1,""wait"":23.0,""unstarted"":1},{""node"":""N8"",""tasks"":2,""started"":0,""wait"":null,""unstarted"":2}]"
18,0.75,18,medium,greedy,18,24,0.9,26.428571428571427,22.5,2115,21,13,68,356,11,8,0,0.012440000005881302,18,18,0.300507614213198,1,"[{""node"":""N3"",""tasks"":2,""started"":2,""wait"":5.5,""unstarted"":0},{""node"":""N4"",""tasks"":6,""started"":6,""wait"":21.666666666666668,""unstarted"":0},{""node"":""N5"",""tasks"":6,""started"":6,""wait"":24.5,""unstarted"":0},{""node"":""N6"",""tasks"":2,""started"":0,""wait"":null,""unstarted"":2},{""node"":""N7"",""tasks"":4,""started"":4,""wait"":28.0,""unstarted"":0},{""node"":""N8"",""tasks"":4,""started"":3,""wait"":51.666666666666664,""unstarted"":1}]"
18,0.75,18,medium,rolling,23,24,0.9,22.291666666666668,24.9,1995,24,3,2,325,0,0,0,0.42913920000137296,18,0,0.21114076050700467,0,"[{""node"":""N3"",""tasks"":2,""started"":2,""wait"":5.5,""unstarted"":0},{""node"":""N4"",""tasks"":6,""started"":6,""wait"":24.333333333333332,""unstarted"":0},{""node"":""N5"",""tasks"":6,""started"":6,""wait"":25.833333333333332,""unstarted"":0},{""node"":""N6"",""tasks"":2,""started"":2,""wait"":27.0,""unstarted"":0},{""node"":""N7"",""tasks"":4,""started"":4,""wait"":13.5,""unstarted"":0},{""node"":""N8"",""tasks"":4,""started"":4,""wait"":28.75,""unstarted"":0}]"
18,0.75,18,medium,rolling_forecast,22,24,0.9,22.52173913043478,28.4,2078,23,5,9,328,0,3,0,0.4625094000075478,18,0,0.20922475270301358,0,"[{""node"":""N3"",""tasks"":2,""started"":2,""wait"":5.5,""unstarted"":0},{""node"":""N4"",""tasks"":6,""started"":6,""wait"":29.166666666666668,""unstarted"":0},{""node"":""N5"",""tasks"":6,""started"":6,""wait"":26.833333333333332,""unstarted"":0},{""node"":""N6"",""tasks"":2,""started"":1,""wait"":22.0,""unstarted"":1},{""node"":""N7"",""tasks"":4,""started"":4,""wait"":16.0,""unstarted"":0},{""node"":""N8"",""tasks"":4,""started"":4,""wait"":21.25,""unstarted"":0}]"
18,0.75,18,medium,static,4,24,0.2,14.75,14.5,235,4,49,0,115,0,0,0,0.012735299998894334,1,0,0.21610169491525424,2,"[{""node"":""N3"",""tasks"":2,""started"":1,""wait"":7.0,""unstarted"":1},{""node"":""N4"",""tasks"":6,""started"":1,""wait"":13.0,""unstarted"":5},{""node"":""N5"",""tasks"":6,""started"":1,""wait"":16.0,""unstarted"":5},{""node"":""N6"",""tasks"":2,""started"":0,""wait"":null,""unstarted"":2},{""node"":""N7"",""tasks"":4,""started"":1,""wait"":23.0,""unstarted"":3},{""node"":""N8"",""tasks"":4,""started"":0,""wait"":null,""unstarted"":4}]"
18,1,26,high,greedy,26,36,0.9333333333333333,24.25925925925926,25.533333333333335,2693,27,21,23,475,30,21,0,0.04381069994997233,22,22,0.20084745762711867,0,"[{""node"":""N3"",""tasks"":3,""started"":3,""wait"":7.666666666666667,""unstarted"":0},{""node"":""N4"",""tasks"":9,""started"":9,""wait"":25.0,""unstarted"":0},{""node"":""N5"",""tasks"":9,""started"":9,""wait"":30.11111111111111,""unstarted"":0},{""node"":""N6"",""tasks"":3,""started"":1,""wait"":19.0,""unstarted"":2},{""node"":""N7"",""tasks"":6,""started"":3,""wait"":18.333333333333332,""unstarted"":3},{""node"":""N8"",""tasks"":6,""started"":2,""wait"":31.0,""unstarted"":4}]"
18,1,26,high,rolling,33,36,0.9333333333333333,23.057142857142857,22.2,3011,35,7,38,439,4,11,0,2.0435469999647466,22,0,0.18412558685446007,0,"[{""node"":""N3"",""tasks"":3,""started"":3,""wait"":7.666666666666667,""unstarted"":0},{""node"":""N4"",""tasks"":9,""started"":9,""wait"":19.555555555555557,""unstarted"":0},{""node"":""N5"",""tasks"":9,""started"":9,""wait"":30.0,""unstarted"":0},{""node"":""N6"",""tasks"":3,""started"":2,""wait"":19.0,""unstarted"":1},{""node"":""N7"",""tasks"":6,""started"":6,""wait"":22.833333333333332,""unstarted"":0},{""node"":""N8"",""tasks"":6,""started"":6,""wait"":27.166666666666668,""unstarted"":0}]"
18,1,26,high,rolling_forecast,34,36,0.9333333333333333,21.685714285714287,22.133333333333333,2865,35,5,34,427,10,13,0,2.0280812999990303,22,0,0.17136370753092217,0,"[{""node"":""N3"",""tasks"":3,""started"":3,""wait"":7.666666666666667,""unstarted"":0},{""node"":""N4"",""tasks"":9,""started"":9,""wait"":20.444444444444443,""unstarted"":0},{""node"":""N5"",""tasks"":9,""started"":9,""wait"":29.0,""unstarted"":0},{""node"":""N6"",""tasks"":3,""started"":2,""wait"":19.0,""unstarted"":1},{""node"":""N7"",""tasks"":6,""started"":6,""wait"":23.333333333333332,""unstarted"":0},{""node"":""N8"",""tasks"":6,""started"":6,""wait"":18.833333333333332,""unstarted"":0}]"
18,1,26,high,static,4,36,0.13333333333333333,14.75,14.5,235,4,78,0,115,0,0,0,0.020588400002452545,1,0,0.21610169491525424,2,"[{""node"":""N3"",""tasks"":3,""started"":1,""wait"":7.0,""unstarted"":2},{""node"":""N4"",""tasks"":9,""started"":1,""wait"":13.0,""unstarted"":8},{""node"":""N5"",""tasks"":9,""started"":1,""wait"":16.0,""unstarted"":8},{""node"":""N6"",""tasks"":3,""started"":0,""wait"":null,""unstarted"":3},{""node"":""N7"",""tasks"":6,""started"":1,""wait"":23.0,""unstarted"":5},{""node"":""N8"",""tasks"":6,""started"":0,""wait"":null,""unstarted"":6}]"
18,1,26,low,greedy,12,12,1.0,16.583333333333332,12.6,695,12,0,0,299,0,0,0,0.0043114000000059605,14,14,0.21042026482440992,0,"[{""node"":""N3"",""tasks"":1,""started"":1,""wait"":7.0,""unstarted"":0},{""node"":""N4"",""tasks"":3,""started"":3,""wait"":13.666666666666666,""unstarted"":0},{""node"":""N5"",""tasks"":3,""started"":3,""wait"":13.333333333333334,""unstarted"":0},{""node"":""N6"",""tasks"":1,""started"":1,""wait"":14.0,""unstarted"":0},{""node"":""N7"",""tasks"":2,""started"":2,""wait"":23.0,""unstarted"":0},{""node"":""N8"",""tasks"":2,""started"":2,""wait"":25.5,""unstarted"":0}]"
18,1,26,low,rolling,12,12,1.0,16.583333333333332,12.6,695,12,0,0,299,0,0,0,0.11361909996776376,14,0,0.21042026482440992,0,"[{""node"":""N3"",""tasks"":1,""started"":1,""wait"":7.0,""unstarted"":0},{""node"":""N4"",""tasks"":3,""started"":3,""wait"":13.666666666666666,""unstarted"":0},{""node"":""N5"",""tasks"":3,""started"":3,""wait"":13.333333333333334,""unstarted"":0},{""node"":""N6"",""tasks"":1,""started"":1,""wait"":14.0,""unstarted"":0},{""node"":""N7"",""tasks"":2,""started"":2,""wait"":23.0,""unstarted"":0},{""node"":""N8"",""tasks"":2,""started"":2,""wait"":25.5,""unstarted"":0}]"
18,1,26,low,rolling_forecast,12,12,1.0,15.083333333333334,12.6,645,12,0,0,337,0,0,0,0.10035440002684481,14,0,0.17886962106615284,0,"[{""node"":""N3"",""tasks"":1,""started"":1,""wait"":7.0,""unstarted"":0},{""node"":""N4"",""tasks"":3,""started"":3,""wait"":13.666666666666666,""unstarted"":0},{""node"":""N5"",""tasks"":3,""started"":3,""wait"":13.333333333333334,""unstarted"":0},{""node"":""N6"",""tasks"":1,""started"":1,""wait"":12.0,""unstarted"":0},{""node"":""N7"",""tasks"":2,""started"":2,""wait"":19.5,""unstarted"":0},{""node"":""N8"",""tasks"":2,""started"":2,""wait"":21.0,""unstarted"":0}]"
18,1,26,low,static,4,12,0.4,14.75,14.5,235,4,20,0,115,0,0,0,0.030281100000138395,1,0,0.21610169491525424,2,"[{""node"":""N3"",""tasks"":1,""started"":1,""wait"":7.0,""unstarted"":0},{""node"":""N4"",""tasks"":3,""started"":1,""wait"":13.0,""unstarted"":2},{""node"":""N5"",""tasks"":3,""started"":1,""wait"":16.0,""unstarted"":2},{""node"":""N6"",""tasks"":1,""started"":0,""wait"":null,""unstarted"":1},{""node"":""N7"",""tasks"":2,""started"":1,""wait"":23.0,""unstarted"":1},{""node"":""N8"",""tasks"":2,""started"":0,""wait"":null,""unstarted"":2}]"
18,1,26,medium,greedy,24,24,1.0,17.833333333333332,15.2,1532,24,0,1,405,0,1,0,0.009834300057264045,18,18,0.22236145920356448,0,"[{""node"":""N3"",""tasks"":2,""started"":2,""wait"":5.5,""unstarted"":0},{""node"":""N4"",""tasks"":6,""started"":6,""wait"":15.166666666666666,""unstarted"":0},{""node"":""N5"",""tasks"":6,""started"":6,""wait"":18.833333333333332,""unstarted"":0},{""node"":""N6"",""tasks"":2,""started"":2,""wait"":14.0,""unstarted"":0},{""node"":""N7"",""tasks"":4,""started"":4,""wait"":17.5,""unstarted"":0},{""node"":""N8"",""tasks"":4,""started"":4,""wait"":28.75,""unstarted"":0}]"
18,1,26,medium,rolling,24,24,1.0,17.958333333333332,15.9,1555,24,0,0,359,0,0,0,0.39851360002649017,18,0,0.21615234917987208,0,"[{""node"":""N3"",""tasks"":2,""started"":2,""wait"":5.5,""unstarted"":0},{""node"":""N4"",""tasks"":6,""started"":6,""wait"":15.666666666666666,""unstarted"":0},{""node"":""N5"",""tasks"":6,""started"":6,""wait"":19.5,""unstarted"":0},{""node"":""N6"",""tasks"":2,""started"":2,""wait"":14.0,""unstarted"":0},{""node"":""N7"",""tasks"":4,""started"":4,""wait"":17.5,""unstarted"":0},{""node"":""N8"",""tasks"":4,""started"":4,""wait"":27.75,""unstarted"":0}]"
18,1,26,medium,rolling_forecast,24,24,1.0,16.0,15.4,1404,24,0,0,391,0,2,0,0.404354299971601,18,0,0.14471621197867673,0,"[{""node"":""N3"",""tasks"":2,""started"":2,""wait"":5.5,""unstarted"":0},{""node"":""N4"",""tasks"":6,""started"":6,""wait"":17.166666666666668,""unstarted"":0},{""node"":""N5"",""tasks"":6,""started"":6,""wait"":17.166666666666668,""unstarted"":0},{""node"":""N6"",""tasks"":2,""started"":2,""wait"":14.0,""unstarted"":0},{""node"":""N7"",""tasks"":4,""started"":4,""wait"":16.0,""unstarted"":0},{""node"":""N8"",""tasks"":4,""started"":4,""wait"":18.75,""unstarted"":0}]"
18,1,26,medium,static,4,24,0.2,14.75,14.5,235,4,49,0,115,0,0,0,0.020592600005329587,1,0,0.21610169491525424,2,"[{""node"":""N3"",""tasks"":2,""started"":1,""wait"":7.0,""unstarted"":1},{""node"":""N4"",""tasks"":6,""started"":1,""wait"":13.0,""unstarted"":5},{""node"":""N5"",""tasks"":6,""started"":1,""wait"":16.0,""unstarted"":5},{""node"":""N6"",""tasks"":2,""started"":0,""wait"":null,""unstarted"":2},{""node"":""N7"",""tasks"":4,""started"":1,""wait"":23.0,""unstarted"":3},{""node"":""N8"",""tasks"":4,""started"":0,""wait"":null,""unstarted"":4}]"
19,0.35,8,high,greedy,13,36,0.3333333333333333,22.692307692307693,33.4,1219,13,59,28,126,2,3,0,0.03200900000229012,22,22,0.21220345798150383,2,"[{""node"":""N3"",""tasks"":3,""started"":3,""wait"":10.666666666666666,""unstarted"":0},{""node"":""N4"",""tasks"":9,""started"":5,""wait"":33.4,""unstarted"":4},{""node"":""N5"",""tasks"":9,""started"":0,""wait"":null,""unstarted"":9},{""node"":""N6"",""tasks"":3,""started"":0,""wait"":null,""unstarted"":3},{""node"":""N7"",""tasks"":6,""started"":3,""wait"":18.333333333333332,""unstarted"":3},{""node"":""N8"",""tasks"":6,""started"":2,""wait"":20.5,""unstarted"":4}]"
19,0.35,8,high,rolling,12,36,0.26666666666666666,27.214285714285715,27.25,1361,14,62,100,132,12,16,0,1.7343201000330737,22,0,0.24084668192219685,2,"[{""node"":""N3"",""tasks"":3,""started"":3,""wait"":10.666666666666666,""unstarted"":0},{""node"":""N4"",""tasks"":9,""started"":4,""wait"":27.25,""unstarted"":5},{""node"":""N5"",""tasks"":9,""started"":0,""wait"":null,""unstarted"":9},{""node"":""N6"",""tasks"":3,""started"":0,""wait"":null,""unstarted"":3},{""node"":""N7"",""tasks"":6,""started"":4,""wait"":26.0,""unstarted"":2},{""node"":""N8"",""tasks"":6,""started"":3,""wait"":45.333333333333336,""unstarted"":3}]"
19,0.35,8,high,rolling_forecast,13,36,0.2,26.785714285714285,18.333333333333332,1235,14,61,70,143,10,16,0,1.5523695999436313,22,0,0.29496699669966997,2,"[{""node"":""N3"",""tasks"":3,""started"":3,""wait"":10.666666666666666,""unstarted"":0},{""node"":""N4"",""tasks"":9,""started"":3,""wait"":18.333333333333332,""unstarted"":6},{""node"":""N5"",""tasks"":9,""started"":0,""wait"":null,""unstarted"":9},{""node"":""N6"",""tasks"":3,""started"":0,""wait"":null,""unstarted"":3},{""node"":""N7"",""tasks"":6,""started"":4,""wait"":23.25,""unstarted"":2},{""node"":""N8"",""tasks"":6,""started"":4,""wait"":48.75,""unstarted"":2}]"
19,0.35,8,high,static,3,36,0.06666666666666667,15.333333333333334,14.0,166,3,81,0,81,0,0,0,0.005185300004086457,1,0,0.2028985507246377,3,"[{""node"":""N3"",""tasks"":3,""started"":1,""wait"":9.0,""unstarted"":2},{""node"":""N4"",""tasks"":9,""started"":1,""wait"":14.0,""unstarted"":8},{""node"":""N5"",""tasks"":9,""started"":0,""wait"":null,""unstarted"":9},{""node"":""N6"",""tasks"":3,""started"":0,""wait"":null,""unstarted"":3},{""node"":""N7"",""tasks"":6,""started"":1,""wait"":23.0,""unstarted"":5},{""node"":""N8"",""tasks"":6,""started"":0,""wait"":null,""unstarted"":6}]"
19,0.35,8,low,greedy,7,12,0.6,32.714285714285715,16.333333333333332,785,7,13,68,135,1,3,0,0.0054175000404939055,14,14,0.45191740412979353,1,"[{""node"":""N3"",""tasks"":1,""started"":1,""wait"":9.0,""unstarted"":0},{""node"":""N4"",""tasks"":3,""started"":2,""wait"":19.0,""unstarted"":1},{""node"":""N5"",""tasks"":3,""started"":1,""wait"":11.0,""unstarted"":2},{""node"":""N6"",""tasks"":1,""started"":0,""wait"":null,""unstarted"":1},{""node"":""N7"",""tasks"":2,""started"":2,""wait"":40.5,""unstarted"":0},{""node"":""N8"",""tasks"":2,""started"":1,""wait"":90.0,""unstarted"":1}]"
19,0.35,8,low,rolling,7,12,0.6,23.0,24.0,627,7,13,0,147,0,2,0,0.10081309998349752,14,0,0.21511111111111111,1,"[{""node"":""N3"",""tasks"":1,""started"":1,""wait"":9.0,""unstarted"":0},{""node"":""N4"",""tasks"":3,""started"":2,""wait"":19.0,""unstarted"":1},{""node"":""N5"",""tasks"":3,""started"":1,""wait"":34.0,""unstarted"":2},{""node"":""N6"",""tasks"":1,""started"":0,""wait"":null,""unstarted"":1},{""node"":""N7"",""tasks"":2,""started"":2,""wait"":29.5,""unstarted"":0},{""node"":""N8"",""tasks"":2,""started"":1,""wait"":21.0,""unstarted"":1}]"
19,0.35,8,low,rolling_forecast,7,12,0.6,23.0,24.0,627,7,13,0,147,0,2,0,0.10154329998476896,14,0,0.21511111111111111,1,"[{""node"":""N3"",""tasks"":1,""started"":1,""wait"":9.0,""unstarted"":0},{""node"":""N4"",""tasks"":3,""started"":2,""wait"":19.0,""unstarted"":1},{""node"":""N5"",""tasks"":3,""started"":1,""wait"":34.0,""unstarted"":2},{""node"":""N6"",""tasks"":1,""started"":0,""wait"":null,""unstarted"":1},{""node"":""N7"",""tasks"":2,""started"":2,""wait"":29.5,""unstarted"":0},{""node"":""N8"",""tasks"":2,""started"":1,""wait"":21.0,""unstarted"":1}]"
19,0.35,8,low,static,3,12,0.2,15.333333333333334,14.0,166,3,23,0,81,0,0,0,0.005783899992820807,1,0,0.2028985507246377,3,"[{""node"":""N3"",""tasks"":1,""started"":1,""wait"":9.0,""unstarted"":0},{""node"":""N4"",""tasks"":3,""started"":1,""wait"":14.0,""unstarted"":2},{""node"":""N5"",""tasks"":3,""started"":0,""wait"":null,""unstarted"":3},{""node"":""N6"",""tasks"":1,""started"":0,""wait"":null,""unstarted"":1},{""node"":""N7"",""tasks"":2,""started"":1,""wait"":23.0,""unstarted"":1},{""node"":""N8"",""tasks"":2,""started"":0,""wait"":null,""unstarted"":2}]"
19,0.35,8,medium,greedy,9,24,0.4,21.5,30.0,945,10,38,6,129,2,2,0,0.015568899994832464,18,18,0.29213483146067415,1,"[{""node"":""N3"",""tasks"":2,""started"":2,""wait"":6.0,""unstarted"":0},{""node"":""N4"",""tasks"":6,""started"":4,""wait"":27.25,""unstarted"":2},{""node"":""N5"",""tasks"":6,""started"":1,""wait"":41.0,""unstarted"":5},{""node"":""N6"",""tasks"":2,""started"":0,""wait"":null,""unstarted"":2},{""node"":""N7"",""tasks"":4,""started"":2,""wait"":16.0,""unstarted"":2},{""node"":""N8"",""tasks"":4,""started"":1,""wait"":21.0,""unstarted"":3}]"
19,0.35,8,medium,rolling,10,24,0.4,19.727272727272727,27.6,927,11,36,5,131,3,3,0,0.5145757000282174,18,0,0.2391644908616188,1,"[{""node"":""N3"",""tasks"":2,""started"":2,""wait"":6.0,""unstarted"":0},{""node"":""N4"",""tasks"":6,""started"":4,""wait"":27.25,""unstarted"":2},{""node"":""N5"",""tasks"":6,""started"":1,""wait"":29.0,""unstarted"":5},{""node"":""N6"",""tasks"":2,""started"":0,""wait"":null,""unstarted"":2},{""node"":""N7"",""tasks"":4,""started"":2,""wait"":16.0,""unstarted"":2},{""node"":""N8"",""tasks"":4,""started"":2,""wait"":17.5,""unstarted"":2}]"
19,0.35,8,medium,rolling_forecast,10,24,0.4,19.727272727272727,27.6,927,11,36,5,131,3,3,0,0.5160461999766994,18,0,0.2391644908616188,1,"[{""node"":""N3"",""tasks"":2,""started"":2,""wait"":6.0,""unstarted"":0},{""node"":""N4"",""tasks"":6,""started"":4,""wait"":27.25,""unstarted"":2},{""node"":""N5"",""tasks"":6,""started"":1,""wait"":29.0,""unstarted"":5},{""node"":""N6"",""tasks"":2,""started"":0,""wait"":null,""unstarted"":2},{""node"":""N7"",""tasks"":4,""started"":2,""wait"":16.0,""unstarted"":2},{""node"":""N8"",""tasks"":4,""started"":2,""wait"":17.5,""unstarted"":2}]"
19,0.35,8,medium,static,3,24,0.1,15.333333333333334,14.0,166,3,52,0,81,0,0,0,0.005819600002723746,1,0,0.2028985507246377,3,"[{""node"":""N3"",""tasks"":2,""started"":1,""wait"":9.0,""unstarted"":1},{""node"":""N4"",""tasks"":6,""started"":1,""wait"":14.0,""unstarted"":5},{""node"":""N5"",""tasks"":6,""started"":0,""wait"":null,""unstarted"":6},{""node"":""N6"",""tasks"":2,""started"":0,""wait"":null,""unstarted"":2},{""node"":""N7"",""tasks"":4,""started"":1,""wait"":23.0,""unstarted"":3},{""node"":""N8"",""tasks"":4,""started"":0,""wait"":null,""unstarted"":4}]"
19,0.5,11,high,greedy,14,36,0.4666666666666667,30.0,38.5,1966,15,55,111,183,20,10,0,0.03830079996259883,22,22,0.29219015280135824,1,"[{""node"":""N3"",""tasks"":3,""started"":3,""wait"":10.666666666666666,""unstarted"":0},{""node"":""N4"",""tasks"":9,""started"":5,""wait"":44.4,""unstarted"":4},{""node"":""N5"",""tasks"":9,""started"":3,""wait"":28.666666666666668,""unstarted"":6},{""node"":""N6"",""tasks"":3,""started"":0,""wait"":null,""unstarted"":3},{""node"":""N7"",""tasks"":6,""started"":3,""wait"":18.333333333333332,""unstarted"":3},{""node"":""N8"",""tasks"":6,""started"":1,""wait"":55.0,""unstarted"":5}]"
19,0.5,11,high,rolling,19,36,0.5333333333333333,31.7,39.333333333333336,2610,20,44,161,233,18,33,0,2.6812176999956137,22,0,0.2539799085538832,1,"[{""node"":""N3"",""tasks"":3,""started"":3,""wait"":10.666666666666666,""unstarted"":0},{""node"":""N4"",""tasks"":9,""started"":7,""wait"":44.714285714285715,""unstarted"":2},{""node"":""N5"",""tasks"":9,""started"":2,""wait"":20.5,""unstarted"":7},{""node"":""N6"",""tasks"":3,""started"":0,""wait"":null,""unstarted"":3},{""node"":""N7"",""tasks"":6,""started"":5,""wait"":23.8,""unstarted"":1},{""node"":""N8"",""tasks"":6,""started"":3,""wait"":43.0,""unstarted"":3}]"
19,0.5,11,high,rolling_forecast,15,36,0.4,32.76470588235294,38.142857142857146,2205,17,54,156,241,11,50,0,2.5186252999992575,22,1,0.2857994041708043,1,"[{""node"":""N3"",""tasks"":3,""started"":3,""wait"":10.666666666666666,""unstarted"":0},{""node"":""N4"",""tasks"":9,""started"":4,""wait"":32.75,""unstarted"":5},{""node"":""N5"",""tasks"":9,""started"":3,""wait"":45.333333333333336,""unstarted"":6},{""node"":""N6"",""tasks"":3,""started"":0,""wait"":null,""unstarted"":3},{""node"":""N7"",""tasks"":6,""started"":4,""wait"":20.75,""unstarted"":2},{""node"":""N8"",""tasks"":6,""started"":3,""wait"":58.333333333333336,""unstarted"":3}]"
19,0.5,11,high,static,4,36,0.13333333333333333,16.0,16.0,256,4,78,0,126,0,0,0,0.009908499996527098,1,0,0.1796875,2,"[{""node"":""N3"",""tasks"":3,""started"":1,""wait"":9.0,""unstarted"":2},{""node"":""N4"",""tasks"":9,""started"":1,""wait"":14.0,""unstarted"":8},{""node"":""N5"",""tasks"":9,""started"":1,""wait"":18.0,""unstarted"":8},{""node"":""N6"",""tasks"":3,""started"":0,""wait"":null,""unstarted"":3},{""node"":""N7"",""tasks"":6,""started"":1,""wait"":23.0,""unstarted"":5},{""node"":""N8"",""tasks"":6,""started"":0,""wait"":null,""unstarted"":6}]"
19,0.5,11,low,greedy,9,12,1.0,26.1,16.4,947,10,7,26,230,0,2,0,0.004176600006758235,14,14,0.32755905511811023,1,"[{""node"":""N3"",""tasks"":1,""started"":1,""wait"":9.0,""unstarted"":0},{""node"":""N4"",""tasks"":3,""started"":3,""wait"":16.0,""unstarted"":0},{""node"":""N5"",""tasks"":3,""started"":2,""wait"":17.0,""unstarted"":1},{""node"":""N6"",""tasks"":1,""started"":0,""wait"":null,""unstarted"":1},{""node"":""N7"",""tasks"":2,""started"":2,""wait"":32.0,""unstarted"":0},{""node"":""N8"",""tasks"":2,""started"":2,""wait"":53.0,""unstarted"":0}]"
19,0.5,11,low,rolling,10,12,1.0,21.0,19.8,828,10,5,0,221,0,0,0,0.08580229997460265,14,0,0.1652892561983471,1,"[{""node"":""N3"",""tasks"":1,""started"":1,""wait"":9.0,""unstarted"":0},{""node"":""N4"",""tasks"":3,""started"":3,""wait"":17.333333333333332,""unstarted"":0},{""node"":""N5"",""tasks"":3,""started"":2,""wait"":23.5,""unstarted"":1},{""node"":""N6"",""tasks"":1,""started"":0,""wait"":null,""unstarted"":1},{""node"":""N7"",""tasks"":2,""started"":2,""wait"":25.0,""unstarted"":0},{""node"":""N8"",""tasks"":2,""started"":2,""wait"":26.0,""unstarted"":0}]"
19,0.5,11,low,rolling_forecast,10,12,1.0,21.0,19.8,828,10,5,0,221,0,0,0,0.0888758999935817,14,0,0.1652892561983471,1,"[{""node"":""N3"",""tasks"":1,""started"":1,""wait"":9.0,""unstarted"":0},{""node"":""N4"",""tasks"":3,""started"":3,""wait"":17.333333333333332,""unstarted"":0},{""node"":""N5"",""tasks"":3,""started"":2,""wait"":23.5,""unstarted"":1},{""node"":""N6"",""tasks"":1,""started"":0,""wait"":null,""unstarted"":1},{""node"":""N7"",""tasks"":2,""started"":2,""wait"":25.0,""unstarted"":0},{""node"":""N8"",""tasks"":2,""started"":2,""wait"":26.0,""unstarted"":0}]"
19,0.5,11,low,static,4,12,0.4,16.0,16.0,256,4,20,0,126,0,0,0,0.01040379999903962,1,0,0.1796875,2,"[{""node"":""N3"",""tasks"":1,""started"":1,""wait"":9.0,""unstarted"":0},{""node"":""N4"",""tasks"":3,""started"":1,""wait"":14.0,""unstarted"":2},{""node"":""N5"",""tasks"":3,""started"":1,""wait"":18.0,""unstarted"":2},{""node"":""N6"",""tasks"":1,""started"":0,""wait"":null,""unstarted"":1},{""node"":""N7"",""tasks"":2,""started"":1,""wait"":23.0,""unstarted"":1},{""node"":""N8"",""tasks"":2,""started"":0,""wait"":null,""unstarted"":2}]"
19,0.5,11,medium,greedy,13,24,0.8,26.714285714285715,30.555555555555557,1672,14,26,47,197,10,6,0,0.014593799991416745,18,18,0.32921212121212123,1,"[{""node"":""N3"",""tasks"":2,""started"":2,""wait"":6.0,""unstarted"":0},{""node"":""N4"",""tasks"":6,""started"":6,""wait"":31.166666666666668,""unstarted"":0},{""node"":""N5"",""tasks"":6,""started"":3,""wait"":29.333333333333332,""unstarted"":3},{""node"":""N6"",""tasks"":2,""started"":0,""wait"":null,""unstarted"":2},{""node"":""N7"",""tasks"":4,""started"":2,""wait"":16.0,""unstarted"":2},{""node"":""N8"",""tasks"":4,""started"":1,""wait"":55.0,""unstarted"":3}]"
19,0.5,11,medium,rolling,16,24,0.8,26.823529411764707,31.555555555555557,1936,17,20,52,230,4,12,0,0.5574103000253672,18,0,0.20987306064880112,1,"[{""node"":""N3"",""tasks"":2,""started"":2,""wait"":6.0,""unstarted"":0},{""node"":""N4"",""tasks"":6,""started"":6,""wait"":33.5,""unstarted"":0},{""node"":""N5"",""tasks"":6,""started"":3,""wait"":27.666666666666668,""unstarted"":3},{""node"":""N6"",""tasks"":2,""started"":0,""wait"":null,""unstarted"":2},{""node"":""N7"",""tasks"":4,""started"":4,""wait"":29.0,""unstarted"":0},{""node"":""N8"",""tasks"":4,""started"":2,""wait"":22.0,""unstarted"":2}]"
19,0.5,11,medium,rolling_forecast,16,24,0.8,26.823529411764707,31.555555555555557,1936,17,20,52,230,4,12,0,0.5612424999999348,18,0,0.20987306064880112,1,"[{""node"":""N3"",""tasks"":2,""started"":2,""wait"":6.0,""unstarted"":0},{""node"":""N4"",""tasks"":6,""started"":6,""wait"":33.5,""unstarted"":0},{""node"":""N5"",""tasks"":6,""started"":3,""wait"":27.666666666666668,""unstarted"":3},{""node"":""N6"",""tasks"":2,""started"":0,""wait"":null,""unstarted"":2},{""node"":""N7"",""tasks"":4,""started"":4,""wait"":29.0,""unstarted"":0},{""node"":""N8"",""tasks"":4,""started"":2,""wait"":22.0,""unstarted"":2}]"
19,0.5,11,medium,static,4,24,0.2,16.0,16.0,256,4,49,0,126,0,0,0,0.013080800010357052,1,0,0.1796875,2,"[{""node"":""N3"",""tasks"":2,""started"":1,""wait"":9.0,""unstarted"":1},{""node"":""N4"",""tasks"":6,""started"":1,""wait"":14.0,""unstarted"":5},{""node"":""N5"",""tasks"":6,""started"":1,""wait"":18.0,""unstarted"":5},{""node"":""N6"",""tasks"":2,""started"":0,""wait"":null,""unstarted"":2},{""node"":""N7"",""tasks"":4,""started"":1,""wait"":23.0,""unstarted"":3},{""node"":""N8"",""tasks"":4,""started"":0,""wait"":null,""unstarted"":4}]"
19,0.75,18,high,greedy,22,36,0.6666666666666666,28.72,35.61538461538461,3006,25,33,99,319,18,13,0,0.03794789998210035,22,22,0.26106519742883383,0,"[{""node"":""N3"",""tasks"":3,""started"":3,""wait"":6.666666666666667,""unstarted"":0},{""node"":""N4"",""tasks"":9,""started"":8,""wait"":38.0,""unstarted"":1},{""node"":""N5"",""tasks"":9,""started"":8,""wait"":33.75,""unstarted"":1},{""node"":""N6"",""tasks"":3,""started"":2,""wait"":18.5,""unstarted"":1},{""node"":""N7"",""tasks"":6,""started"":3,""wait"":16.333333333333332,""unstarted"":3},{""node"":""N8"",""tasks"":6,""started"":1,""wait"":38.0,""unstarted"":5}]"
19,0.75,18,high,rolling,27,36,0.6666666666666666,27.133333333333333,32.25,3172,30,23,96,349,31,13,0,2.704701800001203,22,0,0.2114868647094022,0,"[{""node"":""N3"",""tasks"":3,""started"":3,""wait"":6.666666666666667,""unstarted"":0},{""node"":""N4"",""tasks"":9,""started"":8,""wait"":33.375,""unstarted"":1},{""node"":""N5"",""tasks"":9,""started"":7,""wait"":33.0,""unstarted"":2},{""node"":""N6"",""tasks"":3,""started"":1,""wait"":22.0,""unstarted"":2},{""node"":""N7"",""tasks"":6,""started"":5,""wait"":19.2,""unstarted"":1},{""node"":""N8"",""tasks"":6,""started"":6,""wait"":29.666666666666668,""unstarted"":0}]"
19,0.75,18,high,rolling_forecast,27,36,0.7333333333333333,27.29032258064516,33.15384615384615,3292,31,23,130,335,31,38,0,2.3289441999804694,22,1,0.23319892473118278,0,"[{""node"":""N3"",""tasks"":3,""started"":3,""wait"":6.666666666666667,""unstarted"":0},{""node"":""N4"",""tasks"":9,""started"":8,""wait"":35.625,""unstarted"":1},{""node"":""N5"",""tasks"":9,""started"":8,""wait"":35.625,""unstarted"":1},{""node"":""N6"",""tasks"":3,""started"":2,""wait"":27.0,""unstarted"":1},{""node"":""N7"",""tasks"":6,""started"":4,""wait"":18.25,""unstarted"":2},{""node"":""N8"",""tasks"":6,""started"":6,""wait"":21.5,""unstarted"":0}]"
19,0.75,18,high,static,4,36,0.13333333333333333,14.0,14.0,224,4,78,0,110,0,0,0,0.012068099997122772,1,0,0.20535714285714285,2,"[{""node"":""N3"",""tasks"":3,""started"":1,""wait"":7.0,""unstarted"":2},{""node"":""N4"",""tasks"":9,""started"":1,""wait"":12.0,""unstarted"":8},{""node"":""N5"",""tasks"":9,""started"":1,""wait"":16.0,""unstarted"":8},{""node"":""N6"",""tasks"":3,""started"":0,""wait"":null,""unstarted"":3},{""node"":""N7"",""tasks"":6,""started"":1,""wait"":21.0,""unstarted"":5},{""node"":""N8"",""tasks"":6,""started"":0,""wait"":null,""unstarted"":6}]"
19,0.75,18,low,greedy,12,12,1.0,15.583333333333334,11.8,651,12,0,0,272,0,0,0,0.0030398999952012673,14,14,0.1983546617915905,0,"[{""node"":""N3"",""tasks"":1,""started"":1,""wait"":7.0,""unstarted"":0},{""node"":""N4"",""tasks"":3,""started"":3,""wait"":12.666666666666666,""unstarted"":0},{""node"":""N5"",""tasks"":3,""started"":3,""wait"":13.0,""unstarted"":0},{""node"":""N6"",""tasks"":1,""started"":1,""wait"":14.0,""unstarted"":0},{""node"":""N7"",""tasks"":2,""started"":2,""wait"":21.0,""unstarted"":0},{""node"":""N8"",""tasks"":2,""started"":2,""wait"":23.5,""unstarted"":0}]"
19,0.75,18,low,rolling,12,12,1.0,15.583333333333334,11.8,651,12,0,0,272,0,0,0,0.067094999976689,14,0,0.1983546617915905,0,"[{""node"":""N3"",""tasks"":1,""started"":1,""wait"":7.0,""unstarted"":0},{""node"":""N4"",""tasks"":3,""started"":3,""wait"":12.666666666666666,""unstarted"":0},{""node"":""N5"",""tasks"":3,""started"":3,""wait"":13.0,""unstarted"":0},{""node"":""N6"",""tasks"":1,""started"":1,""wait"":14.0,""unstarted"":0},{""node"":""N7"",""tasks"":2,""started"":2,""wait"":21.0,""unstarted"":0},{""node"":""N8"",""tasks"":2,""started"":2,""wait"":23.5,""unstarted"":0}]"
19,0.75,18,low,rolling_forecast,12,12,1.0,14.083333333333334,11.8,597,12,0,0,297,0,0,0,0.07602030000998639,14,0,0.14705882352941177,0,"[{""node"":""N3"",""tasks"":1,""started"":1,""wait"":7.0,""unstarted"":0},{""node"":""N4"",""tasks"":3,""started"":3,""wait"":12.666666666666666,""unstarted"":0},{""node"":""N5"",""tasks"":3,""started"":3,""wait"":13.0,""unstarted"":0},{""node"":""N6"",""tasks"":1,""started"":1,""wait"":14.0,""unstarted"":0},{""node"":""N7"",""tasks"":2,""started"":2,""wait"":16.5,""unstarted"":0},{""node"":""N8"",""tasks"":2,""started"":2,""wait"":19.0,""unstarted"":0}]"
19,0.75,18,low,static,4,12,0.4,14.0,14.0,224,4,20,0,110,0,0,0,0.012071400007698685,1,0,0.20535714285714285,2,"[{""node"":""N3"",""tasks"":1,""started"":1,""wait"":7.0,""unstarted"":0},{""node"":""N4"",""tasks"":3,""started"":1,""wait"":12.0,""unstarted"":2},{""node"":""N5"",""tasks"":3,""started"":1,""wait"":16.0,""unstarted"":2},{""node"":""N6"",""tasks"":1,""started"":0,""wait"":null,""unstarted"":1},{""node"":""N7"",""tasks"":2,""started"":1,""wait"":21.0,""unstarted"":1},{""node"":""N8"",""tasks"":2,""started"":0,""wait"":null,""unstarted"":2}]"
19,0.75,18,medium,greedy,18,24,0.9,24.952380952380953,20.9,1990,21,13,64,324,6,10,0,0.01070589997107163,18,18,0.3198924731182796,1,"[{""node"":""N3"",""tasks"":2,""started"":2,""wait"":4.0,""unstarted"":0},{""node"":""N4"",""tasks"":6,""started"":6,""wait"":20.166666666666668,""unstarted"":0},{""node"":""N5"",""tasks"":6,""started"":6,""wait"":23.166666666666668,""unstarted"":0},{""node"":""N6"",""tasks"":2,""started"":0,""wait"":null,""unstarted"":2},{""node"":""N7"",""tasks"":4,""started"":4,""wait"":26.0,""unstarted"":0},{""node"":""N8"",""tasks"":4,""started"":3,""wait"":50.666666666666664,""unstarted"":1}]"
19,0.75,18,medium,rolling,23,24,0.9,20.75,23.2,1866,24,3,10,300,0,0,0,0.34459930000593886,18,0,0.24047098810390874,0,"[{""node"":""N3"",""tasks"":2,""started"":2,""wait"":4.0,""unstarted"":0},{""node"":""N4"",""tasks"":6,""started"":6,""wait"":21.666666666666668,""unstarted"":0},{""node"":""N5"",""tasks"":6,""started"":6,""wait"":25.5,""unstarted"":0},{""node"":""N6"",""tasks"":2,""started"":2,""wait"":23.0,""unstarted"":0},{""node"":""N7"",""tasks"":4,""started"":4,""wait"":11.75,""unstarted"":0},{""node"":""N8"",""tasks"":4,""started"":4,""wait"":28.5,""unstarted"":0}]"
19,0.75,18,medium,rolling_forecast,23,24,1.0,20.708333333333332,22.7,1893,24,2,51,352,2,7,0,0.3757165999850258,18,0,0.21533586818757922,0,"[{""node"":""N3"",""tasks"":2,""started"":2,""wait"":4.0,""unstarted"":0},{""node"":""N4"",""tasks"":6,""started"":6,""wait"":24.5,""unstarted"":0},{""node"":""N5"",""tasks"":6,""started"":6,""wait"":21.833333333333332,""unstarted"":0},{""node"":""N6"",""tasks"":2,""started"":2,""wait"":13.0,""unstarted"":0},{""node"":""N7"",""tasks"":4,""started"":4,""wait"":25.25,""unstarted"":0},{""node"":""N8"",""tasks"":4,""started"":4,""wait"":21.0,""unstarted"":0}]"
19,0.75,18,medium,static,4,24,0.2,14.0,14.0,224,4,49,0,110,0,0,0,0.011803200002759695,1,0,0.20535714285714285,2,"[{""node"":""N3"",""tasks"":2,""started"":1,""wait"":7.0,""unstarted"":1},{""node"":""N4"",""tasks"":6,""started"":1,""wait"":12.0,""unstarted"":5},{""node"":""N5"",""tasks"":6,""started"":1,""wait"":16.0,""unstarted"":5},{""node"":""N6"",""tasks"":2,""started"":0,""wait"":null,""unstarted"":2},{""node"":""N7"",""tasks"":4,""started"":1,""wait"":21.0,""unstarted"":3},{""node"":""N8"",""tasks"":4,""started"":0,""wait"":null,""unstarted"":4}]"
19,1,26,high,greedy,25,36,0.9333333333333333,25.703703703703702,24.466666666666665,2816,27,23,71,437,33,20,0,0.04899110003316309,22,22,0.30976909413854353,1,"[{""node"":""N3"",""tasks"":3,""started"":3,""wait"":6.666666666666667,""unstarted"":0},{""node"":""N4"",""tasks"":9,""started"":9,""wait"":24.555555555555557,""unstarted"":0},{""node"":""N5"",""tasks"":9,""started"":9,""wait"":28.555555555555557,""unstarted"":0},{""node"":""N6"",""tasks"":3,""started"":0,""wait"":null,""unstarted"":3},{""node"":""N7"",""tasks"":6,""started"":3,""wait"":16.333333333333332,""unstarted"":3},{""node"":""N8"",""tasks"":6,""started"":3,""wait"":49.0,""unstarted"":3}]"
19,1,26,high,rolling,34,36,0.8666666666666667,21.88888888888889,21.733333333333334,2916,36,6,31,402,6,10,0,2.101885800017044,22,0,0.2095616908438621,0,"[{""node"":""N3"",""tasks"":3,""started"":3,""wait"":6.666666666666667,""unstarted"":0},{""node"":""N4"",""tasks"":9,""started"":9,""wait"":18.333333333333332,""unstarted"":0},{""node"":""N5"",""tasks"":9,""started"":9,""wait"":30.22222222222222,""unstarted"":0},{""node"":""N6"",""tasks"":3,""started"":3,""wait"":16.666666666666668,""unstarted"":0},{""node"":""N7"",""tasks"":6,""started"":6,""wait"":20.333333333333332,""unstarted"":0},{""node"":""N8"",""tasks"":6,""started"":6,""wait"":26.5,""unstarted"":0}]"
19,1,26,high,rolling_forecast,35,36,0.9333333333333333,21.36111111111111,22.4,2879,36,3,28,384,6,10,0,2.0209695999656105,22,0,0.1985507246376812,0,"[{""node"":""N3"",""tasks"":3,""started"":3,""wait"":6.666666666666667,""unstarted"":0},{""node"":""N4"",""tasks"":9,""started"":9,""wait"":19.11111111111111,""unstarted"":0},{""node"":""N5"",""tasks"":9,""started"":9,""wait"":30.555555555555557,""unstarted"":0},{""node"":""N6"",""tasks"":3,""started"":3,""wait"":16.666666666666668,""unstarted"":0},{""node"":""N7"",""tasks"":6,""started"":6,""wait"":22.333333333333332,""unstarted"":0},{""node"":""N8"",""tasks"":6,""started"":6,""wait"":19.666666666666668,""unstarted"":0}]"
19,1,26,high,static,4,36,0.13333333333333333,14.0,14.0,224,4,78,0,110,0,0,0,0.023789999992004596,1,0,0.20535714285714285,2,"[{""node"":""N3"",""tasks"":3,""started"":1,""wait"":7.0,""unstarted"":2},{""node"":""N4"",""tasks"":9,""started"":1,""wait"":12.0,""unstarted"":8},{""node"":""N5"",""tasks"":9,""started"":1,""wait"":16.0,""unstarted"":8},{""node"":""N6"",""tasks"":3,""started"":0,""wait"":null,""unstarted"":3},{""node"":""N7"",""tasks"":6,""started"":1,""wait"":21.0,""unstarted"":5},{""node"":""N8"",""tasks"":6,""started"":0,""wait"":null,""unstarted"":6}]"
19,1,26,low,greedy,12,12,1.0,15.5,11.8,650,12,0,0,271,0,0,0,0.004314900012104772,14,14,0.1987060998151571,0,"[{""node"":""N3"",""tasks"":1,""started"":1,""wait"":7.0,""unstarted"":0},{""node"":""N4"",""tasks"":3,""started"":3,""wait"":12.666666666666666,""unstarted"":0},{""node"":""N5"",""tasks"":3,""started"":3,""wait"":13.0,""unstarted"":0},{""node"":""N6"",""tasks"":1,""started"":1,""wait"":13.0,""unstarted"":0},{""node"":""N7"",""tasks"":2,""started"":2,""wait"":21.0,""unstarted"":0},{""node"":""N8"",""tasks"":2,""started"":2,""wait"":23.5,""unstarted"":0}]"
19,1,26,low,rolling,12,12,1.0,15.5,11.8,650,12,0,0,271,0,0,0,0.10716710000997409,14,0,0.1987060998151571,0,"[{""node"":""N3"",""tasks"":1,""started"":1,""wait"":7.0,""unstarted"":0},{""node"":""N4"",""tasks"":3,""started"":3,""wait"":12.666666666666666,""unstarted"":0},{""node"":""N5"",""tasks"":3,""started"":3,""wait"":13.0,""unstarted"":0},{""node"":""N6"",""tasks"":1,""started"":1,""wait"":13.0,""unstarted"":0},{""node"":""N7"",""tasks"":2,""started"":2,""wait"":21.0,""unstarted"":0},{""node"":""N8"",""tasks"":2,""started"":2,""wait"":23.5,""unstarted"":0}]"
19,1,26,low,rolling_forecast,12,12,1.0,13.833333333333334,11.8,594,12,0,0,315,0,0,0,0.0991432000300847,14,0,0.16175438596491232,0,"[{""node"":""N3"",""tasks"":1,""started"":1,""wait"":7.0,""unstarted"":0},{""node"":""N4"",""tasks"":3,""started"":3,""wait"":12.666666666666666,""unstarted"":0},{""node"":""N5"",""tasks"":3,""started"":3,""wait"":13.0,""unstarted"":0},{""node"":""N6"",""tasks"":1,""started"":1,""wait"":11.0,""unstarted"":0},{""node"":""N7"",""tasks"":2,""started"":2,""wait"":16.5,""unstarted"":0},{""node"":""N8"",""tasks"":2,""started"":2,""wait"":19.0,""unstarted"":0}]"
19,1,26,low,static,4,12,0.4,14.0,14.0,224,4,20,0,110,0,0,0,0.026626300008501858,1,0,0.20535714285714285,2,"[{""node"":""N3"",""tasks"":1,""started"":1,""wait"":7.0,""unstarted"":0},{""node"":""N4"",""tasks"":3,""started"":1,""wait"":12.0,""unstarted"":2},{""node"":""N5"",""tasks"":3,""started"":1,""wait"":16.0,""unstarted"":2},{""node"":""N6"",""tasks"":1,""started"":0,""wait"":null,""unstarted"":1},{""node"":""N7"",""tasks"":2,""started"":1,""wait"":21.0,""unstarted"":1},{""node"":""N8"",""tasks"":2,""started"":0,""wait"":null,""unstarted"":2}]"
19,1,26,medium,greedy,24,24,1.0,17.416666666666668,15.8,1518,24,0,0,368,0,0,0,0.009123299983912148,18,18,0.2526881720430108,0,"[{""node"":""N3"",""tasks"":2,""started"":2,""wait"":4.0,""unstarted"":0},{""node"":""N4"",""tasks"":6,""started"":6,""wait"":14.333333333333334,""unstarted"":0},{""node"":""N5"",""tasks"":6,""started"":6,""wait"":20.5,""unstarted"":0},{""node"":""N6"",""tasks"":2,""started"":2,""wait"":13.0,""unstarted"":0},{""node"":""N7"",""tasks"":4,""started"":4,""wait"":15.5,""unstarted"":0},{""node"":""N8"",""tasks"":4,""started"":4,""wait"":28.25,""unstarted"":0}]"
19,1,26,medium,rolling,24,24,1.0,16.625,14.5,1435,24,0,0,363,0,0,0,0.3740113000094425,18,0,0.2428226050166213,0,"[{""node"":""N3"",""tasks"":2,""started"":2,""wait"":4.0,""unstarted"":0},{""node"":""N4"",""tasks"":6,""started"":6,""wait"":14.333333333333334,""unstarted"":0},{""node"":""N5"",""tasks"":6,""started"":6,""wait"":18.333333333333332,""unstarted"":0},{""node"":""N6"",""tasks"":2,""started"":2,""wait"":13.0,""unstarted"":0},{""node"":""N7"",""tasks"":4,""started"":4,""wait"":14.75,""unstarted"":0},{""node"":""N8"",""tasks"":4,""started"":4,""wait"":27.5,""unstarted"":0}]"
19,1,26,medium,rolling_forecast,24,24,1.0,14.791666666666666,14.3,1299,24,0,0,382,0,2,0,0.42784379998920485,18,0,0.17591640972935937,0,"[{""node"":""N3"",""tasks"":2,""started"":2,""wait"":4.0,""unstarted"":0},{""node"":""N4"",""tasks"":6,""started"":6,""wait"":15.833333333333334,""unstarted"":0},{""node"":""N5"",""tasks"":6,""started"":6,""wait"":16.5,""unstarted"":0},{""node"":""N6"",""tasks"":2,""started"":2,""wait"":13.0,""unstarted"":0},{""node"":""N7"",""tasks"":4,""started"":4,""wait"":13.25,""unstarted"":0},{""node"":""N8"",""tasks"":4,""started"":4,""wait"":18.5,""unstarted"":0}]"
19,1,26,medium,static,4,24,0.2,14.0,14.0,224,4,49,0,110,0,0,0,0.027540499999304302,1,0,0.20535714285714285,2,"[{""node"":""N3"",""tasks"":2,""started"":1,""wait"":7.0,""unstarted"":1},{""node"":""N4"",""tasks"":6,""started"":1,""wait"":12.0,""unstarted"":5},{""node"":""N5"",""tasks"":6,""started"":1,""wait"":16.0,""unstarted"":5},{""node"":""N6"",""tasks"":2,""started"":0,""wait"":null,""unstarted"":2},{""node"":""N7"",""tasks"":4,""started"":1,""wait"":21.0,""unstarted"":3},{""node"":""N8"",""tasks"":4,""started"":0,""wait"":null,""unstarted"":4}]"
